0 verbose cli /opt/homebrew/Cellar/node@24/24.19.0/bin/node /opt/homebrew/opt/node@24/bin/npm
1 info using npm@11.17.0
2 info using node@v24.19.0
3 silly config load:file:/opt/homebrew/Cellar/node@24/24.19.0/lib/node_modules/npm/npmrc
4 silly config load:file:/Users/schayan/Documents/Codex/2026-09-27/familaire-yourself-with-and-and-then/cardfolio/.npmrc
5 silly config load:file:/Users/schayan/.npmrc
6 silly config load:file:/opt/homebrew/etc/npmrc
7 verbose title npm install
8 verbose argv "install"
9 verbose logfile logs-max:10 dir:/Users/schayan/Documents/Codex/2026-09-27/familaire-yourself-with-and-and-then/cardfolio/.npm-cache/_logs/2026-09-27T08_44_54_628Z-
10 verbose logfile /Users/schayan/Documents/Codex/2026-09-27/familaire-yourself-with-and-and-then/cardfolio/.npm-cache/_logs/2026-09-27T08_44_54_628Z-debug-0.log
11 silly logfile done cleaning log files
12 silly packumentCache heap:4496293888 maxSize:1124073472 maxEntrySize:562036736
13 silly idealTree buildDeps
14 silly fetch manifest next@16.3.6
15 silly packumentCache full:https://registry.npmjs.org/next cache-miss
16 http fetch GET 200 https://registry.npmjs.org/npm 165ms
17 http fetch GET 200 https://registry.npmjs.org/next 512ms (cache miss)
18 silly packumentCache full:https://registry.npmjs.org/next set size:undefined disposed:false
19 silly fetch manifest @opentelemetry/api@^1.1.0
20 silly packumentCache full:https://registry.npmjs.org/@opentelemetry%2fapi cache-miss
21 http fetch GET 200 https://registry.npmjs.org/@opentelemetry%2fapi 59ms (cache miss)
22 silly packumentCache full:https://registry.npmjs.org/@opentelemetry%2fapi set size:undefined disposed:false
23 silly fetch manifest @playwright/test@^1.51.1
24 silly packumentCache full:https://registry.npmjs.org/@playwright%2ftest cache-miss
25 http fetch GET 200 https://registry.npmjs.org/@playwright%2ftest 537ms (cache miss)
26 silly packumentCache full:https://registry.npmjs.org/@playwright%2ftest set size:undefined disposed:false
27 silly fetch manifest babel-plugin-react-compiler@*
28 silly packumentCache full:https://registry.npmjs.org/babel-plugin-react-compiler cache-miss
29 http fetch GET 200 https://registry.npmjs.org/babel-plugin-react-compiler 59ms (cache miss)
30 silly packumentCache full:https://registry.npmjs.org/babel-plugin-react-compiler set size:undefined disposed:false
31 silly fetch manifest react@19.2.8
32 silly packumentCache full:https://registry.npmjs.org/react cache-miss
33 http fetch GET 200 https://registry.npmjs.org/react 182ms (cache miss)
34 silly packumentCache full:https://registry.npmjs.org/react set size:undefined disposed:false
35 silly fetch manifest react-dom@19.2.8
36 silly packumentCache full:https://registry.npmjs.org/react-dom cache-miss
37 http fetch GET 200 https://registry.npmjs.org/react-dom 239ms (cache miss)
38 silly packumentCache full:https://registry.npmjs.org/react-dom set size:undefined disposed:false
39 silly fetch manifest sass@^1.3.0
40 silly packumentCache full:https://registry.npmjs.org/sass cache-miss
41 http fetch GET 200 https://registry.npmjs.org/sass 55ms (cache miss)
42 silly packumentCache full:https://registry.npmjs.org/sass set size:undefined disposed:false
43 silly fetch manifest @tailwindcss/postcss@^4
44 silly packumentCache full:https://registry.npmjs.org/@tailwindcss%2fpostcss cache-miss
45 http fetch GET 200 https://registry.npmjs.org/@tailwindcss%2fpostcss 417ms (cache miss)
46 silly packumentCache full:https://registry.npmjs.org/@tailwindcss%2fpostcss set size:undefined disposed:false
47 silly fetch manifest @types/node@^20
48 silly packumentCache full:https://registry.npmjs.org/@types%2fnode cache-miss
49 http fetch GET 200 https://registry.npmjs.org/@types%2fnode 191ms (cache miss)
50 silly packumentCache full:https://registry.npmjs.org/@types%2fnode set size:undefined disposed:false
51 silly fetch manifest @types/react@^19
52 silly packumentCache full:https://registry.npmjs.org/@types%2freact cache-miss
53 http fetch GET 200 https://registry.npmjs.org/@types%2freact 115ms (cache miss)
54 silly packumentCache full:https://registry.npmjs.org/@types%2freact set size:undefined disposed:false
55 silly fetch manifest @types/react-dom@^19
56 silly packumentCache full:https://registry.npmjs.org/@types%2freact-dom cache-miss
57 http fetch GET 200 https://registry.npmjs.org/@types%2freact-dom 45ms (cache miss)
58 silly packumentCache full:https://registry.npmjs.org/@types%2freact-dom set size:undefined disposed:false
59 silly fetch manifest eslint@^9
60 silly packumentCache full:https://registry.npmjs.org/eslint cache-miss
61 http fetch GET 200 https://registry.npmjs.org/eslint 82ms (cache miss)
62 silly packumentCache full:https://registry.npmjs.org/eslint set size:undefined disposed:false
63 silly fetch manifest jiti@*
64 silly packumentCache full:https://registry.npmjs.org/jiti cache-miss
65 http fetch GET 200 https://registry.npmjs.org/jiti 37ms (cache miss)
66 silly packumentCache full:https://registry.npmjs.org/jiti set size:undefined disposed:false
67 silly fetch manifest eslint-config-next@16.3.6
68 silly packumentCache full:https://registry.npmjs.org/eslint-config-next cache-miss
69 http fetch GET 200 https://registry.npmjs.org/eslint-config-next 184ms (cache miss)
70 silly packumentCache full:https://registry.npmjs.org/eslint-config-next set size:undefined disposed:false
71 silly fetch manifest typescript@^5
72 silly packumentCache full:https://registry.npmjs.org/typescript cache-miss
73 http fetch GET 200 https://registry.npmjs.org/typescript 237ms (cache miss)
74 silly packumentCache full:https://registry.npmjs.org/typescript set size:undefined disposed:false
75 silly fetch manifest tailwindcss@^4
76 silly packumentCache full:https://registry.npmjs.org/tailwindcss cache-miss
77 http fetch GET 200 https://registry.npmjs.org/tailwindcss 233ms (cache miss)
78 silly packumentCache full:https://registry.npmjs.org/tailwindcss set size:undefined disposed:false
79 silly placeDep ROOT @tailwindcss/postcss@4.3.3 OK for: cardfolio@0.1.0 want: ^4
80 silly placeDep ROOT @types/node@20.19.43 OK for: cardfolio@0.1.0 want: ^20
81 silly placeDep ROOT @types/react@19.3.0 OK for: cardfolio@0.1.0 want: ^19
82 silly placeDep ROOT @types/react-dom@19.3.0 OK for: cardfolio@0.1.0 want: ^19
83 silly placeDep ROOT eslint@9.39.5 OK for: cardfolio@0.1.0 want: ^9
84 silly placeDep ROOT eslint-config-next@16.3.6 OK for: cardfolio@0.1.0 want: 16.3.6
85 silly placeDep ROOT next@16.3.6 OK for: cardfolio@0.1.0 want: 16.3.6
86 silly placeDep ROOT react@19.2.8 OK for: next@16.3.6 want: ^18.2.0 || 19.0.0-rc-de68d2f4-20241204 || ^19.0.0
87 silly placeDep ROOT react-dom@19.2.8 OK for: next@16.3.6 want: ^18.2.0 || 19.0.0-rc-de68d2f4-20241204 || ^19.0.0
88 silly placeDep ROOT tailwindcss@4.3.3 OK for: cardfolio@0.1.0 want: ^4
89 silly placeDep ROOT typescript@5.9.3 OK for: cardfolio@0.1.0 want: ^5
90 silly fetch manifest postcss@^8.5.16
91 silly packumentCache full:https://registry.npmjs.org/postcss cache-miss
92 silly fetch manifest tailwindcss@4.3.3
93 silly packumentCache full:https://registry.npmjs.org/tailwindcss cache-miss
94 silly fetch manifest @alloc/quick-lru@^5.2.0
95 silly packumentCache full:https://registry.npmjs.org/@alloc%2fquick-lru cache-miss
96 silly fetch manifest @tailwindcss/node@4.3.3
97 silly packumentCache full:https://registry.npmjs.org/@tailwindcss%2fnode cache-miss
98 silly fetch manifest @tailwindcss/oxide@4.3.3
99 silly packumentCache full:https://registry.npmjs.org/@tailwindcss%2foxide cache-miss
100 silly fetch manifest undici-types@~6.21.0
101 silly packumentCache full:https://registry.npmjs.org/undici-types cache-miss
102 silly fetch manifest csstype@^3.2.2
103 silly packumentCache full:https://registry.npmjs.org/csstype cache-miss
104 silly fetch manifest ajv@^6.14.0
105 silly packumentCache full:https://registry.npmjs.org/ajv cache-miss
106 silly fetch manifest chalk@^4.0.0
107 silly packumentCache full:https://registry.npmjs.org/chalk cache-miss
108 silly fetch manifest debug@^4.3.2
109 silly packumentCache full:https://registry.npmjs.org/debug cache-miss
110 silly fetch manifest espree@^10.4.0
111 silly packumentCache full:https://registry.npmjs.org/espree cache-miss
112 silly fetch manifest ignore@^5.2.0
113 silly packumentCache full:https://registry.npmjs.org/ignore cache-miss
114 silly fetch manifest esquery@^1.5.0
115 silly packumentCache full:https://registry.npmjs.org/esquery cache-miss
116 silly fetch manifest esutils@^2.0.2
117 silly packumentCache full:https://registry.npmjs.org/esutils cache-miss
118 silly fetch manifest find-up@^5.0.0
119 silly packumentCache full:https://registry.npmjs.org/find-up cache-miss
120 silly fetch manifest is-glob@^4.0.0
121 silly packumentCache full:https://registry.npmjs.org/is-glob cache-miss
122 silly fetch manifest minimatch@^3.1.5
123 silly packumentCache full:https://registry.npmjs.org/minimatch cache-miss
124 http cache https://registry.npmjs.org/tailwindcss 66ms (cache hit)
125 silly packumentCache full:https://registry.npmjs.org/tailwindcss set size:10893093 disposed:false
126 silly fetch manifest @eslint/js@9.39.5
127 silly packumentCache full:https://registry.npmjs.org/@eslint%2fjs cache-miss
128 http fetch GET 200 https://registry.npmjs.org/postcss 91ms (cache miss)
129 silly packumentCache full:https://registry.npmjs.org/postcss set size:undefined disposed:false
130 silly fetch manifest optionator@^0.9.3
131 silly packumentCache full:https://registry.npmjs.org/optionator cache-miss
132 http fetch GET 200 https://registry.npmjs.org/minimatch 96ms (cache miss)
133 silly packumentCache full:https://registry.npmjs.org/minimatch set size:undefined disposed:false
134 silly fetch manifest cross-spawn@^7.0.6
135 silly packumentCache full:https://registry.npmjs.org/cross-spawn cache-miss
136 http fetch GET 200 https://registry.npmjs.org/chalk 133ms (cache miss)
137 silly packumentCache full:https://registry.npmjs.org/chalk set size:undefined disposed:false
138 silly fetch manifest glob-parent@^6.0.2
139 silly packumentCache full:https://registry.npmjs.org/glob-parent cache-miss
140 http fetch GET 200 https://registry.npmjs.org/@eslint%2fjs 56ms (cache miss)
141 silly packumentCache full:https://registry.npmjs.org/@eslint%2fjs set size:undefined disposed:false
142 silly fetch manifest imurmurhash@^0.1.4
143 silly packumentCache full:https://registry.npmjs.org/imurmurhash cache-miss
144 http fetch GET 200 https://registry.npmjs.org/esquery 139ms (cache miss)
145 silly packumentCache full:https://registry.npmjs.org/esquery set size:undefined disposed:false
146 silly fetch manifest @eslint/core@^0.17.0
147 silly packumentCache full:https://registry.npmjs.org/@eslint%2fcore cache-miss
148 http fetch GET 200 https://registry.npmjs.org/espree 148ms (cache miss)
149 silly packumentCache full:https://registry.npmjs.org/espree set size:undefined disposed:false
150 silly fetch manifest eslint-scope@^8.4.0
151 silly packumentCache full:https://registry.npmjs.org/eslint-scope cache-miss
152 http fetch GET 200 https://registry.npmjs.org/debug 151ms (cache miss)
153 silly packumentCache full:https://registry.npmjs.org/debug set size:undefined disposed:false
154 silly fetch manifest lodash.merge@^4.6.2
155 silly packumentCache full:https://registry.npmjs.org/lodash.merge cache-miss
156 http fetch GET 200 https://registry.npmjs.org/csstype 159ms (cache miss)
157 silly packumentCache full:https://registry.npmjs.org/csstype set size:undefined disposed:false
158 silly fetch manifest @humanfs/node@^0.16.6
159 silly packumentCache full:https://registry.npmjs.org/@humanfs%2fnode cache-miss
160 http fetch GET 200 https://registry.npmjs.org/find-up 162ms (cache miss)
161 silly packumentCache full:https://registry.npmjs.org/find-up set size:undefined disposed:false
162 silly fetch manifest @types/estree@^1.0.6
163 silly packumentCache full:https://registry.npmjs.org/@types%2festree cache-miss
164 http fetch GET 200 https://registry.npmjs.org/undici-types 168ms (cache miss)
165 silly packumentCache full:https://registry.npmjs.org/undici-types set size:undefined disposed:false
166 silly fetch manifest fast-deep-equal@^3.1.3
167 silly packumentCache full:https://registry.npmjs.org/fast-deep-equal cache-miss
168 http fetch GET 200 https://registry.npmjs.org/optionator 79ms (cache miss)
169 silly packumentCache full:https://registry.npmjs.org/optionator set size:undefined disposed:false
170 silly fetch manifest natural-compare@^1.4.0
171 silly packumentCache full:https://registry.npmjs.org/natural-compare cache-miss
172 http fetch GET 200 https://registry.npmjs.org/cross-spawn 77ms (cache miss)
173 silly packumentCache full:https://registry.npmjs.org/cross-spawn set size:undefined disposed:false
174 silly fetch manifest @eslint/eslintrc@^3.3.6
175 silly packumentCache full:https://registry.npmjs.org/@eslint%2feslintrc cache-miss
176 http fetch GET 200 https://registry.npmjs.org/esutils 179ms (cache miss)
177 silly packumentCache full:https://registry.npmjs.org/esutils set size:undefined disposed:false
178 silly fetch manifest file-entry-cache@^8.0.0
179 silly packumentCache full:https://registry.npmjs.org/file-entry-cache cache-miss
180 http fetch GET 200 https://registry.npmjs.org/imurmurhash 46ms (cache miss)
181 silly packumentCache full:https://registry.npmjs.org/imurmurhash set size:undefined disposed:false
182 silly fetch manifest @eslint/plugin-kit@^0.4.1
183 silly packumentCache full:https://registry.npmjs.org/@eslint%2fplugin-kit cache-miss
184 http fetch GET 200 https://registry.npmjs.org/ignore 185ms (cache miss)
185 silly packumentCache full:https://registry.npmjs.org/ignore set size:undefined disposed:false
186 silly fetch manifest eslint-visitor-keys@^4.2.1
187 silly packumentCache full:https://registry.npmjs.org/eslint-visitor-keys cache-miss
188 http fetch GET 200 https://registry.npmjs.org/is-glob 191ms (cache miss)
189 silly packumentCache full:https://registry.npmjs.org/is-glob set size:undefined disposed:false
190 silly fetch manifest @eslint/config-array@^0.21.2
191 silly packumentCache full:https://registry.npmjs.org/@eslint%2fconfig-array cache-miss
192 http fetch GET 200 https://registry.npmjs.org/@alloc%2fquick-lru 200ms (cache miss)
193 silly packumentCache full:https://registry.npmjs.org/@alloc%2fquick-lru set size:undefined disposed:false
194 silly fetch manifest @humanwhocodes/retry@^0.4.2
195 silly packumentCache full:https://registry.npmjs.org/@humanwhocodes%2fretry cache-miss
196 http fetch GET 200 https://registry.npmjs.org/fast-deep-equal 35ms (cache miss)
197 silly packumentCache full:https://registry.npmjs.org/fast-deep-equal set size:undefined disposed:false
198 silly fetch manifest escape-string-regexp@^4.0.0
199 silly packumentCache full:https://registry.npmjs.org/escape-string-regexp cache-miss
200 http fetch GET 200 https://registry.npmjs.org/@eslint%2fcore 63ms (cache miss)
201 silly packumentCache full:https://registry.npmjs.org/@eslint%2fcore set size:undefined disposed:false
202 silly fetch manifest @eslint/config-helpers@^0.4.2
203 silly packumentCache full:https://registry.npmjs.org/@eslint%2fconfig-helpers cache-miss
204 http fetch GET 200 https://registry.npmjs.org/glob-parent 70ms (cache miss)
205 silly packumentCache full:https://registry.npmjs.org/glob-parent set size:undefined disposed:false
206 silly fetch manifest @eslint-community/regexpp@^4.12.1
207 silly packumentCache full:https://registry.npmjs.org/@eslint-community%2fregexpp cache-miss
208 http fetch GET 200 https://registry.npmjs.org/@types%2festree 49ms (cache miss)
209 silly packumentCache full:https://registry.npmjs.org/@types%2festree set size:undefined disposed:false
210 silly fetch manifest @eslint-community/eslint-utils@^4.8.0
211 silly packumentCache full:https://registry.npmjs.org/@eslint-community%2feslint-utils cache-miss
212 http fetch GET 200 https://registry.npmjs.org/eslint-scope 64ms (cache miss)
213 silly packumentCache full:https://registry.npmjs.org/eslint-scope set size:undefined disposed:false
214 silly fetch manifest @humanwhocodes/module-importer@^1.0.1
215 silly packumentCache full:https://registry.npmjs.org/@humanwhocodes%2fmodule-importer cache-miss
216 http fetch GET 200 https://registry.npmjs.org/file-entry-cache 37ms (cache miss)
217 silly packumentCache full:https://registry.npmjs.org/file-entry-cache set size:undefined disposed:false
218 silly fetch manifest json-stable-stringify-without-jsonify@^1.0.1
219 silly packumentCache full:https://registry.npmjs.org/json-stable-stringify-without-jsonify cache-miss
220 http fetch GET 200 https://registry.npmjs.org/ajv 227ms (cache miss)
221 silly packumentCache full:https://registry.npmjs.org/ajv set size:undefined disposed:false
222 silly fetch manifest globals@16.4.0
223 silly packumentCache full:https://registry.npmjs.org/globals cache-miss
224 http fetch GET 200 https://registry.npmjs.org/lodash.merge 79ms (cache miss)
225 silly packumentCache full:https://registry.npmjs.org/lodash.merge set size:undefined disposed:false
226 silly fetch manifest typescript-eslint@^8.46.0
227 silly packumentCache full:https://registry.npmjs.org/typescript-eslint cache-miss
228 http fetch GET 200 https://registry.npmjs.org/eslint-visitor-keys 47ms (cache miss)
229 silly packumentCache full:https://registry.npmjs.org/eslint-visitor-keys set size:undefined disposed:false
230 silly fetch manifest eslint-plugin-react@^7.37.0
231 silly packumentCache full:https://registry.npmjs.org/eslint-plugin-react cache-miss
232 http fetch GET 200 https://registry.npmjs.org/natural-compare 62ms (cache miss)
233 silly packumentCache full:https://registry.npmjs.org/natural-compare set size:undefined disposed:false
234 silly fetch manifest eslint-plugin-import@^2.32.0
235 silly packumentCache full:https://registry.npmjs.org/eslint-plugin-import cache-miss
236 http fetch GET 200 https://registry.npmjs.org/@humanfs%2fnode 79ms (cache miss)
237 silly packumentCache full:https://registry.npmjs.org/@humanfs%2fnode set size:undefined disposed:false
238 silly fetch manifest eslint-plugin-jsx-a11y@^6.10.0
239 silly packumentCache full:https://registry.npmjs.org/eslint-plugin-jsx-a11y cache-miss
240 http fetch GET 200 https://registry.npmjs.org/@eslint%2fconfig-array 51ms (cache miss)
241 silly packumentCache full:https://registry.npmjs.org/@eslint%2fconfig-array set size:undefined disposed:false
242 silly fetch manifest @next/eslint-plugin-next@16.3.6
243 silly packumentCache full:https://registry.npmjs.org/@next%2feslint-plugin-next cache-miss
244 http fetch GET 200 https://registry.npmjs.org/escape-string-regexp 49ms (cache miss)
245 silly packumentCache full:https://registry.npmjs.org/escape-string-regexp set size:undefined disposed:false
246 silly fetch manifest eslint-plugin-react-hooks@^7.0.0
247 silly packumentCache full:https://registry.npmjs.org/eslint-plugin-react-hooks cache-miss
248 http fetch GET 200 https://registry.npmjs.org/@eslint-community%2fregexpp 49ms (cache miss)
249 silly packumentCache full:https://registry.npmjs.org/@eslint-community%2fregexpp set size:undefined disposed:false
250 silly fetch manifest eslint-import-resolver-node@^0.3.6
251 silly packumentCache full:https://registry.npmjs.org/eslint-import-resolver-node cache-miss
252 http fetch GET 200 https://registry.npmjs.org/@eslint%2fconfig-helpers 52ms (cache miss)
253 silly packumentCache full:https://registry.npmjs.org/@eslint%2fconfig-helpers set size:undefined disposed:false
254 silly fetch manifest eslint-import-resolver-typescript@^3.5.2
255 silly packumentCache full:https://registry.npmjs.org/eslint-import-resolver-typescript cache-miss
256 http fetch GET 200 https://registry.npmjs.org/@eslint%2fplugin-kit 72ms (cache miss)
257 silly packumentCache full:https://registry.npmjs.org/@eslint%2fplugin-kit set size:undefined disposed:false
258 silly fetch manifest postcss@8.5.23
259 silly packumentCache full:https://registry.npmjs.org/postcss cache-miss
260 http cache https://registry.npmjs.org/postcss 2ms (cache hit)
261 silly packumentCache full:https://registry.npmjs.org/postcss set size:766699 disposed:false
262 silly fetch manifest @next/env@16.3.6
263 silly packumentCache full:https://registry.npmjs.org/@next%2fenv cache-miss
264 http fetch GET 200 https://registry.npmjs.org/@humanwhocodes%2fretry 66ms (cache miss)
265 silly packumentCache full:https://registry.npmjs.org/@humanwhocodes%2fretry set size:undefined disposed:false
266 silly fetch manifest styled-jsx@5.1.6
267 silly packumentCache full:https://registry.npmjs.org/styled-jsx cache-miss
268 http fetch GET 200 https://registry.npmjs.org/@tailwindcss%2fnode 267ms (cache miss)
269 silly packumentCache full:https://registry.npmjs.org/@tailwindcss%2fnode set size:undefined disposed:false
270 silly fetch manifest @swc/helpers@0.5.23
271 silly packumentCache full:https://registry.npmjs.org/@swc%2fhelpers cache-miss
272 http fetch GET 200 https://registry.npmjs.org/@eslint-community%2feslint-utils 59ms (cache miss)
273 silly packumentCache full:https://registry.npmjs.org/@eslint-community%2feslint-utils set size:undefined disposed:false
274 silly fetch manifest caniuse-lite@^1.0.30001579
275 silly packumentCache full:https://registry.npmjs.org/caniuse-lite cache-miss
276 http fetch GET 200 https://registry.npmjs.org/json-stable-stringify-without-jsonify 56ms (cache miss)
277 silly packumentCache full:https://registry.npmjs.org/json-stable-stringify-without-jsonify set size:undefined disposed:false
278 silly fetch manifest baseline-browser-mapping@^2.9.19
279 silly packumentCache full:https://registry.npmjs.org/baseline-browser-mapping cache-miss
280 http fetch GET 200 https://registry.npmjs.org/@humanwhocodes%2fmodule-importer 61ms (cache miss)
281 silly packumentCache full:https://registry.npmjs.org/@humanwhocodes%2fmodule-importer set size:undefined disposed:false
282 silly fetch manifest sharp@^0.35.4
283 silly packumentCache full:https://registry.npmjs.org/sharp cache-miss
284 http fetch GET 200 https://registry.npmjs.org/globals 49ms (cache miss)
285 silly packumentCache full:https://registry.npmjs.org/globals set size:undefined disposed:false
286 silly fetch manifest @next/swc-darwin-x64@16.3.6
287 silly packumentCache full:https://registry.npmjs.org/@next%2fswc-darwin-x64 cache-miss
288 http fetch GET 200 https://registry.npmjs.org/@eslint%2feslintrc 107ms (cache miss)
289 silly packumentCache full:https://registry.npmjs.org/@eslint%2feslintrc set size:undefined disposed:false
290 silly fetch manifest @next/swc-darwin-arm64@16.3.6
291 silly packumentCache full:https://registry.npmjs.org/@next%2fswc-darwin-arm64 cache-miss
292 http fetch GET 200 https://registry.npmjs.org/eslint-plugin-import 55ms (cache miss)
293 silly packumentCache full:https://registry.npmjs.org/eslint-plugin-import set size:undefined disposed:false
294 silly fetch manifest @next/swc-linux-x64-gnu@16.3.6
295 silly packumentCache full:https://registry.npmjs.org/@next%2fswc-linux-x64-gnu cache-miss
296 http fetch GET 200 https://registry.npmjs.org/eslint-import-resolver-node 40ms (cache miss)
297 silly packumentCache full:https://registry.npmjs.org/eslint-import-resolver-node set size:undefined disposed:false
298 silly fetch manifest @next/swc-linux-x64-musl@16.3.6
299 silly packumentCache full:https://registry.npmjs.org/@next%2fswc-linux-x64-musl cache-miss
300 http fetch GET 200 https://registry.npmjs.org/@tailwindcss%2foxide 315ms (cache miss)
301 silly packumentCache full:https://registry.npmjs.org/@tailwindcss%2foxide set size:undefined disposed:false
302 silly fetch manifest @next/swc-win32-x64-msvc@16.3.6
303 silly packumentCache full:https://registry.npmjs.org/@next%2fswc-win32-x64-msvc cache-miss
304 http fetch GET 200 https://registry.npmjs.org/eslint-import-resolver-typescript 68ms (cache miss)
305 silly packumentCache full:https://registry.npmjs.org/eslint-import-resolver-typescript set size:undefined disposed:false
306 silly fetch manifest @next/swc-linux-arm64-gnu@16.3.6
307 silly packumentCache full:https://registry.npmjs.org/@next%2fswc-linux-arm64-gnu cache-miss
308 http fetch GET 200 https://registry.npmjs.org/baseline-browser-mapping 63ms (cache miss)
309 silly packumentCache full:https://registry.npmjs.org/baseline-browser-mapping set size:undefined disposed:false
310 silly fetch manifest @next/swc-linux-arm64-musl@16.3.6
311 silly packumentCache full:https://registry.npmjs.org/@next%2fswc-linux-arm64-musl cache-miss
312 http fetch GET 200 https://registry.npmjs.org/@swc%2fhelpers 82ms (cache miss)
313 silly packumentCache full:https://registry.npmjs.org/@swc%2fhelpers set size:undefined disposed:false
314 silly fetch manifest @next/swc-win32-arm64-msvc@16.3.6
315 silly packumentCache full:https://registry.npmjs.org/@next%2fswc-win32-arm64-msvc cache-miss
316 http fetch GET 200 https://registry.npmjs.org/eslint-plugin-react 122ms (cache miss)
317 silly packumentCache full:https://registry.npmjs.org/eslint-plugin-react set size:undefined disposed:false
318 silly fetch manifest scheduler@^0.27.0
319 silly packumentCache full:https://registry.npmjs.org/scheduler cache-miss
320 http fetch GET 200 https://registry.npmjs.org/sharp 121ms (cache miss)
321 silly packumentCache full:https://registry.npmjs.org/sharp set size:undefined disposed:false
322 http fetch GET 200 https://registry.npmjs.org/typescript-eslint 242ms (cache miss)
323 silly packumentCache full:https://registry.npmjs.org/typescript-eslint set size:undefined disposed:false
324 http fetch GET 200 https://registry.npmjs.org/eslint-plugin-jsx-a11y 250ms (cache miss)
325 silly packumentCache full:https://registry.npmjs.org/eslint-plugin-jsx-a11y set size:undefined disposed:false
326 http fetch GET 200 https://registry.npmjs.org/styled-jsx 256ms (cache miss)
327 silly packumentCache full:https://registry.npmjs.org/styled-jsx set size:undefined disposed:false
328 http fetch GET 200 https://registry.npmjs.org/caniuse-lite 1286ms (cache miss)
329 silly packumentCache full:https://registry.npmjs.org/caniuse-lite set size:undefined disposed:false
330 http fetch GET 200 https://registry.npmjs.org/eslint-plugin-react-hooks 1335ms (cache miss)
331 silly packumentCache full:https://registry.npmjs.org/eslint-plugin-react-hooks set size:undefined disposed:false
332 http fetch GET 200 https://registry.npmjs.org/@next%2fswc-linux-x64-gnu 1365ms (cache miss)
333 silly packumentCache full:https://registry.npmjs.org/@next%2fswc-linux-x64-gnu set size:undefined disposed:false
334 http fetch GET 200 https://registry.npmjs.org/@next%2fswc-win32-x64-msvc 1356ms (cache miss)
335 silly packumentCache full:https://registry.npmjs.org/@next%2fswc-win32-x64-msvc set size:undefined disposed:false
336 http fetch GET 200 https://registry.npmjs.org/@next%2fenv 1427ms (cache miss)
337 silly packumentCache full:https://registry.npmjs.org/@next%2fenv set size:undefined disposed:false
338 http fetch GET 200 https://registry.npmjs.org/@next%2fswc-darwin-x64 1424ms (cache miss)
339 silly packumentCache full:https://registry.npmjs.org/@next%2fswc-darwin-x64 set size:undefined disposed:false
340 http fetch GET 200 https://registry.npmjs.org/@next%2fswc-linux-x64-musl 1452ms (cache miss)
341 silly packumentCache full:https://registry.npmjs.org/@next%2fswc-linux-x64-musl set size:undefined disposed:false
342 http fetch GET 200 https://registry.npmjs.org/@next%2fswc-win32-arm64-msvc 1431ms (cache miss)
343 silly packumentCache full:https://registry.npmjs.org/@next%2fswc-win32-arm64-msvc set size:undefined disposed:false
344 http fetch GET 200 https://registry.npmjs.org/@next%2feslint-plugin-next 1609ms (cache miss)
345 silly packumentCache full:https://registry.npmjs.org/@next%2feslint-plugin-next set size:undefined disposed:false
346 http fetch GET 200 https://registry.npmjs.org/@next%2fswc-linux-arm64-gnu 1542ms (cache miss)
347 silly packumentCache full:https://registry.npmjs.org/@next%2fswc-linux-arm64-gnu set size:undefined disposed:false
348 http fetch GET 200 https://registry.npmjs.org/@next%2fswc-darwin-arm64 1604ms (cache miss)
349 silly packumentCache full:https://registry.npmjs.org/@next%2fswc-darwin-arm64 set size:undefined disposed:false
350 http fetch GET 200 https://registry.npmjs.org/scheduler 1702ms (cache miss)
351 silly packumentCache full:https://registry.npmjs.org/scheduler set size:undefined disposed:false
352 http fetch GET 200 https://registry.npmjs.org/@next%2fswc-linux-arm64-musl 2017ms (cache miss)
353 silly packumentCache full:https://registry.npmjs.org/@next%2fswc-linux-arm64-musl set size:undefined disposed:false
354 silly placeDep ROOT @alloc/quick-lru@5.3.0 OK for: @tailwindcss/postcss@4.3.3 want: ^5.2.0
355 silly placeDep ROOT @tailwindcss/node@4.3.3 OK for: @tailwindcss/postcss@4.3.3 want: 4.3.3
356 silly placeDep ROOT @tailwindcss/oxide@4.3.3 OK for: @tailwindcss/postcss@4.3.3 want: 4.3.3
357 silly placeDep ROOT postcss@8.5.28 OK for: @tailwindcss/postcss@4.3.3 want: ^8.5.16
358 silly fetch manifest jiti@^2.7.0
359 silly packumentCache full:https://registry.npmjs.org/jiti cache-miss
360 silly fetch manifest lightningcss@1.32.0
361 silly packumentCache full:https://registry.npmjs.org/lightningcss cache-miss
362 silly fetch manifest magic-string@^0.30.21
363 silly packumentCache full:https://registry.npmjs.org/magic-string cache-miss
364 silly fetch manifest source-map-js@^1.2.1
365 silly packumentCache full:https://registry.npmjs.org/source-map-js cache-miss
366 silly fetch manifest enhanced-resolve@^5.24.1
367 silly packumentCache full:https://registry.npmjs.org/enhanced-resolve cache-miss
368 silly fetch manifest @jridgewell/remapping@^2.3.5
369 silly packumentCache full:https://registry.npmjs.org/@jridgewell%2fremapping cache-miss
370 silly fetch manifest @tailwindcss/oxide-darwin-x64@4.3.3
371 silly packumentCache full:https://registry.npmjs.org/@tailwindcss%2foxide-darwin-x64 cache-miss
372 silly fetch manifest @tailwindcss/oxide-freebsd-x64@4.3.3
373 silly packumentCache full:https://registry.npmjs.org/@tailwindcss%2foxide-freebsd-x64 cache-miss
374 silly fetch manifest @tailwindcss/oxide-wasm32-wasi@4.3.3
375 silly packumentCache full:https://registry.npmjs.org/@tailwindcss%2foxide-wasm32-wasi cache-miss
376 silly fetch manifest @tailwindcss/oxide-darwin-arm64@4.3.3
377 silly packumentCache full:https://registry.npmjs.org/@tailwindcss%2foxide-darwin-arm64 cache-miss
378 silly fetch manifest @tailwindcss/oxide-android-arm64@4.3.3
379 silly packumentCache full:https://registry.npmjs.org/@tailwindcss%2foxide-android-arm64 cache-miss
380 silly fetch manifest @tailwindcss/oxide-linux-x64-gnu@4.3.3
381 silly packumentCache full:https://registry.npmjs.org/@tailwindcss%2foxide-linux-x64-gnu cache-miss
382 silly fetch manifest @tailwindcss/oxide-linux-x64-musl@4.3.3
383 silly packumentCache full:https://registry.npmjs.org/@tailwindcss%2foxide-linux-x64-musl cache-miss
384 silly fetch manifest @tailwindcss/oxide-win32-x64-msvc@4.3.3
385 silly packumentCache full:https://registry.npmjs.org/@tailwindcss%2foxide-win32-x64-msvc cache-miss
386 silly fetch manifest @tailwindcss/oxide-linux-arm64-gnu@4.3.3
387 silly packumentCache full:https://registry.npmjs.org/@tailwindcss%2foxide-linux-arm64-gnu cache-miss
388 silly fetch manifest @tailwindcss/oxide-linux-arm64-musl@4.3.3
389 silly packumentCache full:https://registry.npmjs.org/@tailwindcss%2foxide-linux-arm64-musl cache-miss
390 silly fetch manifest @tailwindcss/oxide-win32-arm64-msvc@4.3.3
391 silly packumentCache full:https://registry.npmjs.org/@tailwindcss%2foxide-win32-arm64-msvc cache-miss
392 http cache https://registry.npmjs.org/jiti 12ms (cache hit)
393 silly packumentCache full:https://registry.npmjs.org/jiti set size:387989 disposed:false
394 silly fetch manifest @tailwindcss/oxide-linux-arm-gnueabihf@4.3.3
395 silly packumentCache full:https://registry.npmjs.org/@tailwindcss%2foxide-linux-arm-gnueabihf cache-miss
396 http fetch GET 200 https://registry.npmjs.org/lightningcss 32ms (cache miss)
397 silly packumentCache full:https://registry.npmjs.org/lightningcss set size:undefined disposed:false
398 silly fetch manifest nanoid@^3.3.18
399 silly packumentCache full:https://registry.npmjs.org/nanoid cache-miss
400 http fetch GET 200 https://registry.npmjs.org/magic-string 42ms (cache miss)
401 silly packumentCache full:https://registry.npmjs.org/magic-string set size:undefined disposed:false
402 silly fetch manifest picocolors@^1.1.1
403 silly packumentCache full:https://registry.npmjs.org/picocolors cache-miss
404 http fetch GET 200 https://registry.npmjs.org/@jridgewell%2fremapping 45ms (cache miss)
405 silly packumentCache full:https://registry.npmjs.org/@jridgewell%2fremapping set size:undefined disposed:false
406 silly fetch manifest source-map-js@^1.2.1
407 silly packumentCache full:https://registry.npmjs.org/source-map-js cache-miss
408 http fetch GET 200 https://registry.npmjs.org/source-map-js 45ms (cache miss)
409 silly packumentCache full:https://registry.npmjs.org/source-map-js set size:undefined disposed:false
410 http cache https://registry.npmjs.org/source-map-js 1ms (cache hit)
411 silly packumentCache full:https://registry.npmjs.org/source-map-js set size:62640 disposed:false
412 http fetch GET 200 https://registry.npmjs.org/picocolors 28ms (cache miss)
413 silly packumentCache full:https://registry.npmjs.org/picocolors set size:undefined disposed:false
414 http fetch GET 200 https://registry.npmjs.org/enhanced-resolve 78ms (cache miss)
415 silly packumentCache full:https://registry.npmjs.org/enhanced-resolve set size:undefined disposed:false
416 http fetch GET 200 https://registry.npmjs.org/nanoid 80ms (cache miss)
417 silly packumentCache full:https://registry.npmjs.org/nanoid set size:undefined disposed:false
418 http fetch GET 200 https://registry.npmjs.org/@tailwindcss%2foxide-win32-arm64-msvc 312ms (cache miss)
419 silly packumentCache full:https://registry.npmjs.org/@tailwindcss%2foxide-win32-arm64-msvc set size:undefined disposed:false
420 http fetch GET 200 https://registry.npmjs.org/@tailwindcss%2foxide-linux-arm-gnueabihf 389ms (cache miss)
421 silly packumentCache full:https://registry.npmjs.org/@tailwindcss%2foxide-linux-arm-gnueabihf set size:undefined disposed:false
422 http fetch GET 200 https://registry.npmjs.org/@tailwindcss%2foxide-darwin-x64 413ms (cache miss)
423 silly packumentCache full:https://registry.npmjs.org/@tailwindcss%2foxide-darwin-x64 set size:undefined disposed:false
424 http fetch GET 200 https://registry.npmjs.org/@tailwindcss%2foxide-win32-x64-msvc 460ms (cache miss)
425 silly packumentCache full:https://registry.npmjs.org/@tailwindcss%2foxide-win32-x64-msvc set size:undefined disposed:false
426 http fetch GET 200 https://registry.npmjs.org/@tailwindcss%2foxide-wasm32-wasi 525ms (cache miss)
427 silly packumentCache full:https://registry.npmjs.org/@tailwindcss%2foxide-wasm32-wasi set size:undefined disposed:false
428 http fetch GET 200 https://registry.npmjs.org/@tailwindcss%2foxide-freebsd-x64 566ms (cache miss)
429 silly packumentCache full:https://registry.npmjs.org/@tailwindcss%2foxide-freebsd-x64 set size:undefined disposed:false
430 http fetch GET 200 https://registry.npmjs.org/@tailwindcss%2foxide-linux-x64-musl 604ms (cache miss)
431 silly packumentCache full:https://registry.npmjs.org/@tailwindcss%2foxide-linux-x64-musl set size:undefined disposed:false
432 http fetch GET 200 https://registry.npmjs.org/@tailwindcss%2foxide-android-arm64 619ms (cache miss)
433 silly packumentCache full:https://registry.npmjs.org/@tailwindcss%2foxide-android-arm64 set size:undefined disposed:false
434 http fetch GET 200 https://registry.npmjs.org/@tailwindcss%2foxide-linux-arm64-gnu 661ms (cache miss)
435 silly packumentCache full:https://registry.npmjs.org/@tailwindcss%2foxide-linux-arm64-gnu set size:undefined disposed:false
436 http fetch GET 200 https://registry.npmjs.org/@tailwindcss%2foxide-darwin-arm64 706ms (cache miss)
437 silly packumentCache full:https://registry.npmjs.org/@tailwindcss%2foxide-darwin-arm64 set size:undefined disposed:false
438 http fetch GET 200 https://registry.npmjs.org/@tailwindcss%2foxide-linux-arm64-musl 779ms (cache miss)
439 silly packumentCache full:https://registry.npmjs.org/@tailwindcss%2foxide-linux-arm64-musl set size:undefined disposed:false
440 http fetch GET 200 https://registry.npmjs.org/@tailwindcss%2foxide-linux-x64-gnu 834ms (cache miss)
441 silly packumentCache full:https://registry.npmjs.org/@tailwindcss%2foxide-linux-x64-gnu set size:undefined disposed:false
442 silly placeDep ROOT @jridgewell/remapping@2.3.5 OK for: @tailwindcss/node@4.3.3 want: ^2.3.5
443 silly placeDep ROOT enhanced-resolve@5.25.1 OK for: @tailwindcss/node@4.3.3 want: ^5.24.1
444 silly placeDep ROOT jiti@2.7.0 OK for: @tailwindcss/node@4.3.3 want: ^2.7.0
445 silly placeDep ROOT lightningcss@1.32.0 OK for: @tailwindcss/node@4.3.3 want: 1.32.0
446 silly placeDep ROOT magic-string@0.30.21 OK for: @tailwindcss/node@4.3.3 want: ^0.30.21
447 silly placeDep ROOT source-map-js@1.2.1 OK for: @tailwindcss/node@4.3.3 want: ^1.2.1
448 silly fetch manifest @jridgewell/gen-mapping@^0.3.5
449 silly packumentCache full:https://registry.npmjs.org/@jridgewell%2fgen-mapping cache-miss
450 silly fetch manifest @jridgewell/trace-mapping@^0.3.24
451 silly packumentCache full:https://registry.npmjs.org/@jridgewell%2ftrace-mapping cache-miss
452 silly fetch manifest tapable@^2.3.3
453 silly packumentCache full:https://registry.npmjs.org/tapable cache-miss
454 silly fetch manifest graceful-fs@^4.2.4
455 silly packumentCache full:https://registry.npmjs.org/graceful-fs cache-miss
456 silly fetch manifest detect-libc@^2.0.3
457 silly packumentCache full:https://registry.npmjs.org/detect-libc cache-miss
458 silly fetch manifest lightningcss-darwin-x64@1.32.0
459 silly packumentCache full:https://registry.npmjs.org/lightningcss-darwin-x64 cache-miss
460 silly fetch manifest lightningcss-freebsd-x64@1.32.0
461 silly packumentCache full:https://registry.npmjs.org/lightningcss-freebsd-x64 cache-miss
462 silly fetch manifest lightningcss-darwin-arm64@1.32.0
463 silly packumentCache full:https://registry.npmjs.org/lightningcss-darwin-arm64 cache-miss
464 silly fetch manifest lightningcss-android-arm64@1.32.0
465 silly packumentCache full:https://registry.npmjs.org/lightningcss-android-arm64 cache-miss
466 silly fetch manifest lightningcss-linux-x64-gnu@1.32.0
467 silly packumentCache full:https://registry.npmjs.org/lightningcss-linux-x64-gnu cache-miss
468 silly fetch manifest lightningcss-linux-x64-musl@1.32.0
469 silly packumentCache full:https://registry.npmjs.org/lightningcss-linux-x64-musl cache-miss
470 silly fetch manifest lightningcss-win32-x64-msvc@1.32.0
471 silly packumentCache full:https://registry.npmjs.org/lightningcss-win32-x64-msvc cache-miss
472 silly fetch manifest lightningcss-linux-arm64-gnu@1.32.0
473 silly packumentCache full:https://registry.npmjs.org/lightningcss-linux-arm64-gnu cache-miss
474 silly fetch manifest lightningcss-linux-arm64-musl@1.32.0
475 silly packumentCache full:https://registry.npmjs.org/lightningcss-linux-arm64-musl cache-miss
476 silly fetch manifest lightningcss-win32-arm64-msvc@1.32.0
477 silly packumentCache full:https://registry.npmjs.org/lightningcss-win32-arm64-msvc cache-miss
478 silly fetch manifest lightningcss-linux-arm-gnueabihf@1.32.0
479 silly packumentCache full:https://registry.npmjs.org/lightningcss-linux-arm-gnueabihf cache-miss
480 silly fetch manifest @jridgewell/sourcemap-codec@^1.5.5
481 silly packumentCache full:https://registry.npmjs.org/@jridgewell%2fsourcemap-codec cache-miss
482 http fetch GET 200 https://registry.npmjs.org/lightningcss-android-arm64 34ms (cache miss)
483 silly packumentCache full:https://registry.npmjs.org/lightningcss-android-arm64 set size:undefined disposed:false
484 http fetch GET 200 https://registry.npmjs.org/detect-libc 35ms (cache miss)
485 silly packumentCache full:https://registry.npmjs.org/detect-libc set size:undefined disposed:false
486 http fetch GET 200 https://registry.npmjs.org/graceful-fs 36ms (cache miss)
487 silly packumentCache full:https://registry.npmjs.org/graceful-fs set size:undefined disposed:false
488 http fetch GET 200 https://registry.npmjs.org/lightningcss-freebsd-x64 39ms (cache miss)
489 silly packumentCache full:https://registry.npmjs.org/lightningcss-freebsd-x64 set size:undefined disposed:false
490 http fetch GET 200 https://registry.npmjs.org/lightningcss-win32-arm64-msvc 42ms (cache miss)
491 silly packumentCache full:https://registry.npmjs.org/lightningcss-win32-arm64-msvc set size:undefined disposed:false
492 http fetch GET 200 https://registry.npmjs.org/lightningcss-darwin-x64 45ms (cache miss)
493 silly packumentCache full:https://registry.npmjs.org/lightningcss-darwin-x64 set size:undefined disposed:false
494 http fetch GET 200 https://registry.npmjs.org/lightningcss-linux-arm64-gnu 46ms (cache miss)
495 silly packumentCache full:https://registry.npmjs.org/lightningcss-linux-arm64-gnu set size:undefined disposed:false
496 http fetch GET 200 https://registry.npmjs.org/lightningcss-linux-arm64-musl 47ms (cache miss)
497 silly packumentCache full:https://registry.npmjs.org/lightningcss-linux-arm64-musl set size:undefined disposed:false
498 http fetch GET 200 https://registry.npmjs.org/@jridgewell%2fgen-mapping 49ms (cache miss)
499 silly packumentCache full:https://registry.npmjs.org/@jridgewell%2fgen-mapping set size:undefined disposed:false
500 http fetch GET 200 https://registry.npmjs.org/lightningcss-win32-x64-msvc 49ms (cache miss)
501 silly packumentCache full:https://registry.npmjs.org/lightningcss-win32-x64-msvc set size:undefined disposed:false
502 http fetch GET 200 https://registry.npmjs.org/tapable 53ms (cache miss)
503 silly packumentCache full:https://registry.npmjs.org/tapable set size:undefined disposed:false
504 http fetch GET 200 https://registry.npmjs.org/lightningcss-darwin-arm64 53ms (cache miss)
505 silly packumentCache full:https://registry.npmjs.org/lightningcss-darwin-arm64 set size:undefined disposed:false
506 http fetch GET 200 https://registry.npmjs.org/lightningcss-linux-x64-musl 55ms (cache miss)
507 silly packumentCache full:https://registry.npmjs.org/lightningcss-linux-x64-musl set size:undefined disposed:false
508 http fetch GET 200 https://registry.npmjs.org/lightningcss-linux-x64-gnu 55ms (cache miss)
509 silly packumentCache full:https://registry.npmjs.org/lightningcss-linux-x64-gnu set size:undefined disposed:false
510 http fetch GET 200 https://registry.npmjs.org/@jridgewell%2ftrace-mapping 57ms (cache miss)
511 silly packumentCache full:https://registry.npmjs.org/@jridgewell%2ftrace-mapping set size:undefined disposed:false
512 http fetch GET 200 https://registry.npmjs.org/lightningcss-linux-arm-gnueabihf 71ms (cache miss)
513 silly packumentCache full:https://registry.npmjs.org/lightningcss-linux-arm-gnueabihf set size:undefined disposed:false
514 http fetch GET 200 https://registry.npmjs.org/@jridgewell%2fsourcemap-codec 404ms (cache miss)
515 silly packumentCache full:https://registry.npmjs.org/@jridgewell%2fsourcemap-codec set size:undefined disposed:false
516 silly placeDep ROOT @jridgewell/gen-mapping@0.3.13 OK for: @jridgewell/remapping@2.3.5 want: ^0.3.5
517 silly placeDep ROOT @jridgewell/trace-mapping@0.3.31 OK for: @jridgewell/remapping@2.3.5 want: ^0.3.24
518 silly fetch manifest @jridgewell/sourcemap-codec@^1.5.0
519 silly packumentCache full:https://registry.npmjs.org/@jridgewell%2fsourcemap-codec cache-miss
520 silly fetch manifest @jridgewell/resolve-uri@^3.1.0
521 silly packumentCache full:https://registry.npmjs.org/@jridgewell%2fresolve-uri cache-miss
522 silly fetch manifest @jridgewell/sourcemap-codec@^1.4.14
523 silly packumentCache full:https://registry.npmjs.org/@jridgewell%2fsourcemap-codec cache-miss
524 http cache https://registry.npmjs.org/@jridgewell%2fsourcemap-codec 5ms (cache hit)
525 silly packumentCache full:https://registry.npmjs.org/@jridgewell%2fsourcemap-codec set size:65255 disposed:false
526 http cache https://registry.npmjs.org/@jridgewell%2fsourcemap-codec 6ms (cache hit)
527 silly packumentCache full:https://registry.npmjs.org/@jridgewell%2fsourcemap-codec set size:65255 disposed:false
528 silly packumentCache full:https://registry.npmjs.org/@jridgewell%2fsourcemap-codec dispose
529 http fetch GET 200 https://registry.npmjs.org/@jridgewell%2fresolve-uri 40ms (cache miss)
530 silly packumentCache full:https://registry.npmjs.org/@jridgewell%2fresolve-uri set size:undefined disposed:false
531 silly placeDep ROOT @jridgewell/sourcemap-codec@1.6.0 OK for: @jridgewell/gen-mapping@0.3.13 want: ^1.5.0
532 silly placeDep ROOT @jridgewell/resolve-uri@3.1.2 OK for: @jridgewell/trace-mapping@0.3.31 want: ^3.1.0
533 silly placeDep ROOT @tailwindcss/oxide-android-arm64@4.3.3 OK for: @tailwindcss/oxide@4.3.3 want: 4.3.3
534 silly placeDep ROOT @tailwindcss/oxide-darwin-arm64@4.3.3 OK for: @tailwindcss/oxide@4.3.3 want: 4.3.3
535 silly placeDep ROOT @tailwindcss/oxide-darwin-x64@4.3.3 OK for: @tailwindcss/oxide@4.3.3 want: 4.3.3
536 silly placeDep ROOT @tailwindcss/oxide-freebsd-x64@4.3.3 OK for: @tailwindcss/oxide@4.3.3 want: 4.3.3
537 silly placeDep ROOT @tailwindcss/oxide-linux-arm-gnueabihf@4.3.3 OK for: @tailwindcss/oxide@4.3.3 want: 4.3.3
538 silly placeDep ROOT @tailwindcss/oxide-linux-arm64-gnu@4.3.3 OK for: @tailwindcss/oxide@4.3.3 want: 4.3.3
539 silly placeDep ROOT @tailwindcss/oxide-linux-arm64-musl@4.3.3 OK for: @tailwindcss/oxide@4.3.3 want: 4.3.3
540 silly placeDep ROOT @tailwindcss/oxide-linux-x64-gnu@4.3.3 OK for: @tailwindcss/oxide@4.3.3 want: 4.3.3
541 silly placeDep ROOT @tailwindcss/oxide-linux-x64-musl@4.3.3 OK for: @tailwindcss/oxide@4.3.3 want: 4.3.3
542 silly placeDep ROOT @tailwindcss/oxide-wasm32-wasi@4.3.3 OK for: @tailwindcss/oxide@4.3.3 want: 4.3.3
543 silly placeDep ROOT @tailwindcss/oxide-win32-arm64-msvc@4.3.3 OK for: @tailwindcss/oxide@4.3.3 want: 4.3.3
544 silly placeDep ROOT @tailwindcss/oxide-win32-x64-msvc@4.3.3 OK for: @tailwindcss/oxide@4.3.3 want: 4.3.3
545 silly placeDep ROOT undici-types@6.21.0 OK for: @types/node@20.19.43 want: ~6.21.0
546 silly placeDep ROOT csstype@3.2.3 OK for: @types/react@19.3.0 want: ^3.2.2
547 silly placeDep ROOT graceful-fs@4.2.11 OK for: enhanced-resolve@5.25.1 want: ^4.2.4
548 silly placeDep ROOT tapable@2.3.3 OK for: enhanced-resolve@5.25.1 want: ^2.3.3
549 silly fetch manifest eslint@^6.0.0 || ^7.0.0 || >=8.0.0
550 silly packumentCache full:https://registry.npmjs.org/eslint cache-miss
551 http cache https://registry.npmjs.org/eslint 3ms (cache hit)
552 silly packumentCache full:https://registry.npmjs.org/eslint set size:2085131 disposed:false
553 silly placeDep ROOT @eslint-community/eslint-utils@4.10.1 OK for: eslint@9.39.5 want: ^4.8.0
554 silly placeDep ROOT @eslint-community/regexpp@4.12.2 OK for: eslint@9.39.5 want: ^4.12.1
555 silly placeDep ROOT @eslint/config-array@0.21.2 OK for: eslint@9.39.5 want: ^0.21.2
556 silly placeDep ROOT @eslint/config-helpers@0.4.2 OK for: eslint@9.39.5 want: ^0.4.2
557 silly placeDep ROOT @eslint/core@0.17.0 OK for: eslint@9.39.5 want: ^0.17.0
558 silly placeDep ROOT @eslint/eslintrc@3.3.7 OK for: eslint@9.39.5 want: ^3.3.6
559 silly placeDep ROOT @eslint/js@9.39.5 OK for: eslint@9.39.5 want: 9.39.5
560 silly placeDep ROOT @eslint/plugin-kit@0.4.1 OK for: eslint@9.39.5 want: ^0.4.1
561 silly placeDep ROOT @humanfs/node@0.16.8 OK for: eslint@9.39.5 want: ^0.16.6
562 silly placeDep ROOT @humanwhocodes/module-importer@1.0.1 OK for: eslint@9.39.5 want: ^1.0.1
563 silly placeDep ROOT @humanwhocodes/retry@0.4.3 OK for: eslint@9.39.5 want: ^0.4.2
564 silly placeDep ROOT @types/estree@1.0.9 OK for: eslint@9.39.5 want: ^1.0.6
565 silly placeDep ROOT ajv@6.15.0 OK for: eslint@9.39.5 want: ^6.14.0
566 silly placeDep ROOT chalk@4.1.2 OK for: eslint@9.39.5 want: ^4.0.0
567 silly placeDep ROOT cross-spawn@7.0.6 OK for: eslint@9.39.5 want: ^7.0.6
568 silly placeDep ROOT debug@4.4.3 OK for: eslint@9.39.5 want: ^4.3.2
569 silly placeDep ROOT escape-string-regexp@4.0.0 OK for: eslint@9.39.5 want: ^4.0.0
570 silly placeDep ROOT eslint-scope@8.4.0 OK for: eslint@9.39.5 want: ^8.4.0
571 silly placeDep ROOT eslint-visitor-keys@4.2.1 OK for: eslint@9.39.5 want: ^4.2.1
572 silly placeDep ROOT espree@10.4.0 OK for: eslint@9.39.5 want: ^10.4.0
573 silly placeDep ROOT esquery@1.7.0 OK for: eslint@9.39.5 want: ^1.5.0
574 silly placeDep ROOT esutils@2.0.3 OK for: eslint@9.39.5 want: ^2.0.2
575 silly placeDep ROOT fast-deep-equal@3.1.3 OK for: eslint@9.39.5 want: ^3.1.3
576 silly placeDep ROOT file-entry-cache@8.0.0 OK for: eslint@9.39.5 want: ^8.0.0
577 silly placeDep ROOT find-up@5.0.0 OK for: eslint@9.39.5 want: ^5.0.0
578 silly placeDep ROOT glob-parent@6.0.2 OK for: eslint@9.39.5 want: ^6.0.2
579 silly placeDep ROOT ignore@5.3.2 OK for: eslint@9.39.5 want: ^5.2.0
580 silly placeDep ROOT imurmurhash@0.1.4 OK for: eslint@9.39.5 want: ^0.1.4
581 silly placeDep ROOT is-glob@4.0.3 OK for: eslint@9.39.5 want: ^4.0.0
582 silly placeDep ROOT json-stable-stringify-without-jsonify@1.0.1 OK for: eslint@9.39.5 want: ^1.0.1
583 silly placeDep ROOT lodash.merge@4.6.2 OK for: eslint@9.39.5 want: ^4.6.2
584 silly placeDep ROOT minimatch@3.1.5 OK for: eslint@9.39.5 want: ^3.1.5
585 silly placeDep ROOT natural-compare@1.4.0 OK for: eslint@9.39.5 want: ^1.4.0
586 silly placeDep ROOT optionator@0.9.4 OK for: eslint@9.39.5 want: ^0.9.3
587 silly fetch manifest eslint-visitor-keys@^3.4.3
588 silly packumentCache full:https://registry.npmjs.org/eslint-visitor-keys cache-miss
589 silly fetch manifest debug@^4.3.1
590 silly packumentCache full:https://registry.npmjs.org/debug cache-miss
591 silly fetch manifest @eslint/object-schema@^2.1.7
592 silly packumentCache full:https://registry.npmjs.org/@eslint%2fobject-schema cache-miss
593 silly fetch manifest @types/json-schema@^7.0.15
594 silly packumentCache full:https://registry.npmjs.org/@types%2fjson-schema cache-miss
595 silly fetch manifest espree@^10.0.1
596 silly packumentCache full:https://registry.npmjs.org/espree cache-miss
597 silly fetch manifest globals@^14.0.0
598 silly packumentCache full:https://registry.npmjs.org/globals cache-miss
599 silly fetch manifest js-yaml@^4.3.2
600 silly packumentCache full:https://registry.npmjs.org/js-yaml cache-miss
601 silly fetch manifest import-fresh@^3.2.1
602 silly packumentCache full:https://registry.npmjs.org/import-fresh cache-miss
603 silly fetch manifest strip-json-comments@^3.1.1
604 silly packumentCache full:https://registry.npmjs.org/strip-json-comments cache-miss
605 silly fetch manifest levn@^0.4.1
606 silly packumentCache full:https://registry.npmjs.org/levn cache-miss
607 silly fetch manifest @humanfs/core@^0.19.2
608 silly packumentCache full:https://registry.npmjs.org/@humanfs%2fcore cache-miss
609 silly fetch manifest @humanfs/types@^0.15.0
610 silly packumentCache full:https://registry.npmjs.org/@humanfs%2ftypes cache-miss
611 silly fetch manifest @humanwhocodes/retry@^0.4.0
612 silly packumentCache full:https://registry.npmjs.org/@humanwhocodes%2fretry cache-miss
613 silly fetch manifest uri-js@^4.2.2
614 silly packumentCache full:https://registry.npmjs.org/uri-js cache-miss
615 silly fetch manifest fast-deep-equal@^3.1.1
616 silly packumentCache full:https://registry.npmjs.org/fast-deep-equal cache-miss
617 silly fetch manifest json-schema-traverse@^0.4.1
618 silly packumentCache full:https://registry.npmjs.org/json-schema-traverse cache-miss
619 silly fetch manifest fast-json-stable-stringify@^2.0.0
620 silly packumentCache full:https://registry.npmjs.org/fast-json-stable-stringify cache-miss
621 http cache https://registry.npmjs.org/espree 11ms (cache hit)
622 silly packumentCache full:https://registry.npmjs.org/espree set size:326080 disposed:false
623 silly fetch manifest ansi-styles@^4.1.0
624 silly packumentCache full:https://registry.npmjs.org/ansi-styles cache-miss
625 http cache https://registry.npmjs.org/debug 13ms (cache hit)
626 silly packumentCache full:https://registry.npmjs.org/debug set size:195840 disposed:false
627 silly fetch manifest supports-color@^7.1.0
628 silly packumentCache full:https://registry.npmjs.org/supports-color cache-miss
629 http cache https://registry.npmjs.org/globals 14ms (cache hit)
630 silly packumentCache full:https://registry.npmjs.org/globals set size:338968 disposed:false
631 silly fetch manifest which@^2.0.1
632 silly packumentCache full:https://registry.npmjs.org/which cache-miss
633 http cache https://registry.npmjs.org/fast-deep-equal 16ms (cache hit)
634 silly packumentCache full:https://registry.npmjs.org/fast-deep-equal set size:48634 disposed:false
635 silly fetch manifest path-key@^3.1.0
636 silly packumentCache full:https://registry.npmjs.org/path-key cache-miss
637 http cache https://registry.npmjs.org/@humanwhocodes%2fretry 16ms (cache hit)
638 silly packumentCache full:https://registry.npmjs.org/@humanwhocodes%2fretry set size:42348 disposed:false
639 silly fetch manifest shebang-command@^2.0.0
640 silly packumentCache full:https://registry.npmjs.org/shebang-command cache-miss
641 http cache https://registry.npmjs.org/eslint-visitor-keys 18ms (cache hit)
642 silly packumentCache full:https://registry.npmjs.org/eslint-visitor-keys set size:69949 disposed:false
643 silly fetch manifest ms@^2.1.3
644 silly packumentCache full:https://registry.npmjs.org/ms cache-miss
645 http fetch GET 200 https://registry.npmjs.org/fast-json-stable-stringify 39ms (cache miss)
646 silly packumentCache full:https://registry.npmjs.org/fast-json-stable-stringify set size:undefined disposed:false
647 silly fetch manifest esrecurse@^4.3.0
648 silly packumentCache full:https://registry.npmjs.org/esrecurse cache-miss
649 http fetch GET 200 https://registry.npmjs.org/import-fresh 41ms (cache miss)
650 silly packumentCache full:https://registry.npmjs.org/import-fresh set size:undefined disposed:false
651 silly fetch manifest estraverse@^5.2.0
652 silly packumentCache full:https://registry.npmjs.org/estraverse cache-miss
653 http fetch GET 200 https://registry.npmjs.org/strip-json-comments 43ms (cache miss)
654 silly packumentCache full:https://registry.npmjs.org/strip-json-comments set size:undefined disposed:false
655 silly fetch manifest acorn@^8.15.0
656 silly packumentCache full:https://registry.npmjs.org/acorn cache-miss
657 http fetch GET 200 https://registry.npmjs.org/levn 44ms (cache miss)
658 silly packumentCache full:https://registry.npmjs.org/levn set size:undefined disposed:false
659 silly fetch manifest acorn-jsx@^5.3.2
660 silly packumentCache full:https://registry.npmjs.org/acorn-jsx cache-miss
661 http fetch GET 200 https://registry.npmjs.org/json-schema-traverse 44ms (cache miss)
662 silly packumentCache full:https://registry.npmjs.org/json-schema-traverse set size:undefined disposed:false
663 silly fetch manifest estraverse@^5.1.0
664 silly packumentCache full:https://registry.npmjs.org/estraverse cache-miss
665 http fetch GET 200 https://registry.npmjs.org/path-key 29ms (cache miss)
666 silly packumentCache full:https://registry.npmjs.org/path-key set size:undefined disposed:false
667 silly fetch manifest flat-cache@^4.0.0
668 silly packumentCache full:https://registry.npmjs.org/flat-cache cache-miss
669 http fetch GET 200 https://registry.npmjs.org/@humanfs%2fcore 48ms (cache miss)
670 silly packumentCache full:https://registry.npmjs.org/@humanfs%2fcore set size:undefined disposed:false
671 silly fetch manifest locate-path@^6.0.0
672 silly packumentCache full:https://registry.npmjs.org/locate-path cache-miss
673 http fetch GET 200 https://registry.npmjs.org/js-yaml 50ms (cache miss)
674 silly packumentCache full:https://registry.npmjs.org/js-yaml set size:undefined disposed:false
675 silly fetch manifest path-exists@^4.0.0
676 silly packumentCache full:https://registry.npmjs.org/path-exists cache-miss
677 http fetch GET 200 https://registry.npmjs.org/ansi-styles 39ms (cache miss)
678 silly packumentCache full:https://registry.npmjs.org/ansi-styles set size:undefined disposed:false
679 silly fetch manifest is-glob@^4.0.3
680 silly packumentCache full:https://registry.npmjs.org/is-glob cache-miss
681 http fetch GET 200 https://registry.npmjs.org/which 37ms (cache miss)
682 silly packumentCache full:https://registry.npmjs.org/which set size:undefined disposed:false
683 silly fetch manifest is-extglob@^2.1.1
684 silly packumentCache full:https://registry.npmjs.org/is-extglob cache-miss
685 http cache https://registry.npmjs.org/is-glob 2ms (cache hit)
686 silly packumentCache full:https://registry.npmjs.org/is-glob set size:40530 disposed:false
687 silly fetch manifest brace-expansion@^1.1.7
688 silly packumentCache full:https://registry.npmjs.org/brace-expansion cache-miss
689 http fetch GET 200 https://registry.npmjs.org/supports-color 48ms (cache miss)
690 silly packumentCache full:https://registry.npmjs.org/supports-color set size:undefined disposed:false
691 silly fetch manifest prelude-ls@^1.2.1
692 silly packumentCache full:https://registry.npmjs.org/prelude-ls cache-miss
693 http fetch GET 200 https://registry.npmjs.org/shebang-command 49ms (cache miss)
694 silly packumentCache full:https://registry.npmjs.org/shebang-command set size:undefined disposed:false
695 silly fetch manifest deep-is@^0.1.3
696 silly packumentCache full:https://registry.npmjs.org/deep-is cache-miss
697 http fetch GET 200 https://registry.npmjs.org/esrecurse 31ms (cache miss)
698 silly packumentCache full:https://registry.npmjs.org/esrecurse set size:undefined disposed:false
699 silly fetch manifest word-wrap@^1.2.5
700 silly packumentCache full:https://registry.npmjs.org/word-wrap cache-miss
701 http fetch GET 200 https://registry.npmjs.org/acorn-jsx 31ms (cache miss)
702 silly packumentCache full:https://registry.npmjs.org/acorn-jsx set size:undefined disposed:false
703 silly fetch manifest type-check@^0.4.0
704 silly packumentCache full:https://registry.npmjs.org/type-check cache-miss
705 http fetch GET 200 https://registry.npmjs.org/flat-cache 32ms (cache miss)
706 silly packumentCache full:https://registry.npmjs.org/flat-cache set size:undefined disposed:false
707 silly fetch manifest fast-levenshtein@^2.0.6
708 silly packumentCache full:https://registry.npmjs.org/fast-levenshtein cache-miss
709 http fetch GET 200 https://registry.npmjs.org/path-exists 29ms (cache miss)
710 silly packumentCache full:https://registry.npmjs.org/path-exists set size:undefined disposed:false
711 http fetch GET 200 https://registry.npmjs.org/locate-path 32ms (cache miss)
712 silly packumentCache full:https://registry.npmjs.org/locate-path set size:undefined disposed:false
713 http fetch GET 200 https://registry.npmjs.org/estraverse 45ms (cache miss)
714 silly packumentCache full:https://registry.npmjs.org/estraverse set size:undefined disposed:false
715 http fetch GET 200 https://registry.npmjs.org/estraverse 41ms (cache miss)
716 silly packumentCache full:https://registry.npmjs.org/estraverse set size:undefined disposed:false
717 http fetch GET 200 https://registry.npmjs.org/deep-is 36ms (cache miss)
718 silly packumentCache full:https://registry.npmjs.org/deep-is set size:undefined disposed:false
719 http fetch GET 200 https://registry.npmjs.org/brace-expansion 47ms (cache miss)
720 silly packumentCache full:https://registry.npmjs.org/brace-expansion set size:undefined disposed:false
721 http fetch GET 200 https://registry.npmjs.org/word-wrap 32ms (cache miss)
722 silly packumentCache full:https://registry.npmjs.org/word-wrap set size:undefined disposed:false
723 http fetch GET 200 https://registry.npmjs.org/type-check 33ms (cache miss)
724 silly packumentCache full:https://registry.npmjs.org/type-check set size:undefined disposed:false
725 http fetch GET 200 https://registry.npmjs.org/fast-levenshtein 33ms (cache miss)
726 silly packumentCache full:https://registry.npmjs.org/fast-levenshtein set size:undefined disposed:false
727 http fetch GET 200 https://registry.npmjs.org/uri-js 196ms (cache miss)
728 silly packumentCache full:https://registry.npmjs.org/uri-js set size:undefined disposed:false
729 http fetch GET 200 https://registry.npmjs.org/@eslint%2fobject-schema 204ms (cache miss)
730 silly packumentCache full:https://registry.npmjs.org/@eslint%2fobject-schema set size:undefined disposed:false
731 http fetch GET 200 https://registry.npmjs.org/@types%2fjson-schema 205ms (cache miss)
732 silly packumentCache full:https://registry.npmjs.org/@types%2fjson-schema set size:undefined disposed:false
733 http fetch GET 200 https://registry.npmjs.org/@humanfs%2ftypes 204ms (cache miss)
734 silly packumentCache full:https://registry.npmjs.org/@humanfs%2ftypes set size:undefined disposed:false
735 http fetch GET 200 https://registry.npmjs.org/is-extglob 196ms (cache miss)
736 silly packumentCache full:https://registry.npmjs.org/is-extglob set size:undefined disposed:false
737 http fetch GET 200 https://registry.npmjs.org/ms 232ms (cache miss)
738 silly packumentCache full:https://registry.npmjs.org/ms set size:undefined disposed:false
739 http fetch GET 200 https://registry.npmjs.org/prelude-ls 195ms (cache miss)
740 silly packumentCache full:https://registry.npmjs.org/prelude-ls set size:undefined disposed:false
741 http fetch GET 200 https://registry.npmjs.org/acorn 257ms (cache miss)
742 silly packumentCache full:https://registry.npmjs.org/acorn set size:undefined disposed:false
743 silly placeDep node_modules/@eslint-community/eslint-utils eslint-visitor-keys@3.4.3 OK for: @eslint-community/eslint-utils@4.10.1 want: ^3.4.3
744 silly placeDep ROOT @eslint/object-schema@2.1.7 OK for: @eslint/config-array@0.21.2 want: ^2.1.7
745 silly placeDep ROOT @types/json-schema@7.0.15 OK for: @eslint/core@0.17.0 want: ^7.0.15
746 silly placeDep ROOT globals@14.0.0 OK for: @eslint/eslintrc@3.3.7 want: ^14.0.0
747 silly placeDep ROOT import-fresh@3.3.1 OK for: @eslint/eslintrc@3.3.7 want: ^3.2.1
748 silly placeDep ROOT js-yaml@4.3.2 OK for: @eslint/eslintrc@3.3.7 want: ^4.3.2
749 silly placeDep ROOT strip-json-comments@3.1.1 OK for: @eslint/eslintrc@3.3.7 want: ^3.1.1
750 silly fetch manifest resolve-from@^4.0.0
751 silly packumentCache full:https://registry.npmjs.org/resolve-from cache-miss
752 silly fetch manifest parent-module@^1.0.0
753 silly packumentCache full:https://registry.npmjs.org/parent-module cache-miss
754 silly fetch manifest argparse@^2.0.1
755 silly packumentCache full:https://registry.npmjs.org/argparse cache-miss
756 http fetch GET 200 https://registry.npmjs.org/argparse 29ms (cache miss)
757 silly packumentCache full:https://registry.npmjs.org/argparse set size:undefined disposed:false
758 http fetch GET 200 https://registry.npmjs.org/resolve-from 30ms (cache miss)
759 silly packumentCache full:https://registry.npmjs.org/resolve-from set size:undefined disposed:false
760 http fetch GET 200 https://registry.npmjs.org/parent-module 197ms (cache miss)
761 silly packumentCache full:https://registry.npmjs.org/parent-module set size:undefined disposed:false
762 silly placeDep ROOT levn@0.4.1 OK for: @eslint/plugin-kit@0.4.1 want: ^0.4.1
763 silly fetch manifest type-check@~0.4.0
764 silly packumentCache full:https://registry.npmjs.org/type-check cache-miss
765 http cache https://registry.npmjs.org/type-check 3ms (cache hit)
766 silly packumentCache full:https://registry.npmjs.org/type-check set size:21221 disposed:false
767 silly placeDep ROOT @humanfs/core@0.19.2 OK for: @humanfs/node@0.16.8 want: ^0.19.2
768 silly placeDep ROOT @humanfs/types@0.15.0 OK for: @humanfs/node@0.16.8 want: ^0.15.0
769 silly placeDep ROOT fast-json-stable-stringify@2.1.0 OK for: ajv@6.15.0 want: ^2.0.0
770 silly placeDep ROOT json-schema-traverse@0.4.1 OK for: ajv@6.15.0 want: ^0.4.1
771 silly placeDep ROOT uri-js@4.4.1 OK for: ajv@6.15.0 want: ^4.2.2
772 silly fetch manifest punycode@^2.1.0
773 silly packumentCache full:https://registry.npmjs.org/punycode cache-miss
774 http fetch GET 200 https://registry.npmjs.org/punycode 36ms (cache miss)
775 silly packumentCache full:https://registry.npmjs.org/punycode set size:undefined disposed:false
776 silly placeDep ROOT ansi-styles@4.3.0 OK for: chalk@4.1.2 want: ^4.1.0
777 silly placeDep ROOT supports-color@7.2.0 OK for: chalk@4.1.2 want: ^7.1.0
778 silly fetch manifest color-convert@^2.0.1
779 silly packumentCache full:https://registry.npmjs.org/color-convert cache-miss
780 silly fetch manifest has-flag@^4.0.0
781 silly packumentCache full:https://registry.npmjs.org/has-flag cache-miss
782 http fetch GET 200 https://registry.npmjs.org/has-flag 34ms (cache miss)
783 silly packumentCache full:https://registry.npmjs.org/has-flag set size:undefined disposed:false
784 http fetch GET 200 https://registry.npmjs.org/color-convert 35ms (cache miss)
785 silly packumentCache full:https://registry.npmjs.org/color-convert set size:undefined disposed:false
786 silly placeDep ROOT color-convert@2.0.1 OK for: ansi-styles@4.3.0 want: ^2.0.1
787 silly fetch manifest color-name@~1.1.4
788 silly packumentCache full:https://registry.npmjs.org/color-name cache-miss
789 http fetch GET 200 https://registry.npmjs.org/color-name 29ms (cache miss)
790 silly packumentCache full:https://registry.npmjs.org/color-name set size:undefined disposed:false
791 silly placeDep ROOT color-name@1.1.4 OK for: color-convert@2.0.1 want: ~1.1.4
792 silly placeDep ROOT path-key@3.1.1 OK for: cross-spawn@7.0.6 want: ^3.1.0
793 silly placeDep ROOT shebang-command@2.0.0 OK for: cross-spawn@7.0.6 want: ^2.0.0
794 silly placeDep ROOT which@2.0.2 OK for: cross-spawn@7.0.6 want: ^2.0.1
795 silly fetch manifest shebang-regex@^3.0.0
796 silly packumentCache full:https://registry.npmjs.org/shebang-regex cache-miss
797 silly fetch manifest isexe@^2.0.0
798 silly packumentCache full:https://registry.npmjs.org/isexe cache-miss
799 http fetch GET 200 https://registry.npmjs.org/isexe 31ms (cache miss)
800 silly packumentCache full:https://registry.npmjs.org/isexe set size:undefined disposed:false
801 http fetch GET 200 https://registry.npmjs.org/shebang-regex 484ms (cache miss)
802 silly packumentCache full:https://registry.npmjs.org/shebang-regex set size:undefined disposed:false
803 silly placeDep ROOT ms@2.1.3 OK for: debug@4.4.3 want: ^2.1.3
804 silly fetch manifest eslint@>=9.0.0
805 silly packumentCache full:https://registry.npmjs.org/eslint cache-miss
806 http cache https://registry.npmjs.org/eslint 3ms (cache hit)
807 silly packumentCache full:https://registry.npmjs.org/eslint set size:2085131 disposed:false
808 silly fetch manifest typescript@>=3.3.1
809 silly packumentCache full:https://registry.npmjs.org/typescript cache-miss
810 http cache https://registry.npmjs.org/typescript 15ms (cache hit)
811 silly packumentCache full:https://registry.npmjs.org/typescript set size:15723265 disposed:false
812 silly fetch manifest typescript@>=4.8.4 <6.1.0
813 silly packumentCache full:https://registry.npmjs.org/typescript cache-miss
814 http cache https://registry.npmjs.org/typescript 14ms (cache hit)
815 silly packumentCache full:https://registry.npmjs.org/typescript set size:15723265 disposed:false
816 silly fetch manifest eslint@^3 || ^4 || ^5 || ^6 || ^7 || ^8 || ^9.7
817 silly packumentCache full:https://registry.npmjs.org/eslint cache-miss
818 http cache https://registry.npmjs.org/eslint 3ms (cache hit)
819 silly packumentCache full:https://registry.npmjs.org/eslint set size:2085131 disposed:false
820 silly fetch manifest eslint@^2 || ^3 || ^4 || ^5 || ^6 || ^7.2.0 || ^8 || ^9
821 silly packumentCache full:https://registry.npmjs.org/eslint cache-miss
822 http cache https://registry.npmjs.org/eslint 4ms (cache hit)
823 silly packumentCache full:https://registry.npmjs.org/eslint set size:2085131 disposed:false
824 silly fetch manifest eslint@^3 || ^4 || ^5 || ^6 || ^7 || ^8 || ^9
825 silly packumentCache full:https://registry.npmjs.org/eslint cache-miss
826 http cache https://registry.npmjs.org/eslint 3ms (cache hit)
827 silly packumentCache full:https://registry.npmjs.org/eslint set size:2085131 disposed:false
828 silly fetch manifest eslint-plugin-import-x@*
829 silly packumentCache full:https://registry.npmjs.org/eslint-plugin-import-x cache-miss
830 http fetch GET 200 https://registry.npmjs.org/eslint-plugin-import-x 207ms (cache miss)
831 silly packumentCache full:https://registry.npmjs.org/eslint-plugin-import-x set size:undefined disposed:false
832 silly fetch manifest @typescript-eslint/utils@^8.56.0
833 silly packumentCache full:https://registry.npmjs.org/@typescript-eslint%2futils cache-miss
834 http fetch GET 200 https://registry.npmjs.org/@typescript-eslint%2futils 664ms (cache miss)
835 silly packumentCache full:https://registry.npmjs.org/@typescript-eslint%2futils set size:undefined disposed:false
836 silly placeDep ROOT @next/eslint-plugin-next@16.3.6 OK for: eslint-config-next@16.3.6 want: 16.3.6
837 silly placeDep ROOT eslint-import-resolver-node@0.3.10 OK for: eslint-config-next@16.3.6 want: ^0.3.6
838 silly placeDep ROOT eslint-import-resolver-typescript@3.10.1 OK for: eslint-config-next@16.3.6 want: ^3.5.2
839 silly placeDep ROOT eslint-plugin-import@2.32.0 OK for: eslint-config-next@16.3.6 want: ^2.32.0
840 silly placeDep ROOT eslint-plugin-jsx-a11y@6.10.2 OK for: eslint-config-next@16.3.6 want: ^6.10.0
841 silly placeDep ROOT eslint-plugin-react@7.37.5 OK for: eslint-config-next@16.3.6 want: ^7.37.0
842 silly placeDep ROOT eslint-plugin-react-hooks@7.1.1 OK for: eslint-config-next@16.3.6 want: ^7.0.0
843 silly placeDep node_modules/eslint-config-next globals@16.4.0 OK for: eslint-config-next@16.3.6 want: 16.4.0
844 silly placeDep ROOT typescript-eslint@8.70.1 OK for: eslint-config-next@16.3.6 want: ^8.46.0
845 silly fetch manifest fast-glob@3.3.1
846 silly packumentCache full:https://registry.npmjs.org/fast-glob cache-miss
847 silly fetch manifest @eslint-community/eslint-utils@4.9.1
848 silly packumentCache full:https://registry.npmjs.org/@eslint-community%2feslint-utils cache-miss
849 silly fetch manifest debug@^3.2.7
850 silly packumentCache full:https://registry.npmjs.org/debug cache-hit
851 silly fetch manifest resolve@^2.0.0-next.6
852 silly packumentCache full:https://registry.npmjs.org/resolve cache-miss
853 silly fetch manifest is-core-module@^2.16.1
854 silly packumentCache full:https://registry.npmjs.org/is-core-module cache-miss
855 silly fetch manifest tinyglobby@^0.2.13
856 silly packumentCache full:https://registry.npmjs.org/tinyglobby cache-miss
857 silly fetch manifest stable-hash@^0.0.5
858 silly packumentCache full:https://registry.npmjs.org/stable-hash cache-miss
859 silly fetch manifest get-tsconfig@^4.10.0
860 silly packumentCache full:https://registry.npmjs.org/get-tsconfig cache-miss
861 silly fetch manifest is-bun-module@^2.0.0
862 silly packumentCache full:https://registry.npmjs.org/is-bun-module cache-miss
863 silly fetch manifest unrs-resolver@^1.6.2
864 silly packumentCache full:https://registry.npmjs.org/unrs-resolver cache-miss
865 silly fetch manifest @nolyfill/is-core-module@1.0.39
866 silly packumentCache full:https://registry.npmjs.org/@nolyfill%2fis-core-module cache-miss
867 silly fetch manifest @rtsao/scc@^1.1.0
868 silly packumentCache full:https://registry.npmjs.org/@rtsao%2fscc cache-miss
869 silly fetch manifest array-includes@^3.1.9
870 silly packumentCache full:https://registry.npmjs.org/array-includes cache-miss
871 silly fetch manifest array.prototype.findlastindex@^1.2.6
872 silly packumentCache full:https://registry.npmjs.org/array.prototype.findlastindex cache-miss
873 silly fetch manifest array.prototype.flat@^1.3.3
874 silly packumentCache full:https://registry.npmjs.org/array.prototype.flat cache-miss
875 silly fetch manifest array.prototype.flatmap@^1.3.3
876 silly packumentCache full:https://registry.npmjs.org/array.prototype.flatmap cache-miss
877 silly fetch manifest debug@^3.2.7
878 silly packumentCache full:https://registry.npmjs.org/debug cache-hit
879 silly fetch manifest doctrine@^2.1.0
880 silly packumentCache full:https://registry.npmjs.org/doctrine cache-miss
881 silly fetch manifest eslint-module-utils@^2.12.1
882 silly packumentCache full:https://registry.npmjs.org/eslint-module-utils cache-miss
883 http cache https://registry.npmjs.org/@eslint-community%2feslint-utils 7ms (cache hit)
884 silly packumentCache full:https://registry.npmjs.org/@eslint-community%2feslint-utils set size:108339 disposed:false
885 silly fetch manifest hasown@^2.0.2
886 silly packumentCache full:https://registry.npmjs.org/hasown cache-miss
887 http fetch GET 200 https://registry.npmjs.org/get-tsconfig 37ms (cache miss)
888 silly packumentCache full:https://registry.npmjs.org/get-tsconfig set size:undefined disposed:false
889 silly fetch manifest is-core-module@^2.16.1
890 silly packumentCache full:https://registry.npmjs.org/is-core-module cache-miss
891 http fetch GET 200 https://registry.npmjs.org/array.prototype.findlastindex 42ms (cache miss)
892 silly packumentCache full:https://registry.npmjs.org/array.prototype.findlastindex set size:undefined disposed:false
893 silly fetch manifest object.fromentries@^2.0.8
894 silly packumentCache full:https://registry.npmjs.org/object.fromentries cache-miss
895 http fetch GET 200 https://registry.npmjs.org/array.prototype.flatmap 43ms (cache miss)
896 silly packumentCache full:https://registry.npmjs.org/array.prototype.flatmap set size:undefined disposed:false
897 silly fetch manifest object.groupby@^1.0.3
898 silly packumentCache full:https://registry.npmjs.org/object.groupby cache-miss
899 http fetch GET 200 https://registry.npmjs.org/tinyglobby 45ms (cache miss)
900 silly packumentCache full:https://registry.npmjs.org/tinyglobby set size:undefined disposed:false
901 silly fetch manifest object.values@^1.2.1
902 silly packumentCache full:https://registry.npmjs.org/object.values cache-miss
903 http fetch GET 200 https://registry.npmjs.org/array-includes 45ms (cache miss)
904 silly packumentCache full:https://registry.npmjs.org/array-includes set size:undefined disposed:false
905 silly fetch manifest semver@^6.3.1
906 silly packumentCache full:https://registry.npmjs.org/semver cache-miss
907 http fetch GET 200 https://registry.npmjs.org/array.prototype.flat 47ms (cache miss)
908 silly packumentCache full:https://registry.npmjs.org/array.prototype.flat set size:undefined disposed:false
909 silly fetch manifest string.prototype.trimend@^1.0.9
910 silly packumentCache full:https://registry.npmjs.org/string.prototype.trimend cache-miss
911 http fetch GET 200 https://registry.npmjs.org/unrs-resolver 47ms (cache miss)
912 silly packumentCache full:https://registry.npmjs.org/unrs-resolver set size:undefined disposed:false
913 silly fetch manifest tsconfig-paths@^3.15.0
914 silly packumentCache full:https://registry.npmjs.org/tsconfig-paths cache-miss
915 http fetch GET 200 https://registry.npmjs.org/fast-glob 56ms (cache miss)
916 silly packumentCache full:https://registry.npmjs.org/fast-glob set size:undefined disposed:false
917 silly fetch manifest aria-query@^5.3.2
918 silly packumentCache full:https://registry.npmjs.org/aria-query cache-miss
919 http fetch GET 200 https://registry.npmjs.org/resolve 64ms (cache miss)
920 silly packumentCache full:https://registry.npmjs.org/resolve set size:undefined disposed:false
921 silly fetch manifest array-includes@^3.1.8
922 silly packumentCache full:https://registry.npmjs.org/array-includes cache-miss
923 http fetch GET 200 https://registry.npmjs.org/eslint-module-utils 65ms (cache miss)
924 silly packumentCache full:https://registry.npmjs.org/eslint-module-utils set size:undefined disposed:false
925 silly fetch manifest array.prototype.flatmap@^1.3.2
926 silly packumentCache full:https://registry.npmjs.org/array.prototype.flatmap cache-miss
927 http cache https://registry.npmjs.org/array-includes 5ms (cache hit)
928 silly packumentCache full:https://registry.npmjs.org/array-includes set size:80888 disposed:false
929 silly fetch manifest ast-types-flow@^0.0.8
930 silly packumentCache full:https://registry.npmjs.org/ast-types-flow cache-miss
931 http fetch GET 200 https://registry.npmjs.org/hasown 65ms (cache miss)
932 silly packumentCache full:https://registry.npmjs.org/hasown set size:undefined disposed:false
933 silly fetch manifest axe-core@^4.10.0
934 silly packumentCache full:https://registry.npmjs.org/axe-core cache-miss
935 http cache https://registry.npmjs.org/array.prototype.flatmap 6ms (cache hit)
936 silly packumentCache full:https://registry.npmjs.org/array.prototype.flatmap set size:51458 disposed:false
937 silly fetch manifest axobject-query@^4.1.0
938 silly packumentCache full:https://registry.npmjs.org/axobject-query cache-miss
939 http fetch GET 200 https://registry.npmjs.org/object.fromentries 32ms (cache miss)
940 silly packumentCache full:https://registry.npmjs.org/object.fromentries set size:undefined disposed:false
941 silly fetch manifest damerau-levenshtein@^1.0.8
942 silly packumentCache full:https://registry.npmjs.org/damerau-levenshtein cache-miss
943 http fetch GET 200 https://registry.npmjs.org/object.groupby 35ms (cache miss)
944 silly packumentCache full:https://registry.npmjs.org/object.groupby set size:undefined disposed:false
945 silly fetch manifest emoji-regex@^9.2.2
946 silly packumentCache full:https://registry.npmjs.org/emoji-regex cache-miss
947 http fetch GET 200 https://registry.npmjs.org/string.prototype.trimend 39ms (cache miss)
948 silly packumentCache full:https://registry.npmjs.org/string.prototype.trimend set size:undefined disposed:false
949 silly fetch manifest jsx-ast-utils@^3.3.5
950 silly packumentCache full:https://registry.npmjs.org/jsx-ast-utils cache-miss
951 http fetch GET 200 https://registry.npmjs.org/ast-types-flow 29ms (cache miss)
952 silly packumentCache full:https://registry.npmjs.org/ast-types-flow set size:undefined disposed:false
953 silly fetch manifest language-tags@^1.0.9
954 silly packumentCache full:https://registry.npmjs.org/language-tags cache-miss
955 http fetch GET 200 https://registry.npmjs.org/tsconfig-paths 61ms (cache miss)
956 silly packumentCache full:https://registry.npmjs.org/tsconfig-paths set size:undefined disposed:false
957 silly fetch manifest safe-regex-test@^1.0.3
958 silly packumentCache full:https://registry.npmjs.org/safe-regex-test cache-miss
959 http fetch GET 200 https://registry.npmjs.org/semver 72ms (cache miss)
960 silly packumentCache full:https://registry.npmjs.org/semver set size:undefined disposed:false
961 silly fetch manifest string.prototype.includes@^2.0.1
962 silly packumentCache full:https://registry.npmjs.org/string.prototype.includes cache-miss
963 http fetch GET 200 https://registry.npmjs.org/axobject-query 49ms (cache miss)
964 silly packumentCache full:https://registry.npmjs.org/axobject-query set size:undefined disposed:false
965 silly fetch manifest array.prototype.findlast@^1.2.5
966 silly packumentCache full:https://registry.npmjs.org/array.prototype.findlast cache-miss
967 http fetch GET 200 https://registry.npmjs.org/emoji-regex 54ms (cache miss)
968 silly packumentCache full:https://registry.npmjs.org/emoji-regex set size:undefined disposed:false
969 silly fetch manifest array.prototype.tosorted@^1.1.4
970 silly packumentCache full:https://registry.npmjs.org/array.prototype.tosorted cache-miss
971 http fetch GET 200 https://registry.npmjs.org/safe-regex-test 46ms (cache miss)
972 silly packumentCache full:https://registry.npmjs.org/safe-regex-test set size:undefined disposed:false
973 silly fetch manifest doctrine@^2.1.0
974 silly packumentCache full:https://registry.npmjs.org/doctrine cache-miss
975 http fetch GET 200 https://registry.npmjs.org/string.prototype.includes 42ms (cache miss)
976 silly packumentCache full:https://registry.npmjs.org/string.prototype.includes set size:undefined disposed:false
977 silly fetch manifest es-iterator-helpers@^1.2.1
978 silly packumentCache full:https://registry.npmjs.org/es-iterator-helpers cache-miss
979 http fetch GET 200 https://registry.npmjs.org/stable-hash 188ms (cache miss)
980 silly packumentCache full:https://registry.npmjs.org/stable-hash set size:undefined disposed:false
981 silly fetch manifest estraverse@^5.3.0
982 silly packumentCache full:https://registry.npmjs.org/estraverse cache-miss
983 http fetch GET 200 https://registry.npmjs.org/array.prototype.tosorted 56ms (cache miss)
984 silly packumentCache full:https://registry.npmjs.org/array.prototype.tosorted set size:undefined disposed:false
985 silly fetch manifest jsx-ast-utils@^2.4.1 || ^3.0.0
986 silly packumentCache full:https://registry.npmjs.org/jsx-ast-utils cache-miss
987 http fetch GET 200 https://registry.npmjs.org/doctrine 191ms (cache miss)
988 silly packumentCache full:https://registry.npmjs.org/doctrine set size:undefined disposed:false
989 silly fetch manifest object.entries@^1.1.9
990 silly packumentCache full:https://registry.npmjs.org/object.entries cache-miss
991 http cache https://registry.npmjs.org/estraverse 5ms (cache hit)
992 silly packumentCache full:https://registry.npmjs.org/estraverse set size:62412 disposed:false
993 silly fetch manifest object.values@^1.2.1
994 silly packumentCache full:https://registry.npmjs.org/object.values cache-miss
995 http fetch GET 200 https://registry.npmjs.org/array.prototype.findlast 73ms (cache miss)
996 silly packumentCache full:https://registry.npmjs.org/array.prototype.findlast set size:undefined disposed:false
997 silly fetch manifest prop-types@^15.8.1
998 silly packumentCache full:https://registry.npmjs.org/prop-types cache-miss
999 http fetch GET 200 https://registry.npmjs.org/is-core-module 159ms (cache miss)
1000 silly packumentCache full:https://registry.npmjs.org/is-core-module set size:undefined disposed:false
1001 silly fetch manifest resolve@^2.0.0-next.5
1002 silly packumentCache full:https://registry.npmjs.org/resolve cache-miss
1003 http fetch GET 200 https://registry.npmjs.org/is-core-module 198ms (cache miss)
1004 silly packumentCache full:https://registry.npmjs.org/is-core-module set size:undefined disposed:false
1005 silly fetch manifest string.prototype.matchall@^4.0.12
1006 silly packumentCache full:https://registry.npmjs.org/string.prototype.matchall cache-miss
1007 http fetch GET 200 https://registry.npmjs.org/is-bun-module 198ms (cache miss)
1008 silly packumentCache full:https://registry.npmjs.org/is-bun-module set size:undefined disposed:false
1009 silly fetch manifest string.prototype.repeat@^1.0.0
1010 silly packumentCache full:https://registry.npmjs.org/string.prototype.repeat cache-miss
1011 http cache https://registry.npmjs.org/resolve 3ms (cache hit)
1012 silly packumentCache full:https://registry.npmjs.org/resolve set size:244568 disposed:false
1013 silly fetch manifest zod@^3.25.0 || ^4.0.0
1014 silly packumentCache full:https://registry.npmjs.org/zod cache-miss
1015 http fetch GET 200 https://registry.npmjs.org/@rtsao%2fscc 215ms (cache miss)
1016 silly packumentCache full:https://registry.npmjs.org/@rtsao%2fscc set size:undefined disposed:false
1017 silly fetch manifest @babel/core@^7.24.4
1018 silly packumentCache full:https://registry.npmjs.org/@babel%2fcore cache-miss
1019 http fetch GET 200 https://registry.npmjs.org/doctrine 63ms (cache miss)
1020 silly packumentCache full:https://registry.npmjs.org/doctrine set size:undefined disposed:false
1021 silly fetch manifest @babel/parser@^7.24.4
1022 silly packumentCache full:https://registry.npmjs.org/@babel%2fparser cache-miss
1023 http fetch GET 200 https://registry.npmjs.org/object.entries 31ms (cache miss)
1024 silly packumentCache full:https://registry.npmjs.org/object.entries set size:undefined disposed:false
1025 silly fetch manifest hermes-parser@^0.25.1
1026 silly packumentCache full:https://registry.npmjs.org/hermes-parser cache-miss
1027 http fetch GET 200 https://registry.npmjs.org/prop-types 43ms (cache miss)
1028 silly packumentCache full:https://registry.npmjs.org/prop-types set size:undefined disposed:false
1029 silly fetch manifest zod-validation-error@^3.5.0 || ^4.0.0
1030 silly packumentCache full:https://registry.npmjs.org/zod-validation-error cache-miss
1031 http fetch GET 200 https://registry.npmjs.org/object.values 198ms (cache miss)
1032 silly packumentCache full:https://registry.npmjs.org/object.values set size:undefined disposed:false
1033 silly fetch manifest @typescript-eslint/utils@8.70.1
1034 silly packumentCache full:https://registry.npmjs.org/@typescript-eslint%2futils cache-miss
1035 http fetch GET 200 https://registry.npmjs.org/object.values 48ms (cache miss)
1036 silly packumentCache full:https://registry.npmjs.org/object.values set size:undefined disposed:false
1037 silly fetch manifest @typescript-eslint/parser@8.70.1
1038 silly packumentCache full:https://registry.npmjs.org/@typescript-eslint%2fparser cache-miss
1039 http fetch GET 200 https://registry.npmjs.org/string.prototype.matchall 46ms (cache miss)
1040 silly packumentCache full:https://registry.npmjs.org/string.prototype.matchall set size:undefined disposed:false
1041 silly fetch manifest @typescript-eslint/eslint-plugin@8.70.1
1042 silly packumentCache full:https://registry.npmjs.org/@typescript-eslint%2feslint-plugin cache-miss
1043 http cache https://registry.npmjs.org/@typescript-eslint%2futils 10ms (cache hit)
1044 silly packumentCache full:https://registry.npmjs.org/@typescript-eslint%2futils set size:10985358 disposed:false
1045 silly fetch manifest @typescript-eslint/typescript-estree@8.70.1
1046 silly packumentCache full:https://registry.npmjs.org/@typescript-eslint%2ftypescript-estree cache-miss
1047 http fetch GET 200 https://registry.npmjs.org/aria-query 221ms (cache miss)
1048 silly packumentCache full:https://registry.npmjs.org/aria-query set size:undefined disposed:false
1049 http fetch GET 200 https://registry.npmjs.org/damerau-levenshtein 203ms (cache miss)
1050 silly packumentCache full:https://registry.npmjs.org/damerau-levenshtein set size:undefined disposed:false
1051 http fetch GET 200 https://registry.npmjs.org/zod-validation-error 54ms (cache miss)
1052 silly packumentCache full:https://registry.npmjs.org/zod-validation-error set size:undefined disposed:false
1053 http fetch GET 200 https://registry.npmjs.org/language-tags 208ms (cache miss)
1054 silly packumentCache full:https://registry.npmjs.org/language-tags set size:undefined disposed:false
1055 http fetch GET 200 https://registry.npmjs.org/jsx-ast-utils 225ms (cache miss)
1056 silly packumentCache full:https://registry.npmjs.org/jsx-ast-utils set size:undefined disposed:false
1057 http fetch GET 200 https://registry.npmjs.org/jsx-ast-utils 127ms (cache miss)
1058 silly packumentCache full:https://registry.npmjs.org/jsx-ast-utils set size:undefined disposed:false
1059 http fetch GET 200 https://registry.npmjs.org/@babel%2fcore 123ms (cache miss)
1060 silly packumentCache full:https://registry.npmjs.org/@babel%2fcore set size:undefined disposed:false
1061 http fetch GET 200 https://registry.npmjs.org/@babel%2fparser 178ms (cache miss)
1062 silly packumentCache full:https://registry.npmjs.org/@babel%2fparser set size:undefined disposed:false
1063 http fetch GET 200 https://registry.npmjs.org/es-iterator-helpers 241ms (cache miss)
1064 silly packumentCache full:https://registry.npmjs.org/es-iterator-helpers set size:undefined disposed:false
1065 http fetch GET 200 https://registry.npmjs.org/@nolyfill%2fis-core-module 428ms (cache miss)
1066 silly packumentCache full:https://registry.npmjs.org/@nolyfill%2fis-core-module set size:undefined disposed:false
1067 http fetch GET 200 https://registry.npmjs.org/string.prototype.repeat 234ms (cache miss)
1068 silly packumentCache full:https://registry.npmjs.org/string.prototype.repeat set size:undefined disposed:false
1069 http fetch GET 200 https://registry.npmjs.org/zod 292ms (cache miss)
1070 silly packumentCache full:https://registry.npmjs.org/zod set size:undefined disposed:false
1071 http fetch GET 200 https://registry.npmjs.org/hermes-parser 286ms (cache miss)
1072 silly packumentCache full:https://registry.npmjs.org/hermes-parser set size:undefined disposed:false
1073 http fetch GET 200 https://registry.npmjs.org/axe-core 545ms (cache miss)
1074 silly packumentCache full:https://registry.npmjs.org/axe-core set size:undefined disposed:false
1075 http fetch GET 200 https://registry.npmjs.org/@typescript-eslint%2feslint-plugin 551ms (cache miss)
1076 silly packumentCache full:https://registry.npmjs.org/@typescript-eslint%2feslint-plugin set size:undefined disposed:false
1077 http fetch GET 200 https://registry.npmjs.org/@typescript-eslint%2fparser 1245ms (cache miss)
1078 silly packumentCache full:https://registry.npmjs.org/@typescript-eslint%2fparser set size:undefined disposed:false
1079 http fetch GET 200 https://registry.npmjs.org/@typescript-eslint%2ftypescript-estree 1334ms (cache miss)
1080 silly packumentCache full:https://registry.npmjs.org/@typescript-eslint%2ftypescript-estree set size:undefined disposed:false
1081 silly placeDep node_modules/@next/eslint-plugin-next @eslint-community/eslint-utils@4.9.1 OK for: @next/eslint-plugin-next@16.3.6 want: 4.9.1
1082 silly placeDep ROOT fast-glob@3.3.1 OK for: @next/eslint-plugin-next@16.3.6 want: 3.3.1
1083 silly fetch manifest merge2@^1.3.0
1084 silly packumentCache full:https://registry.npmjs.org/merge2 cache-miss
1085 silly fetch manifest micromatch@^4.0.4
1086 silly packumentCache full:https://registry.npmjs.org/micromatch cache-miss
1087 silly fetch manifest glob-parent@^5.1.2
1088 silly packumentCache full:https://registry.npmjs.org/glob-parent cache-miss
1089 silly fetch manifest @nodelib/fs.stat@^2.0.2
1090 silly packumentCache full:https://registry.npmjs.org/@nodelib%2ffs.stat cache-miss
1091 silly fetch manifest @nodelib/fs.walk@^1.2.3
1092 silly packumentCache full:https://registry.npmjs.org/@nodelib%2ffs.walk cache-miss
1093 http cache https://registry.npmjs.org/glob-parent 5ms (cache hit)
1094 silly packumentCache full:https://registry.npmjs.org/glob-parent set size:42445 disposed:false
1095 http fetch GET 200 https://registry.npmjs.org/merge2 44ms (cache miss)
1096 silly packumentCache full:https://registry.npmjs.org/merge2 set size:undefined disposed:false
1097 http fetch GET 200 https://registry.npmjs.org/@nodelib%2ffs.stat 45ms (cache miss)
1098 silly packumentCache full:https://registry.npmjs.org/@nodelib%2ffs.stat set size:undefined disposed:false
1099 http fetch GET 200 https://registry.npmjs.org/@nodelib%2ffs.walk 49ms (cache miss)
1100 silly packumentCache full:https://registry.npmjs.org/@nodelib%2ffs.walk set size:undefined disposed:false
1101 http fetch GET 200 https://registry.npmjs.org/micromatch 51ms (cache miss)
1102 silly packumentCache full:https://registry.npmjs.org/micromatch set size:undefined disposed:false
1103 silly placeDep node_modules/eslint-import-resolver-node debug@3.2.7 OK for: eslint-import-resolver-node@0.3.10 want: ^3.2.7
1104 silly placeDep ROOT is-core-module@2.17.0 OK for: eslint-import-resolver-node@0.3.10 want: ^2.16.1
1105 silly placeDep ROOT resolve@2.0.0-next.7 OK for: eslint-import-resolver-node@0.3.10 want: ^2.0.0-next.6
1106 silly fetch manifest hasown@^2.0.4
1107 silly packumentCache full:https://registry.npmjs.org/hasown cache-miss
1108 silly fetch manifest es-errors@^1.3.0
1109 silly packumentCache full:https://registry.npmjs.org/es-errors cache-miss
1110 silly fetch manifest node-exports-info@^1.6.0
1111 silly packumentCache full:https://registry.npmjs.org/node-exports-info cache-miss
1112 silly fetch manifest object-keys@^1.1.1
1113 silly packumentCache full:https://registry.npmjs.org/object-keys cache-miss
1114 silly fetch manifest path-parse@^1.0.7
1115 silly packumentCache full:https://registry.npmjs.org/path-parse cache-miss
1116 silly fetch manifest supports-preserve-symlinks-flag@^1.0.0
1117 silly packumentCache full:https://registry.npmjs.org/supports-preserve-symlinks-flag cache-miss
1118 http cache https://registry.npmjs.org/hasown 3ms (cache hit)
1119 silly packumentCache full:https://registry.npmjs.org/hasown set size:18361 disposed:false
1120 http fetch GET 200 https://registry.npmjs.org/node-exports-info 31ms (cache miss)
1121 silly packumentCache full:https://registry.npmjs.org/node-exports-info set size:undefined disposed:false
1122 http fetch GET 200 https://registry.npmjs.org/es-errors 179ms (cache miss)
1123 silly packumentCache full:https://registry.npmjs.org/es-errors set size:undefined disposed:false
1124 http fetch GET 200 https://registry.npmjs.org/path-parse 181ms (cache miss)
1125 silly packumentCache full:https://registry.npmjs.org/path-parse set size:undefined disposed:false
1126 http fetch GET 200 https://registry.npmjs.org/supports-preserve-symlinks-flag 185ms (cache miss)
1127 silly packumentCache full:https://registry.npmjs.org/supports-preserve-symlinks-flag set size:undefined disposed:false
1128 http fetch GET 200 https://registry.npmjs.org/object-keys 190ms (cache miss)
1129 silly packumentCache full:https://registry.npmjs.org/object-keys set size:undefined disposed:false
1130 silly placeDep ROOT @nolyfill/is-core-module@1.0.39 OK for: eslint-import-resolver-typescript@3.10.1 want: 1.0.39
1131 silly placeDep ROOT get-tsconfig@4.14.3 OK for: eslint-import-resolver-typescript@3.10.1 want: ^4.10.0
1132 silly placeDep ROOT is-bun-module@2.0.0 OK for: eslint-import-resolver-typescript@3.10.1 want: ^2.0.0
1133 silly placeDep ROOT stable-hash@0.0.5 OK for: eslint-import-resolver-typescript@3.10.1 want: ^0.0.5
1134 silly placeDep ROOT tinyglobby@0.2.17 OK for: eslint-import-resolver-typescript@3.10.1 want: ^0.2.13
1135 silly placeDep ROOT unrs-resolver@1.12.2 OK for: eslint-import-resolver-typescript@3.10.1 want: ^1.6.2
1136 silly fetch manifest resolve-pkg-maps@^1.0.0
1137 silly packumentCache full:https://registry.npmjs.org/resolve-pkg-maps cache-miss
1138 silly fetch manifest semver@^7.7.1
1139 silly packumentCache full:https://registry.npmjs.org/semver cache-miss
1140 silly fetch manifest fdir@^6.5.0
1141 silly packumentCache full:https://registry.npmjs.org/fdir cache-miss
1142 silly fetch manifest picomatch@^4.0.4
1143 silly packumentCache full:https://registry.npmjs.org/picomatch cache-miss
1144 silly fetch manifest napi-postinstall@^0.3.4
1145 silly packumentCache full:https://registry.npmjs.org/napi-postinstall cache-miss
1146 silly fetch manifest @unrs/resolver-binding-darwin-arm64@1.12.2
1147 silly packumentCache full:https://registry.npmjs.org/@unrs%2fresolver-binding-darwin-arm64 cache-miss
1148 silly fetch manifest @unrs/resolver-binding-android-arm64@1.12.2
1149 silly packumentCache full:https://registry.npmjs.org/@unrs%2fresolver-binding-android-arm64 cache-miss
1150 silly fetch manifest @unrs/resolver-binding-win32-arm64-msvc@1.12.2
1151 silly packumentCache full:https://registry.npmjs.org/@unrs%2fresolver-binding-win32-arm64-msvc cache-miss
1152 silly fetch manifest @unrs/resolver-binding-linux-arm64-gnu@1.12.2
1153 silly packumentCache full:https://registry.npmjs.org/@unrs%2fresolver-binding-linux-arm64-gnu cache-miss
1154 silly fetch manifest @unrs/resolver-binding-linux-arm64-musl@1.12.2
1155 silly packumentCache full:https://registry.npmjs.org/@unrs%2fresolver-binding-linux-arm64-musl cache-miss
1156 silly fetch manifest @unrs/resolver-binding-openharmony-arm64@1.12.2
1157 silly packumentCache full:https://registry.npmjs.org/@unrs%2fresolver-binding-openharmony-arm64 cache-miss
1158 silly fetch manifest @unrs/resolver-binding-android-arm-eabi@1.12.2
1159 silly packumentCache full:https://registry.npmjs.org/@unrs%2fresolver-binding-android-arm-eabi cache-miss
1160 silly fetch manifest @unrs/resolver-binding-linux-arm-gnueabihf@1.12.2
1161 silly packumentCache full:https://registry.npmjs.org/@unrs%2fresolver-binding-linux-arm-gnueabihf cache-miss
1162 silly fetch manifest @unrs/resolver-binding-linux-arm-musleabihf@1.12.2
1163 silly packumentCache full:https://registry.npmjs.org/@unrs%2fresolver-binding-linux-arm-musleabihf cache-miss
1164 silly fetch manifest @unrs/resolver-binding-win32-ia32-msvc@1.12.2
1165 silly packumentCache full:https://registry.npmjs.org/@unrs%2fresolver-binding-win32-ia32-msvc cache-miss
1166 silly fetch manifest @unrs/resolver-binding-linux-loong64-gnu@1.12.2
1167 silly packumentCache full:https://registry.npmjs.org/@unrs%2fresolver-binding-linux-loong64-gnu cache-miss
1168 silly fetch manifest @unrs/resolver-binding-linux-loong64-musl@1.12.2
1169 silly packumentCache full:https://registry.npmjs.org/@unrs%2fresolver-binding-linux-loong64-musl cache-miss
1170 http cache https://registry.npmjs.org/semver 6ms (cache hit)
1171 silly packumentCache full:https://registry.npmjs.org/semver set size:246128 disposed:false
1172 silly fetch manifest @unrs/resolver-binding-linux-ppc64-gnu@1.12.2
1173 silly packumentCache full:https://registry.npmjs.org/@unrs%2fresolver-binding-linux-ppc64-gnu cache-miss
1174 http fetch GET 200 https://registry.npmjs.org/resolve-pkg-maps 27ms (cache miss)
1175 silly packumentCache full:https://registry.npmjs.org/resolve-pkg-maps set size:undefined disposed:false
1176 silly fetch manifest @unrs/resolver-binding-linux-riscv64-gnu@1.12.2
1177 silly packumentCache full:https://registry.npmjs.org/@unrs%2fresolver-binding-linux-riscv64-gnu cache-miss
1178 http fetch GET 200 https://registry.npmjs.org/@unrs%2fresolver-binding-linux-loong64-gnu 42ms (cache miss)
1179 silly packumentCache full:https://registry.npmjs.org/@unrs%2fresolver-binding-linux-loong64-gnu set size:undefined disposed:false
1180 silly fetch manifest @unrs/resolver-binding-linux-riscv64-musl@1.12.2
1181 silly packumentCache full:https://registry.npmjs.org/@unrs%2fresolver-binding-linux-riscv64-musl cache-miss
1182 http fetch GET 200 https://registry.npmjs.org/@unrs%2fresolver-binding-win32-ia32-msvc 44ms (cache miss)
1183 silly packumentCache full:https://registry.npmjs.org/@unrs%2fresolver-binding-win32-ia32-msvc set size:undefined disposed:false
1184 silly fetch manifest @unrs/resolver-binding-linux-s390x-gnu@1.12.2
1185 silly packumentCache full:https://registry.npmjs.org/@unrs%2fresolver-binding-linux-s390x-gnu cache-miss
1186 http fetch GET 200 https://registry.npmjs.org/picomatch 45ms (cache miss)
1187 silly packumentCache full:https://registry.npmjs.org/picomatch set size:undefined disposed:false
1188 silly fetch manifest @unrs/resolver-binding-wasm32-wasi@1.12.2
1189 silly packumentCache full:https://registry.npmjs.org/@unrs%2fresolver-binding-wasm32-wasi cache-miss
1190 http fetch GET 200 https://registry.npmjs.org/@unrs%2fresolver-binding-win32-arm64-msvc 47ms (cache miss)
1191 silly packumentCache full:https://registry.npmjs.org/@unrs%2fresolver-binding-win32-arm64-msvc set size:undefined disposed:false
1192 silly fetch manifest @unrs/resolver-binding-darwin-x64@1.12.2
1193 silly packumentCache full:https://registry.npmjs.org/@unrs%2fresolver-binding-darwin-x64 cache-miss
1194 http fetch GET 200 https://registry.npmjs.org/@unrs%2fresolver-binding-linux-arm64-musl 50ms (cache miss)
1195 silly packumentCache full:https://registry.npmjs.org/@unrs%2fresolver-binding-linux-arm64-musl set size:undefined disposed:false
1196 silly fetch manifest @unrs/resolver-binding-win32-x64-msvc@1.12.2
1197 silly packumentCache full:https://registry.npmjs.org/@unrs%2fresolver-binding-win32-x64-msvc cache-miss
1198 http fetch GET 200 https://registry.npmjs.org/@unrs%2fresolver-binding-darwin-arm64 51ms (cache miss)
1199 silly packumentCache full:https://registry.npmjs.org/@unrs%2fresolver-binding-darwin-arm64 set size:undefined disposed:false
1200 silly fetch manifest @unrs/resolver-binding-freebsd-x64@1.12.2
1201 silly packumentCache full:https://registry.npmjs.org/@unrs%2fresolver-binding-freebsd-x64 cache-miss
1202 http fetch GET 200 https://registry.npmjs.org/fdir 59ms (cache miss)
1203 silly packumentCache full:https://registry.npmjs.org/fdir set size:undefined disposed:false
1204 silly fetch manifest @unrs/resolver-binding-linux-x64-gnu@1.12.2
1205 silly packumentCache full:https://registry.npmjs.org/@unrs%2fresolver-binding-linux-x64-gnu cache-miss
1206 http fetch GET 200 https://registry.npmjs.org/@unrs%2fresolver-binding-linux-riscv64-gnu 56ms (cache miss)
1207 silly packumentCache full:https://registry.npmjs.org/@unrs%2fresolver-binding-linux-riscv64-gnu set size:undefined disposed:false
1208 silly fetch manifest @unrs/resolver-binding-linux-x64-musl@1.12.2
1209 silly packumentCache full:https://registry.npmjs.org/@unrs%2fresolver-binding-linux-x64-musl cache-miss
1210 http fetch GET 200 https://registry.npmjs.org/@unrs%2fresolver-binding-linux-s390x-gnu 40ms (cache miss)
1211 silly packumentCache full:https://registry.npmjs.org/@unrs%2fresolver-binding-linux-s390x-gnu set size:undefined disposed:false
1212 http fetch GET 200 https://registry.npmjs.org/@unrs%2fresolver-binding-wasm32-wasi 52ms (cache miss)
1213 silly packumentCache full:https://registry.npmjs.org/@unrs%2fresolver-binding-wasm32-wasi set size:undefined disposed:false
1214 http fetch GET 200 https://registry.npmjs.org/@unrs%2fresolver-binding-linux-x64-gnu 66ms (cache miss)
1215 silly packumentCache full:https://registry.npmjs.org/@unrs%2fresolver-binding-linux-x64-gnu set size:undefined disposed:false
1216 http fetch GET 200 https://registry.npmjs.org/@unrs%2fresolver-binding-win32-x64-msvc 75ms (cache miss)
1217 silly packumentCache full:https://registry.npmjs.org/@unrs%2fresolver-binding-win32-x64-msvc set size:undefined disposed:false
1218 http fetch GET 200 https://registry.npmjs.org/@unrs%2fresolver-binding-linux-x64-musl 58ms (cache miss)
1219 silly packumentCache full:https://registry.npmjs.org/@unrs%2fresolver-binding-linux-x64-musl set size:undefined disposed:false
1220 http fetch GET 200 https://registry.npmjs.org/napi-postinstall 186ms (cache miss)
1221 silly packumentCache full:https://registry.npmjs.org/napi-postinstall set size:undefined disposed:false
1222 http fetch GET 200 https://registry.npmjs.org/@unrs%2fresolver-binding-linux-arm-gnueabihf 198ms (cache miss)
1223 silly packumentCache full:https://registry.npmjs.org/@unrs%2fresolver-binding-linux-arm-gnueabihf set size:undefined disposed:false
1224 http fetch GET 200 https://registry.npmjs.org/@unrs%2fresolver-binding-android-arm64 199ms (cache miss)
1225 silly packumentCache full:https://registry.npmjs.org/@unrs%2fresolver-binding-android-arm64 set size:undefined disposed:false
1226 http fetch GET 200 https://registry.npmjs.org/@unrs%2fresolver-binding-linux-arm64-gnu 208ms (cache miss)
1227 silly packumentCache full:https://registry.npmjs.org/@unrs%2fresolver-binding-linux-arm64-gnu set size:undefined disposed:false
1228 http fetch GET 200 https://registry.npmjs.org/@unrs%2fresolver-binding-linux-loong64-musl 232ms (cache miss)
1229 silly packumentCache full:https://registry.npmjs.org/@unrs%2fresolver-binding-linux-loong64-musl set size:undefined disposed:false
1230 http fetch GET 200 https://registry.npmjs.org/@unrs%2fresolver-binding-linux-ppc64-gnu 227ms (cache miss)
1231 silly packumentCache full:https://registry.npmjs.org/@unrs%2fresolver-binding-linux-ppc64-gnu set size:undefined disposed:false
1232 http fetch GET 200 https://registry.npmjs.org/@unrs%2fresolver-binding-linux-arm-musleabihf 236ms (cache miss)
1233 silly packumentCache full:https://registry.npmjs.org/@unrs%2fresolver-binding-linux-arm-musleabihf set size:undefined disposed:false
1234 http fetch GET 200 https://registry.npmjs.org/@unrs%2fresolver-binding-linux-riscv64-musl 210ms (cache miss)
1235 silly packumentCache full:https://registry.npmjs.org/@unrs%2fresolver-binding-linux-riscv64-musl set size:undefined disposed:false
1236 http fetch GET 200 https://registry.npmjs.org/@unrs%2fresolver-binding-freebsd-x64 223ms (cache miss)
1237 silly packumentCache full:https://registry.npmjs.org/@unrs%2fresolver-binding-freebsd-x64 set size:undefined disposed:false
1238 http fetch GET 200 https://registry.npmjs.org/@unrs%2fresolver-binding-android-arm-eabi 352ms (cache miss)
1239 silly packumentCache full:https://registry.npmjs.org/@unrs%2fresolver-binding-android-arm-eabi set size:undefined disposed:false
1240 http fetch GET 200 https://registry.npmjs.org/@unrs%2fresolver-binding-openharmony-arm64 363ms (cache miss)
1241 silly packumentCache full:https://registry.npmjs.org/@unrs%2fresolver-binding-openharmony-arm64 set size:undefined disposed:false
1242 http fetch GET 200 https://registry.npmjs.org/@unrs%2fresolver-binding-darwin-x64 373ms (cache miss)
1243 silly packumentCache full:https://registry.npmjs.org/@unrs%2fresolver-binding-darwin-x64 set size:undefined disposed:false
1244 silly placeDep ROOT @rtsao/scc@1.1.0 OK for: eslint-plugin-import@2.32.0 want: ^1.1.0
1245 silly placeDep ROOT array-includes@3.2.0 OK for: eslint-plugin-import@2.32.0 want: ^3.1.9
1246 silly placeDep ROOT array.prototype.findlastindex@1.2.6 OK for: eslint-plugin-import@2.32.0 want: ^1.2.6
1247 silly placeDep ROOT array.prototype.flat@1.3.3 OK for: eslint-plugin-import@2.32.0 want: ^1.3.3
1248 silly placeDep ROOT array.prototype.flatmap@1.3.3 OK for: eslint-plugin-import@2.32.0 want: ^1.3.3
1249 silly placeDep node_modules/eslint-plugin-import debug@3.2.7 OK for: eslint-plugin-import@2.32.0 want: ^3.2.7
1250 silly placeDep ROOT doctrine@2.1.0 OK for: eslint-plugin-import@2.32.0 want: ^2.1.0
1251 silly placeDep ROOT eslint-module-utils@2.14.0 OK for: eslint-plugin-import@2.32.0 want: ^2.12.1
1252 silly placeDep ROOT hasown@2.0.4 OK for: eslint-plugin-import@2.32.0 want: ^2.0.2
1253 silly placeDep ROOT object.fromentries@2.0.8 OK for: eslint-plugin-import@2.32.0 want: ^2.0.8
1254 silly placeDep ROOT object.groupby@1.0.3 OK for: eslint-plugin-import@2.32.0 want: ^1.0.3
1255 silly placeDep ROOT object.values@1.2.1 OK for: eslint-plugin-import@2.32.0 want: ^1.2.1
1256 silly placeDep ROOT semver@6.3.1 OK for: eslint-plugin-import@2.32.0 want: ^6.3.1
1257 silly placeDep ROOT string.prototype.trimend@1.0.10 OK for: eslint-plugin-import@2.32.0 want: ^1.0.9
1258 silly placeDep ROOT tsconfig-paths@3.15.0 OK for: eslint-plugin-import@2.32.0 want: ^3.15.0
1259 silly fetch manifest call-bind@^1.0.9
1260 silly packumentCache full:https://registry.npmjs.org/call-bind cache-miss
1261 silly fetch manifest is-string@^1.1.1
1262 silly packumentCache full:https://registry.npmjs.org/is-string cache-miss
1263 silly fetch manifest call-bound@^1.0.4
1264 silly packumentCache full:https://registry.npmjs.org/call-bound cache-miss
1265 silly fetch manifest es-abstract@^1.24.2
1266 silly packumentCache full:https://registry.npmjs.org/es-abstract cache-miss
1267 silly fetch manifest es-object-atoms@^1.1.2
1268 silly packumentCache full:https://registry.npmjs.org/es-object-atoms cache-miss
1269 silly fetch manifest math-intrinsics@^1.1.0
1270 silly packumentCache full:https://registry.npmjs.org/math-intrinsics cache-miss
1271 silly fetch manifest define-properties@^1.2.1
1272 silly packumentCache full:https://registry.npmjs.org/define-properties cache-miss
1273 silly fetch manifest es-shim-unscopables@^1.1.0
1274 silly packumentCache full:https://registry.npmjs.org/es-shim-unscopables cache-miss
1275 silly fetch manifest call-bind@^1.0.8
1276 silly packumentCache full:https://registry.npmjs.org/call-bind cache-miss
1277 silly fetch manifest call-bound@^1.0.4
1278 silly packumentCache full:https://registry.npmjs.org/call-bound cache-miss
1279 silly fetch manifest define-properties@^1.2.1
1280 silly packumentCache full:https://registry.npmjs.org/define-properties cache-miss
1281 silly fetch manifest es-abstract@^1.23.9
1282 silly packumentCache full:https://registry.npmjs.org/es-abstract cache-miss
1283 silly fetch manifest es-object-atoms@^1.1.1
1284 silly packumentCache full:https://registry.npmjs.org/es-object-atoms cache-miss
1285 silly fetch manifest es-shim-unscopables@^1.1.0
1286 silly packumentCache full:https://registry.npmjs.org/es-shim-unscopables cache-miss
1287 silly fetch manifest call-bind@^1.0.8
1288 silly packumentCache full:https://registry.npmjs.org/call-bind cache-miss
1289 silly fetch manifest define-properties@^1.2.1
1290 silly packumentCache full:https://registry.npmjs.org/define-properties cache-miss
1291 silly fetch manifest es-abstract@^1.23.5
1292 silly packumentCache full:https://registry.npmjs.org/es-abstract cache-miss
1293 http fetch GET 200 https://registry.npmjs.org/es-object-atoms 31ms (cache miss)
1294 silly packumentCache full:https://registry.npmjs.org/es-object-atoms set size:undefined disposed:false
1295 silly fetch manifest es-shim-unscopables@^1.0.2
1296 silly packumentCache full:https://registry.npmjs.org/es-shim-unscopables cache-miss
1297 http fetch GET 200 https://registry.npmjs.org/call-bind 34ms (cache miss)
1298 silly packumentCache full:https://registry.npmjs.org/call-bind set size:undefined disposed:false
1299 silly fetch manifest call-bind@^1.0.8
1300 silly packumentCache full:https://registry.npmjs.org/call-bind cache-miss
1301 http fetch GET 200 https://registry.npmjs.org/es-object-atoms 35ms (cache miss)
1302 silly packumentCache full:https://registry.npmjs.org/es-object-atoms set size:undefined disposed:false
1303 silly fetch manifest define-properties@^1.2.1
1304 silly packumentCache full:https://registry.npmjs.org/define-properties cache-miss
1305 http fetch GET 200 https://registry.npmjs.org/call-bound 36ms (cache miss)
1306 silly packumentCache full:https://registry.npmjs.org/call-bound set size:undefined disposed:false
1307 silly fetch manifest es-abstract@^1.23.5
1308 silly packumentCache full:https://registry.npmjs.org/es-abstract cache-miss
1309 http fetch GET 200 https://registry.npmjs.org/call-bind 37ms (cache miss)
1310 silly packumentCache full:https://registry.npmjs.org/call-bind set size:undefined disposed:false
1311 silly fetch manifest es-shim-unscopables@^1.0.2
1312 silly packumentCache full:https://registry.npmjs.org/es-shim-unscopables cache-miss
1313 http fetch GET 200 https://registry.npmjs.org/call-bind 38ms (cache miss)
1314 silly packumentCache full:https://registry.npmjs.org/call-bind set size:undefined disposed:false
1315 silly fetch manifest function-bind@^1.1.2
1316 silly packumentCache full:https://registry.npmjs.org/function-bind cache-miss
1317 http fetch GET 200 https://registry.npmjs.org/call-bound 39ms (cache miss)
1318 silly packumentCache full:https://registry.npmjs.org/call-bound set size:undefined disposed:false
1319 silly fetch manifest call-bind@^1.0.7
1320 silly packumentCache full:https://registry.npmjs.org/call-bind cache-miss
1321 http fetch GET 200 https://registry.npmjs.org/es-shim-unscopables 39ms (cache miss)
1322 silly packumentCache full:https://registry.npmjs.org/es-shim-unscopables set size:undefined disposed:false
1323 silly fetch manifest define-properties@^1.2.1
1324 silly packumentCache full:https://registry.npmjs.org/define-properties cache-miss
1325 http cache https://registry.npmjs.org/call-bind 8ms (cache hit)
1326 silly packumentCache full:https://registry.npmjs.org/call-bind set size:32985 disposed:false
1327 silly fetch manifest es-abstract@^1.23.2
1328 silly packumentCache full:https://registry.npmjs.org/es-abstract cache-miss
1329 http fetch GET 200 https://registry.npmjs.org/es-shim-unscopables 42ms (cache miss)
1330 silly packumentCache full:https://registry.npmjs.org/es-shim-unscopables set size:undefined disposed:false
1331 silly fetch manifest es-object-atoms@^1.0.0
1332 silly packumentCache full:https://registry.npmjs.org/es-object-atoms cache-miss
1333 http fetch GET 200 https://registry.npmjs.org/define-properties 44ms (cache miss)
1334 silly packumentCache full:https://registry.npmjs.org/define-properties set size:undefined disposed:false
1335 silly fetch manifest call-bind@^1.0.7
1336 silly packumentCache full:https://registry.npmjs.org/call-bind cache-hit
1337 silly fetch manifest es-abstract@^1.23.2
1338 silly packumentCache full:https://registry.npmjs.org/es-abstract cache-miss
1339 http cache https://registry.npmjs.org/call-bind 7ms (cache hit)
1340 silly packumentCache full:https://registry.npmjs.org/call-bind set size:32985 disposed:false
1341 silly packumentCache full:https://registry.npmjs.org/call-bind dispose
1342 silly fetch manifest call-bound@^1.0.3
1343 silly packumentCache full:https://registry.npmjs.org/call-bound cache-miss
1344 http fetch GET 200 https://registry.npmjs.org/is-string 50ms (cache miss)
1345 silly packumentCache full:https://registry.npmjs.org/is-string set size:undefined disposed:false
1346 silly fetch manifest es-object-atoms@^1.0.0
1347 silly packumentCache full:https://registry.npmjs.org/es-object-atoms cache-miss
1348 http cache https://registry.npmjs.org/es-object-atoms 6ms (cache hit)
1349 silly packumentCache full:https://registry.npmjs.org/es-object-atoms set size:18278 disposed:false
1350 silly fetch manifest json5@^1.0.2
1351 silly packumentCache full:https://registry.npmjs.org/json5 cache-miss
1352 http fetch GET 200 https://registry.npmjs.org/define-properties 50ms (cache miss)
1353 silly packumentCache full:https://registry.npmjs.org/define-properties set size:undefined disposed:false
1354 silly fetch manifest minimist@^1.2.6
1355 silly packumentCache full:https://registry.npmjs.org/minimist cache-miss
1356 http fetch GET 200 https://registry.npmjs.org/es-abstract 52ms (cache miss)
1357 silly packumentCache full:https://registry.npmjs.org/es-abstract set size:undefined disposed:false
1358 silly fetch manifest strip-bom@^3.0.0
1359 silly packumentCache full:https://registry.npmjs.org/strip-bom cache-miss
1360 http cache https://registry.npmjs.org/es-object-atoms 5ms (cache hit)
1361 silly packumentCache full:https://registry.npmjs.org/es-object-atoms set size:18278 disposed:false
1362 silly packumentCache full:https://registry.npmjs.org/es-object-atoms dispose
1363 silly fetch manifest @types/json5@^0.0.29
1364 silly packumentCache full:https://registry.npmjs.org/@types%2fjson5 cache-miss
1365 http cache https://registry.npmjs.org/call-bound 9ms (cache hit)
1366 silly packumentCache full:https://registry.npmjs.org/call-bound set size:15317 disposed:false
1367 http fetch GET 200 https://registry.npmjs.org/es-shim-unscopables 26ms (cache miss)
1368 silly packumentCache full:https://registry.npmjs.org/es-shim-unscopables set size:undefined disposed:false
1369 http fetch GET 200 https://registry.npmjs.org/define-properties 57ms (cache miss)
1370 silly packumentCache full:https://registry.npmjs.org/define-properties set size:undefined disposed:false
1371 http fetch GET 200 https://registry.npmjs.org/define-properties 28ms (cache miss)
1372 silly packumentCache full:https://registry.npmjs.org/define-properties set size:undefined disposed:false
1373 http fetch GET 200 https://registry.npmjs.org/function-bind 28ms (cache miss)
1374 silly packumentCache full:https://registry.npmjs.org/function-bind set size:undefined disposed:false
1375 http fetch GET 200 https://registry.npmjs.org/define-properties 29ms (cache miss)
1376 silly packumentCache full:https://registry.npmjs.org/define-properties set size:undefined disposed:false
1377 http fetch GET 200 https://registry.npmjs.org/es-abstract 67ms (cache miss)
1378 silly packumentCache full:https://registry.npmjs.org/es-abstract set size:undefined disposed:false
1379 http fetch GET 200 https://registry.npmjs.org/es-abstract 69ms (cache miss)
1380 silly packumentCache full:https://registry.npmjs.org/es-abstract set size:undefined disposed:false
1381 http fetch GET 200 https://registry.npmjs.org/es-shim-unscopables 36ms (cache miss)
1382 silly packumentCache full:https://registry.npmjs.org/es-shim-unscopables set size:undefined disposed:false
1383 http fetch GET 200 https://registry.npmjs.org/minimist 30ms (cache miss)
1384 silly packumentCache full:https://registry.npmjs.org/minimist set size:undefined disposed:false
1385 http fetch GET 200 https://registry.npmjs.org/strip-bom 33ms (cache miss)
1386 silly packumentCache full:https://registry.npmjs.org/strip-bom set size:undefined disposed:false
1387 http fetch GET 200 https://registry.npmjs.org/es-abstract 63ms (cache miss)
1388 silly packumentCache full:https://registry.npmjs.org/es-abstract set size:undefined disposed:false
1389 http fetch GET 200 https://registry.npmjs.org/es-abstract 76ms (cache miss)
1390 silly packumentCache full:https://registry.npmjs.org/es-abstract set size:undefined disposed:false
1391 http fetch GET 200 https://registry.npmjs.org/es-abstract 83ms (cache miss)
1392 silly packumentCache full:https://registry.npmjs.org/es-abstract set size:undefined disposed:false
1393 http fetch GET 200 https://registry.npmjs.org/math-intrinsics 185ms (cache miss)
1394 silly packumentCache full:https://registry.npmjs.org/math-intrinsics set size:undefined disposed:false
1395 http fetch GET 200 https://registry.npmjs.org/@types%2fjson5 184ms (cache miss)
1396 silly packumentCache full:https://registry.npmjs.org/@types%2fjson5 set size:undefined disposed:false
1397 http fetch GET 200 https://registry.npmjs.org/json5 210ms (cache miss)
1398 silly packumentCache full:https://registry.npmjs.org/json5 set size:undefined disposed:false
1399 silly placeDep ROOT call-bind@1.0.9 OK for: array-includes@3.2.0 want: ^1.0.9
1400 silly placeDep ROOT call-bound@1.0.4 OK for: array-includes@3.2.0 want: ^1.0.4
1401 silly placeDep ROOT define-properties@1.2.1 OK for: array-includes@3.2.0 want: ^1.2.1
1402 silly placeDep ROOT es-abstract@1.24.2 OK for: array-includes@3.2.0 want: ^1.24.2
1403 silly placeDep ROOT es-object-atoms@1.1.2 OK for: array-includes@3.2.0 want: ^1.1.2
1404 silly placeDep ROOT es-shim-unscopables@1.1.0 OK for: array-includes@3.2.0 want: ^1.1.0
1405 silly placeDep ROOT is-string@1.1.1 OK for: array-includes@3.2.0 want: ^1.1.1
1406 silly placeDep ROOT math-intrinsics@1.1.0 OK for: array-includes@3.2.0 want: ^1.1.0
1407 silly fetch manifest call-bind-apply-helpers@^1.0.2
1408 silly packumentCache full:https://registry.npmjs.org/call-bind-apply-helpers cache-miss
1409 silly fetch manifest es-define-property@^1.0.1
1410 silly packumentCache full:https://registry.npmjs.org/es-define-property cache-miss
1411 silly fetch manifest get-intrinsic@^1.3.0
1412 silly packumentCache full:https://registry.npmjs.org/get-intrinsic cache-miss
1413 silly fetch manifest set-function-length@^1.2.2
1414 silly packumentCache full:https://registry.npmjs.org/set-function-length cache-miss
1415 silly fetch manifest call-bind-apply-helpers@^1.0.2
1416 silly packumentCache full:https://registry.npmjs.org/call-bind-apply-helpers cache-miss
1417 silly fetch manifest get-intrinsic@^1.3.0
1418 silly packumentCache full:https://registry.npmjs.org/get-intrinsic cache-miss
1419 silly fetch manifest define-data-property@^1.0.1
1420 silly packumentCache full:https://registry.npmjs.org/define-data-property cache-miss
1421 silly fetch manifest has-property-descriptors@^1.0.0
1422 silly packumentCache full:https://registry.npmjs.org/has-property-descriptors cache-miss
1423 silly fetch manifest array-buffer-byte-length@^1.0.2
1424 silly packumentCache full:https://registry.npmjs.org/array-buffer-byte-length cache-miss
1425 silly fetch manifest arraybuffer.prototype.slice@^1.0.4
1426 silly packumentCache full:https://registry.npmjs.org/arraybuffer.prototype.slice cache-miss
1427 silly fetch manifest available-typed-arrays@^1.0.7
1428 silly packumentCache full:https://registry.npmjs.org/available-typed-arrays cache-miss
1429 silly fetch manifest data-view-buffer@^1.0.2
1430 silly packumentCache full:https://registry.npmjs.org/data-view-buffer cache-miss
1431 silly fetch manifest data-view-byte-length@^1.0.2
1432 silly packumentCache full:https://registry.npmjs.org/data-view-byte-length cache-miss
1433 silly fetch manifest data-view-byte-offset@^1.0.1
1434 silly packumentCache full:https://registry.npmjs.org/data-view-byte-offset cache-miss
1435 silly fetch manifest es-define-property@^1.0.1
1436 silly packumentCache full:https://registry.npmjs.org/es-define-property cache-miss
1437 silly fetch manifest es-set-tostringtag@^2.1.0
1438 silly packumentCache full:https://registry.npmjs.org/es-set-tostringtag cache-miss
1439 silly fetch manifest es-to-primitive@^1.3.0
1440 silly packumentCache full:https://registry.npmjs.org/es-to-primitive cache-miss
1441 http fetch GET 200 https://registry.npmjs.org/es-define-property 30ms (cache miss)
1442 silly packumentCache full:https://registry.npmjs.org/es-define-property set size:undefined disposed:false
1443 silly fetch manifest function.prototype.name@^1.1.8
1444 silly packumentCache full:https://registry.npmjs.org/function.prototype.name cache-miss
1445 http fetch GET 200 https://registry.npmjs.org/es-define-property 35ms (cache miss)
1446 silly packumentCache full:https://registry.npmjs.org/es-define-property set size:undefined disposed:false
1447 silly fetch manifest get-intrinsic@^1.3.0
1448 silly packumentCache full:https://registry.npmjs.org/get-intrinsic cache-miss
1449 http fetch GET 200 https://registry.npmjs.org/has-property-descriptors 38ms (cache miss)
1450 silly packumentCache full:https://registry.npmjs.org/has-property-descriptors set size:undefined disposed:false
1451 silly fetch manifest get-proto@^1.0.1
1452 silly packumentCache full:https://registry.npmjs.org/get-proto cache-miss
1453 http fetch GET 200 https://registry.npmjs.org/arraybuffer.prototype.slice 39ms (cache miss)
1454 silly packumentCache full:https://registry.npmjs.org/arraybuffer.prototype.slice set size:undefined disposed:false
1455 silly fetch manifest get-symbol-description@^1.1.0
1456 silly packumentCache full:https://registry.npmjs.org/get-symbol-description cache-miss
1457 http fetch GET 200 https://registry.npmjs.org/data-view-buffer 43ms (cache miss)
1458 silly packumentCache full:https://registry.npmjs.org/data-view-buffer set size:undefined disposed:false
1459 silly fetch manifest globalthis@^1.0.4
1460 silly packumentCache full:https://registry.npmjs.org/globalthis cache-miss
1461 http fetch GET 200 https://registry.npmjs.org/data-view-byte-length 44ms (cache miss)
1462 silly packumentCache full:https://registry.npmjs.org/data-view-byte-length set size:undefined disposed:false
1463 silly fetch manifest gopd@^1.2.0
1464 silly packumentCache full:https://registry.npmjs.org/gopd cache-miss
1465 http fetch GET 200 https://registry.npmjs.org/available-typed-arrays 44ms (cache miss)
1466 silly packumentCache full:https://registry.npmjs.org/available-typed-arrays set size:undefined disposed:false
1467 silly fetch manifest has-property-descriptors@^1.0.2
1468 silly packumentCache full:https://registry.npmjs.org/has-property-descriptors cache-miss
1469 http fetch GET 200 https://registry.npmjs.org/define-data-property 45ms (cache miss)
1470 silly packumentCache full:https://registry.npmjs.org/define-data-property set size:undefined disposed:false
1471 silly fetch manifest has-proto@^1.2.0
1472 silly packumentCache full:https://registry.npmjs.org/has-proto cache-miss
1473 http fetch GET 200 https://registry.npmjs.org/get-intrinsic 48ms (cache miss)
1474 silly packumentCache full:https://registry.npmjs.org/get-intrinsic set size:undefined disposed:false
1475 silly fetch manifest has-symbols@^1.1.0
1476 silly packumentCache full:https://registry.npmjs.org/has-symbols cache-miss
1477 http fetch GET 200 https://registry.npmjs.org/get-intrinsic 48ms (cache miss)
1478 silly packumentCache full:https://registry.npmjs.org/get-intrinsic set size:undefined disposed:false
1479 silly fetch manifest internal-slot@^1.1.0
1480 silly packumentCache full:https://registry.npmjs.org/internal-slot cache-miss
1481 http cache https://registry.npmjs.org/has-property-descriptors 5ms (cache hit)
1482 silly packumentCache full:https://registry.npmjs.org/has-property-descriptors set size:12452 disposed:false
1483 silly fetch manifest is-array-buffer@^3.0.5
1484 silly packumentCache full:https://registry.npmjs.org/is-array-buffer cache-miss
1485 http fetch GET 200 https://registry.npmjs.org/array-buffer-byte-length 51ms (cache miss)
1486 silly packumentCache full:https://registry.npmjs.org/array-buffer-byte-length set size:undefined disposed:false
1487 silly fetch manifest is-callable@^1.2.7
1488 silly packumentCache full:https://registry.npmjs.org/is-callable cache-miss
1489 http fetch GET 200 https://registry.npmjs.org/es-set-tostringtag 52ms (cache miss)
1490 silly packumentCache full:https://registry.npmjs.org/es-set-tostringtag set size:undefined disposed:false
1491 silly fetch manifest is-data-view@^1.0.2
1492 silly packumentCache full:https://registry.npmjs.org/is-data-view cache-miss
1493 http fetch GET 200 https://registry.npmjs.org/es-to-primitive 60ms (cache miss)
1494 silly packumentCache full:https://registry.npmjs.org/es-to-primitive set size:undefined disposed:false
1495 silly fetch manifest is-negative-zero@^2.0.3
1496 silly packumentCache full:https://registry.npmjs.org/is-negative-zero cache-miss
1497 http fetch GET 200 https://registry.npmjs.org/get-symbol-description 28ms (cache miss)
1498 silly packumentCache full:https://registry.npmjs.org/get-symbol-description set size:undefined disposed:false
1499 silly fetch manifest is-regex@^1.2.1
1500 silly packumentCache full:https://registry.npmjs.org/is-regex cache-miss
1501 http fetch GET 200 https://registry.npmjs.org/get-proto 31ms (cache miss)
1502 silly packumentCache full:https://registry.npmjs.org/get-proto set size:undefined disposed:false
1503 silly fetch manifest is-set@^2.0.3
1504 silly packumentCache full:https://registry.npmjs.org/is-set cache-miss
1505 http fetch GET 200 https://registry.npmjs.org/get-intrinsic 36ms (cache miss)
1506 silly packumentCache full:https://registry.npmjs.org/get-intrinsic set size:undefined disposed:false
1507 silly fetch manifest is-shared-array-buffer@^1.0.4
1508 silly packumentCache full:https://registry.npmjs.org/is-shared-array-buffer cache-miss
1509 http fetch GET 200 https://registry.npmjs.org/has-proto 31ms (cache miss)
1510 silly packumentCache full:https://registry.npmjs.org/has-proto set size:undefined disposed:false
1511 silly fetch manifest is-typed-array@^1.1.15
1512 silly packumentCache full:https://registry.npmjs.org/is-typed-array cache-miss
1513 http fetch GET 200 https://registry.npmjs.org/globalthis 34ms (cache miss)
1514 silly packumentCache full:https://registry.npmjs.org/globalthis set size:undefined disposed:false
1515 silly fetch manifest is-weakref@^1.1.1
1516 silly packumentCache full:https://registry.npmjs.org/is-weakref cache-miss
1517 http fetch GET 200 https://registry.npmjs.org/has-symbols 31ms (cache miss)
1518 silly packumentCache full:https://registry.npmjs.org/has-symbols set size:undefined disposed:false
1519 silly fetch manifest object-inspect@^1.13.4
1520 silly packumentCache full:https://registry.npmjs.org/object-inspect cache-miss
1521 http fetch GET 200 https://registry.npmjs.org/is-array-buffer 31ms (cache miss)
1522 silly packumentCache full:https://registry.npmjs.org/is-array-buffer set size:undefined disposed:false
1523 silly fetch manifest object.assign@^4.1.7
1524 silly packumentCache full:https://registry.npmjs.org/object.assign cache-miss
1525 http fetch GET 200 https://registry.npmjs.org/is-callable 41ms (cache miss)
1526 silly packumentCache full:https://registry.npmjs.org/is-callable set size:undefined disposed:false
1527 silly fetch manifest own-keys@^1.0.1
1528 silly packumentCache full:https://registry.npmjs.org/own-keys cache-miss
1529 http fetch GET 200 https://registry.npmjs.org/is-data-view 39ms (cache miss)
1530 silly packumentCache full:https://registry.npmjs.org/is-data-view set size:undefined disposed:false
1531 silly fetch manifest regexp.prototype.flags@^1.5.4
1532 silly packumentCache full:https://registry.npmjs.org/regexp.prototype.flags cache-miss
1533 http fetch GET 200 https://registry.npmjs.org/is-negative-zero 33ms (cache miss)
1534 silly packumentCache full:https://registry.npmjs.org/is-negative-zero set size:undefined disposed:false
1535 silly fetch manifest safe-array-concat@^1.1.3
1536 silly packumentCache full:https://registry.npmjs.org/safe-array-concat cache-miss
1537 http fetch GET 200 https://registry.npmjs.org/is-shared-array-buffer 32ms (cache miss)
1538 silly packumentCache full:https://registry.npmjs.org/is-shared-array-buffer set size:undefined disposed:false
1539 silly fetch manifest safe-push-apply@^1.0.0
1540 silly packumentCache full:https://registry.npmjs.org/safe-push-apply cache-miss
1541 http fetch GET 200 https://registry.npmjs.org/is-regex 37ms (cache miss)
1542 silly packumentCache full:https://registry.npmjs.org/is-regex set size:undefined disposed:false
1543 silly fetch manifest safe-regex-test@^1.1.0
1544 silly packumentCache full:https://registry.npmjs.org/safe-regex-test cache-miss
1545 http cache https://registry.npmjs.org/safe-regex-test 1ms (cache hit)
1546 silly packumentCache full:https://registry.npmjs.org/safe-regex-test set size:17412 disposed:false
1547 silly fetch manifest set-proto@^1.0.0
1548 silly packumentCache full:https://registry.npmjs.org/set-proto cache-miss
1549 http fetch GET 200 https://registry.npmjs.org/is-typed-array 38ms (cache miss)
1550 silly packumentCache full:https://registry.npmjs.org/is-typed-array set size:undefined disposed:false
1551 silly fetch manifest stop-iteration-iterator@^1.1.0
1552 silly packumentCache full:https://registry.npmjs.org/stop-iteration-iterator cache-miss
1553 http fetch GET 200 https://registry.npmjs.org/own-keys 25ms (cache miss)
1554 silly packumentCache full:https://registry.npmjs.org/own-keys set size:undefined disposed:false
1555 silly fetch manifest string.prototype.trim@^1.2.10
1556 silly packumentCache full:https://registry.npmjs.org/string.prototype.trim cache-miss
1557 http fetch GET 200 https://registry.npmjs.org/object-inspect 45ms (cache miss)
1558 silly packumentCache full:https://registry.npmjs.org/object-inspect set size:undefined disposed:false
1559 silly fetch manifest string.prototype.trimstart@^1.0.8
1560 silly packumentCache full:https://registry.npmjs.org/string.prototype.trimstart cache-miss
1561 http fetch GET 200 https://registry.npmjs.org/object.assign 43ms (cache miss)
1562 silly packumentCache full:https://registry.npmjs.org/object.assign set size:undefined disposed:false
1563 silly fetch manifest typed-array-buffer@^1.0.3
1564 silly packumentCache full:https://registry.npmjs.org/typed-array-buffer cache-miss
1565 http fetch GET 200 https://registry.npmjs.org/safe-array-concat 40ms (cache miss)
1566 silly packumentCache full:https://registry.npmjs.org/safe-array-concat set size:undefined disposed:false
1567 silly fetch manifest typed-array-byte-length@^1.0.3
1568 silly packumentCache full:https://registry.npmjs.org/typed-array-byte-length cache-miss
1569 http fetch GET 200 https://registry.npmjs.org/regexp.prototype.flags 42ms (cache miss)
1570 silly packumentCache full:https://registry.npmjs.org/regexp.prototype.flags set size:undefined disposed:false
1571 silly fetch manifest typed-array-byte-offset@^1.0.4
1572 silly packumentCache full:https://registry.npmjs.org/typed-array-byte-offset cache-miss
1573 http fetch GET 200 https://registry.npmjs.org/safe-push-apply 33ms (cache miss)
1574 silly packumentCache full:https://registry.npmjs.org/safe-push-apply set size:undefined disposed:false
1575 silly fetch manifest typed-array-length@^1.0.7
1576 silly packumentCache full:https://registry.npmjs.org/typed-array-length cache-miss
1577 http fetch GET 200 https://registry.npmjs.org/set-proto 35ms (cache miss)
1578 silly packumentCache full:https://registry.npmjs.org/set-proto set size:undefined disposed:false
1579 silly fetch manifest unbox-primitive@^1.1.0
1580 silly packumentCache full:https://registry.npmjs.org/unbox-primitive cache-miss
1581 http fetch GET 200 https://registry.npmjs.org/stop-iteration-iterator 36ms (cache miss)
1582 silly packumentCache full:https://registry.npmjs.org/stop-iteration-iterator set size:undefined disposed:false
1583 silly fetch manifest which-typed-array@^1.1.19
1584 silly packumentCache full:https://registry.npmjs.org/which-typed-array cache-miss
1585 http fetch GET 200 https://registry.npmjs.org/string.prototype.trim 41ms (cache miss)
1586 silly packumentCache full:https://registry.npmjs.org/string.prototype.trim set size:undefined disposed:false
1587 silly fetch manifest has-tostringtag@^1.0.2
1588 silly packumentCache full:https://registry.npmjs.org/has-tostringtag cache-miss
1589 http fetch GET 200 https://registry.npmjs.org/typed-array-buffer 34ms (cache miss)
1590 silly packumentCache full:https://registry.npmjs.org/typed-array-buffer set size:undefined disposed:false
1591 http fetch GET 200 https://registry.npmjs.org/typed-array-byte-length 28ms (cache miss)
1592 silly packumentCache full:https://registry.npmjs.org/typed-array-byte-length set size:undefined disposed:false
1593 http fetch GET 200 https://registry.npmjs.org/typed-array-byte-offset 35ms (cache miss)
1594 silly packumentCache full:https://registry.npmjs.org/typed-array-byte-offset set size:undefined disposed:false
1595 http fetch GET 200 https://registry.npmjs.org/string.prototype.trimstart 47ms (cache miss)
1596 silly packumentCache full:https://registry.npmjs.org/string.prototype.trimstart set size:undefined disposed:false
1597 http fetch GET 200 https://registry.npmjs.org/typed-array-length 39ms (cache miss)
1598 silly packumentCache full:https://registry.npmjs.org/typed-array-length set size:undefined disposed:false
1599 http fetch GET 200 https://registry.npmjs.org/unbox-primitive 43ms (cache miss)
1600 silly packumentCache full:https://registry.npmjs.org/unbox-primitive set size:undefined disposed:false
1601 http fetch GET 200 https://registry.npmjs.org/set-function-length 187ms (cache miss)
1602 silly packumentCache full:https://registry.npmjs.org/set-function-length set size:undefined disposed:false
1603 http fetch GET 200 https://registry.npmjs.org/data-view-byte-offset 186ms (cache miss)
1604 silly packumentCache full:https://registry.npmjs.org/data-view-byte-offset set size:undefined disposed:false
1605 http fetch GET 200 https://registry.npmjs.org/call-bind-apply-helpers 188ms (cache miss)
1606 silly packumentCache full:https://registry.npmjs.org/call-bind-apply-helpers set size:undefined disposed:false
1607 http fetch GET 200 https://registry.npmjs.org/call-bind-apply-helpers 189ms (cache miss)
1608 silly packumentCache full:https://registry.npmjs.org/call-bind-apply-helpers set size:undefined disposed:false
1609 http fetch GET 200 https://registry.npmjs.org/has-tostringtag 32ms (cache miss)
1610 silly packumentCache full:https://registry.npmjs.org/has-tostringtag set size:undefined disposed:false
1611 http fetch GET 200 https://registry.npmjs.org/which-typed-array 43ms (cache miss)
1612 silly packumentCache full:https://registry.npmjs.org/which-typed-array set size:undefined disposed:false
1613 http fetch GET 200 https://registry.npmjs.org/gopd 186ms (cache miss)
1614 silly packumentCache full:https://registry.npmjs.org/gopd set size:undefined disposed:false
1615 http fetch GET 200 https://registry.npmjs.org/function.prototype.name 206ms (cache miss)
1616 silly packumentCache full:https://registry.npmjs.org/function.prototype.name set size:undefined disposed:false
1617 http fetch GET 200 https://registry.npmjs.org/is-set 186ms (cache miss)
1618 silly packumentCache full:https://registry.npmjs.org/is-set set size:undefined disposed:false
1619 http fetch GET 200 https://registry.npmjs.org/is-weakref 189ms (cache miss)
1620 silly packumentCache full:https://registry.npmjs.org/is-weakref set size:undefined disposed:false
1621 http fetch GET 200 https://registry.npmjs.org/internal-slot 220ms (cache miss)
1622 silly packumentCache full:https://registry.npmjs.org/internal-slot set size:undefined disposed:false
1623 silly placeDep ROOT es-errors@1.3.0 OK for: array.prototype.findlastindex@1.2.6 want: ^1.3.0
1624 silly placeDep ROOT call-bind-apply-helpers@1.0.2 OK for: call-bind@1.0.9 want: ^1.0.2
1625 silly placeDep ROOT es-define-property@1.0.1 OK for: call-bind@1.0.9 want: ^1.0.1
1626 silly placeDep ROOT get-intrinsic@1.3.0 OK for: call-bind@1.0.9 want: ^1.3.0
1627 silly placeDep ROOT set-function-length@1.2.2 OK for: call-bind@1.0.9 want: ^1.2.2
1628 silly fetch manifest define-data-property@^1.1.4
1629 silly packumentCache full:https://registry.npmjs.org/define-data-property cache-miss
1630 silly fetch manifest gopd@^1.0.1
1631 silly packumentCache full:https://registry.npmjs.org/gopd cache-miss
1632 http cache https://registry.npmjs.org/gopd 1ms (cache hit)
1633 silly packumentCache full:https://registry.npmjs.org/gopd set size:11483 disposed:false
1634 http cache https://registry.npmjs.org/define-data-property 2ms (cache hit)
1635 silly packumentCache full:https://registry.npmjs.org/define-data-property set size:28048 disposed:false
1636 silly placeDep ROOT function-bind@1.1.2 OK for: call-bind-apply-helpers@1.0.2 want: ^1.1.2
1637 silly placeDep ROOT define-data-property@1.1.4 OK for: define-properties@1.2.1 want: ^1.0.1
1638 silly placeDep ROOT has-property-descriptors@1.0.2 OK for: define-properties@1.2.1 want: ^1.0.0
1639 silly placeDep ROOT object-keys@1.1.1 OK for: define-properties@1.2.1 want: ^1.1.1
1640 silly placeDep ROOT gopd@1.2.0 OK for: define-data-property@1.1.4 want: ^1.0.1
1641 silly placeDep ROOT array-buffer-byte-length@1.0.2 OK for: es-abstract@1.24.2 want: ^1.0.2
1642 silly placeDep ROOT arraybuffer.prototype.slice@1.0.4 OK for: es-abstract@1.24.2 want: ^1.0.4
1643 silly placeDep ROOT available-typed-arrays@1.0.7 OK for: es-abstract@1.24.2 want: ^1.0.7
1644 silly placeDep ROOT data-view-buffer@1.0.2 OK for: es-abstract@1.24.2 want: ^1.0.2
1645 silly placeDep ROOT data-view-byte-length@1.0.2 OK for: es-abstract@1.24.2 want: ^1.0.2
1646 silly placeDep ROOT data-view-byte-offset@1.0.1 OK for: es-abstract@1.24.2 want: ^1.0.1
1647 silly placeDep ROOT es-set-tostringtag@2.1.0 OK for: es-abstract@1.24.2 want: ^2.1.0
1648 silly placeDep ROOT es-to-primitive@1.3.4 OK for: es-abstract@1.24.2 want: ^1.3.0
1649 silly placeDep ROOT function.prototype.name@1.2.0 OK for: es-abstract@1.24.2 want: ^1.1.8
1650 silly placeDep ROOT get-proto@1.0.1 OK for: es-abstract@1.24.2 want: ^1.0.1
1651 silly placeDep ROOT get-symbol-description@1.1.0 OK for: es-abstract@1.24.2 want: ^1.1.0
1652 silly placeDep ROOT globalthis@1.0.4 OK for: es-abstract@1.24.2 want: ^1.0.4
1653 silly placeDep ROOT has-proto@1.2.0 OK for: es-abstract@1.24.2 want: ^1.2.0
1654 silly placeDep ROOT has-symbols@1.1.0 OK for: es-abstract@1.24.2 want: ^1.1.0
1655 silly placeDep ROOT internal-slot@1.1.0 OK for: es-abstract@1.24.2 want: ^1.1.0
1656 silly placeDep ROOT is-array-buffer@3.0.5 OK for: es-abstract@1.24.2 want: ^3.0.5
1657 silly placeDep ROOT is-callable@1.2.7 OK for: es-abstract@1.24.2 want: ^1.2.7
1658 silly placeDep ROOT is-data-view@1.0.2 OK for: es-abstract@1.24.2 want: ^1.0.2
1659 silly placeDep ROOT is-negative-zero@2.0.3 OK for: es-abstract@1.24.2 want: ^2.0.3
1660 silly placeDep ROOT is-regex@1.2.1 OK for: es-abstract@1.24.2 want: ^1.2.1
1661 silly placeDep ROOT is-set@2.0.3 OK for: es-abstract@1.24.2 want: ^2.0.3
1662 silly placeDep ROOT is-shared-array-buffer@1.0.4 OK for: es-abstract@1.24.2 want: ^1.0.4
1663 silly placeDep ROOT is-typed-array@1.1.15 OK for: es-abstract@1.24.2 want: ^1.1.15
1664 silly placeDep ROOT is-weakref@1.1.1 OK for: es-abstract@1.24.2 want: ^1.1.1
1665 silly placeDep ROOT object-inspect@1.13.4 OK for: es-abstract@1.24.2 want: ^1.13.4
1666 silly placeDep ROOT object.assign@4.1.7 OK for: es-abstract@1.24.2 want: ^4.1.7
1667 silly placeDep ROOT own-keys@1.0.2 OK for: es-abstract@1.24.2 want: ^1.0.1
1668 silly placeDep ROOT regexp.prototype.flags@1.5.4 OK for: es-abstract@1.24.2 want: ^1.5.4
1669 silly placeDep ROOT safe-array-concat@1.1.4 OK for: es-abstract@1.24.2 want: ^1.1.3
1670 silly placeDep ROOT safe-push-apply@1.0.0 OK for: es-abstract@1.24.2 want: ^1.0.0
1671 silly placeDep ROOT safe-regex-test@1.1.0 OK for: es-abstract@1.24.2 want: ^1.1.0
1672 silly placeDep ROOT set-proto@1.0.0 OK for: es-abstract@1.24.2 want: ^1.0.0
1673 silly placeDep ROOT stop-iteration-iterator@1.1.0 OK for: es-abstract@1.24.2 want: ^1.1.0
1674 silly placeDep ROOT string.prototype.trim@1.2.11 OK for: es-abstract@1.24.2 want: ^1.2.10
1675 silly placeDep ROOT string.prototype.trimstart@1.0.8 OK for: es-abstract@1.24.2 want: ^1.0.8
1676 silly placeDep ROOT typed-array-buffer@1.0.3 OK for: es-abstract@1.24.2 want: ^1.0.3
1677 silly placeDep ROOT typed-array-byte-length@1.0.3 OK for: es-abstract@1.24.2 want: ^1.0.3
1678 silly placeDep ROOT typed-array-byte-offset@1.0.5 OK for: es-abstract@1.24.2 want: ^1.0.4
1679 silly placeDep ROOT typed-array-length@1.0.8 OK for: es-abstract@1.24.2 want: ^1.0.7
1680 silly placeDep ROOT unbox-primitive@1.1.0 OK for: es-abstract@1.24.2 want: ^1.1.0
1681 silly placeDep ROOT which-typed-array@1.1.24 OK for: es-abstract@1.24.2 want: ^1.1.19
1682 silly fetch manifest is-array-buffer@^3.0.4
1683 silly packumentCache full:https://registry.npmjs.org/is-array-buffer cache-miss
1684 silly fetch manifest possible-typed-array-names@^1.0.0
1685 silly packumentCache full:https://registry.npmjs.org/possible-typed-array-names cache-miss
1686 silly fetch manifest is-data-view@^1.0.1
1687 silly packumentCache full:https://registry.npmjs.org/is-data-view cache-miss
1688 silly fetch manifest is-symbol@^1.1.1
1689 silly packumentCache full:https://registry.npmjs.org/is-symbol cache-miss
1690 silly fetch manifest is-date-object@^1.1.0
1691 silly packumentCache full:https://registry.npmjs.org/is-date-object cache-miss
1692 silly fetch manifest es-abstract-get@^1.0.0
1693 silly packumentCache full:https://registry.npmjs.org/es-abstract-get cache-miss
1694 silly fetch manifest is-document.all@^1.0.0
1695 silly packumentCache full:https://registry.npmjs.org/is-document.all cache-miss
1696 silly fetch manifest functions-have-names@^1.2.3
1697 silly packumentCache full:https://registry.npmjs.org/functions-have-names cache-miss
1698 silly fetch manifest dunder-proto@^1.0.1
1699 silly packumentCache full:https://registry.npmjs.org/dunder-proto cache-miss
1700 silly fetch manifest dunder-proto@^1.0.0
1701 silly packumentCache full:https://registry.npmjs.org/dunder-proto cache-miss
1702 silly fetch manifest side-channel@^1.1.0
1703 silly packumentCache full:https://registry.npmjs.org/side-channel cache-miss
1704 silly fetch manifest is-typed-array@^1.1.13
1705 silly packumentCache full:https://registry.npmjs.org/is-typed-array cache-miss
1706 silly fetch manifest which-typed-array@^1.1.16
1707 silly packumentCache full:https://registry.npmjs.org/which-typed-array cache-miss
1708 silly fetch manifest set-function-name@^2.0.2
1709 silly packumentCache full:https://registry.npmjs.org/set-function-name cache-miss
1710 silly fetch manifest isarray@^2.0.5
1711 silly packumentCache full:https://registry.npmjs.org/isarray cache-miss
1712 silly fetch manifest isarray@^2.0.5
1713 silly packumentCache full:https://registry.npmjs.org/isarray cache-miss
1714 silly fetch manifest dunder-proto@^1.0.1
1715 silly packumentCache full:https://registry.npmjs.org/dunder-proto cache-miss
1716 http cache https://registry.npmjs.org/which-typed-array 4ms (cache hit)
1717 silly packumentCache full:https://registry.npmjs.org/which-typed-array set size:109574 disposed:false
1718 silly fetch manifest for-each@^0.3.3
1719 silly packumentCache full:https://registry.npmjs.org/for-each cache-miss
1720 http cache https://registry.npmjs.org/is-data-view 7ms (cache hit)
1721 silly packumentCache full:https://registry.npmjs.org/is-data-view set size:13756 disposed:false
1722 silly fetch manifest for-each@^0.3.5
1723 silly packumentCache full:https://registry.npmjs.org/for-each cache-miss
1724 http cache https://registry.npmjs.org/is-typed-array 5ms (cache hit)
1725 silly packumentCache full:https://registry.npmjs.org/is-typed-array set size:79965 disposed:false
1726 silly fetch manifest reflect.getprototypeof@^1.0.10
1727 silly packumentCache full:https://registry.npmjs.org/reflect.getprototypeof cache-miss
1728 http cache https://registry.npmjs.org/is-array-buffer 9ms (cache hit)
1729 silly packumentCache full:https://registry.npmjs.org/is-array-buffer set size:33562 disposed:false
1730 silly fetch manifest for-each@^0.3.5
1731 silly packumentCache full:https://registry.npmjs.org/for-each cache-miss
1732 http fetch GET 200 https://registry.npmjs.org/dunder-proto 30ms (cache miss)
1733 silly packumentCache full:https://registry.npmjs.org/dunder-proto set size:undefined disposed:false
1734 silly fetch manifest possible-typed-array-names@^1.1.0
1735 silly packumentCache full:https://registry.npmjs.org/possible-typed-array-names cache-miss
1736 http fetch GET 200 https://registry.npmjs.org/is-symbol 34ms (cache miss)
1737 silly packumentCache full:https://registry.npmjs.org/is-symbol set size:undefined disposed:false
1738 silly fetch manifest reflect.getprototypeof@^1.0.10
1739 silly packumentCache full:https://registry.npmjs.org/reflect.getprototypeof cache-miss
1740 http fetch GET 200 https://registry.npmjs.org/is-document.all 35ms (cache miss)
1741 silly packumentCache full:https://registry.npmjs.org/is-document.all set size:undefined disposed:false
1742 silly fetch manifest has-bigints@^1.0.2
1743 silly packumentCache full:https://registry.npmjs.org/has-bigints cache-miss
1744 http fetch GET 200 https://registry.npmjs.org/isarray 34ms (cache miss)
1745 silly packumentCache full:https://registry.npmjs.org/isarray set size:undefined disposed:false
1746 silly fetch manifest which-boxed-primitive@^1.1.1
1747 silly packumentCache full:https://registry.npmjs.org/which-boxed-primitive cache-miss
1748 http fetch GET 200 https://registry.npmjs.org/dunder-proto 37ms (cache miss)
1749 silly packumentCache full:https://registry.npmjs.org/dunder-proto set size:undefined disposed:false
1750 silly fetch manifest for-each@^0.3.5
1751 silly packumentCache full:https://registry.npmjs.org/for-each cache-miss
1752 http fetch GET 200 https://registry.npmjs.org/isarray 37ms (cache miss)
1753 silly packumentCache full:https://registry.npmjs.org/isarray set size:undefined disposed:false
1754 http fetch GET 200 https://registry.npmjs.org/dunder-proto 37ms (cache miss)
1755 silly packumentCache full:https://registry.npmjs.org/dunder-proto set size:undefined disposed:false
1756 http fetch GET 200 https://registry.npmjs.org/side-channel 39ms (cache miss)
1757 silly packumentCache full:https://registry.npmjs.org/side-channel set size:undefined disposed:false
1758 http fetch GET 200 https://registry.npmjs.org/for-each 33ms (cache miss)
1759 silly packumentCache full:https://registry.npmjs.org/for-each set size:undefined disposed:false
1760 http fetch GET 200 https://registry.npmjs.org/functions-have-names 39ms (cache miss)
1761 silly packumentCache full:https://registry.npmjs.org/functions-have-names set size:undefined disposed:false
1762 http fetch GET 200 https://registry.npmjs.org/set-function-name 39ms (cache miss)
1763 silly packumentCache full:https://registry.npmjs.org/set-function-name set size:undefined disposed:false
1764 http fetch GET 200 https://registry.npmjs.org/for-each 34ms (cache miss)
1765 silly packumentCache full:https://registry.npmjs.org/for-each set size:undefined disposed:false
1766 http fetch GET 200 https://registry.npmjs.org/for-each 45ms (cache miss)
1767 silly packumentCache full:https://registry.npmjs.org/for-each set size:undefined disposed:false
1768 http fetch GET 200 https://registry.npmjs.org/reflect.getprototypeof 53ms (cache miss)
1769 silly packumentCache full:https://registry.npmjs.org/reflect.getprototypeof set size:undefined disposed:false
1770 http fetch GET 200 https://registry.npmjs.org/reflect.getprototypeof 26ms (cache miss)
1771 silly packumentCache full:https://registry.npmjs.org/reflect.getprototypeof set size:undefined disposed:false
1772 http fetch GET 200 https://registry.npmjs.org/for-each 29ms (cache miss)
1773 silly packumentCache full:https://registry.npmjs.org/for-each set size:undefined disposed:false
1774 http fetch GET 200 https://registry.npmjs.org/which-boxed-primitive 30ms (cache miss)
1775 silly packumentCache full:https://registry.npmjs.org/which-boxed-primitive set size:undefined disposed:false
1776 http fetch GET 200 https://registry.npmjs.org/has-bigints 32ms (cache miss)
1777 silly packumentCache full:https://registry.npmjs.org/has-bigints set size:undefined disposed:false
1778 http fetch GET 200 https://registry.npmjs.org/is-date-object 182ms (cache miss)
1779 silly packumentCache full:https://registry.npmjs.org/is-date-object set size:undefined disposed:false
1780 http fetch GET 200 https://registry.npmjs.org/possible-typed-array-names 187ms (cache miss)
1781 silly packumentCache full:https://registry.npmjs.org/possible-typed-array-names set size:undefined disposed:false
1782 http fetch GET 200 https://registry.npmjs.org/possible-typed-array-names 155ms (cache miss)
1783 silly packumentCache full:https://registry.npmjs.org/possible-typed-array-names set size:undefined disposed:false
1784 http fetch GET 200 https://registry.npmjs.org/es-abstract-get 202ms (cache miss)
1785 silly packumentCache full:https://registry.npmjs.org/es-abstract-get set size:undefined disposed:false
1786 silly placeDep ROOT possible-typed-array-names@1.1.0 OK for: available-typed-arrays@1.0.7 want: ^1.0.0
1787 silly placeDep ROOT has-tostringtag@1.0.2 OK for: es-set-tostringtag@2.1.0 want: ^1.0.2
1788 silly placeDep ROOT es-abstract-get@1.0.0 OK for: es-to-primitive@1.3.4 want: ^1.0.0
1789 silly placeDep ROOT is-date-object@1.1.0 OK for: es-to-primitive@1.3.4 want: ^1.1.0
1790 silly placeDep ROOT is-symbol@1.1.1 OK for: es-to-primitive@1.3.4 want: ^1.1.1
1791 silly placeDep node_modules/eslint-module-utils debug@3.2.7 OK for: eslint-module-utils@2.14.0 want: ^3.2.7
1792 silly placeDep ROOT aria-query@5.3.2 OK for: eslint-plugin-jsx-a11y@6.10.2 want: ^5.3.2
1793 silly placeDep ROOT ast-types-flow@0.0.8 OK for: eslint-plugin-jsx-a11y@6.10.2 want: ^0.0.8
1794 silly placeDep ROOT axe-core@4.13.0 OK for: eslint-plugin-jsx-a11y@6.10.2 want: ^4.10.0
1795 silly placeDep ROOT axobject-query@4.1.0 OK for: eslint-plugin-jsx-a11y@6.10.2 want: ^4.1.0
1796 silly placeDep ROOT damerau-levenshtein@1.0.8 OK for: eslint-plugin-jsx-a11y@6.10.2 want: ^1.0.8
1797 silly placeDep ROOT emoji-regex@9.2.2 OK for: eslint-plugin-jsx-a11y@6.10.2 want: ^9.2.2
1798 silly placeDep ROOT jsx-ast-utils@3.3.5 OK for: eslint-plugin-jsx-a11y@6.10.2 want: ^3.3.5
1799 silly placeDep ROOT language-tags@1.0.9 OK for: eslint-plugin-jsx-a11y@6.10.2 want: ^1.0.9
1800 silly placeDep ROOT string.prototype.includes@2.0.1 OK for: eslint-plugin-jsx-a11y@6.10.2 want: ^2.0.1
1801 silly fetch manifest language-subtag-registry@^0.3.20
1802 silly packumentCache full:https://registry.npmjs.org/language-subtag-registry cache-miss
1803 http fetch GET 200 https://registry.npmjs.org/language-subtag-registry 196ms (cache miss)
1804 silly packumentCache full:https://registry.npmjs.org/language-subtag-registry set size:undefined disposed:false
1805 silly placeDep ROOT array.prototype.findlast@1.2.5 OK for: eslint-plugin-react@7.37.5 want: ^1.2.5
1806 silly placeDep ROOT array.prototype.tosorted@1.1.4 OK for: eslint-plugin-react@7.37.5 want: ^1.1.4
1807 silly placeDep ROOT es-iterator-helpers@1.4.0 OK for: eslint-plugin-react@7.37.5 want: ^1.2.1
1808 silly placeDep ROOT estraverse@5.3.0 OK for: eslint-plugin-react@7.37.5 want: ^5.3.0
1809 silly placeDep ROOT object.entries@1.1.9 OK for: eslint-plugin-react@7.37.5 want: ^1.1.9
1810 silly placeDep ROOT prop-types@15.8.1 OK for: eslint-plugin-react@7.37.5 want: ^15.8.1
1811 silly placeDep ROOT string.prototype.matchall@4.1.0 OK for: eslint-plugin-react@7.37.5 want: ^4.0.12
1812 silly placeDep ROOT string.prototype.repeat@1.0.0 OK for: eslint-plugin-react@7.37.5 want: ^1.0.0
1813 silly fetch manifest iterator.prototype@^1.1.5
1814 silly packumentCache full:https://registry.npmjs.org/iterator.prototype cache-miss
1815 silly fetch manifest loose-envify@^1.4.0
1816 silly packumentCache full:https://registry.npmjs.org/loose-envify cache-miss
1817 silly fetch manifest object-assign@^4.1.1
1818 silly packumentCache full:https://registry.npmjs.org/object-assign cache-miss
1819 silly fetch manifest react-is@^16.13.1
1820 silly packumentCache full:https://registry.npmjs.org/react-is cache-miss
1821 silly fetch manifest side-channel@^1.1.1
1822 silly packumentCache full:https://registry.npmjs.org/side-channel cache-miss
1823 http cache https://registry.npmjs.org/side-channel 3ms (cache hit)
1824 silly packumentCache full:https://registry.npmjs.org/side-channel set size:27650 disposed:false
1825 http fetch GET 200 https://registry.npmjs.org/iterator.prototype 31ms (cache miss)
1826 silly packumentCache full:https://registry.npmjs.org/iterator.prototype set size:undefined disposed:false
1827 http fetch GET 200 https://registry.npmjs.org/loose-envify 31ms (cache miss)
1828 silly packumentCache full:https://registry.npmjs.org/loose-envify set size:undefined disposed:false
1829 http fetch GET 200 https://registry.npmjs.org/object-assign 35ms (cache miss)
1830 silly packumentCache full:https://registry.npmjs.org/object-assign set size:undefined disposed:false
1831 http fetch GET 200 https://registry.npmjs.org/react-is 736ms (cache miss)
1832 silly packumentCache full:https://registry.npmjs.org/react-is set size:undefined disposed:false
1833 silly placeDep ROOT iterator.prototype@1.1.5 OK for: es-iterator-helpers@1.4.0 want: ^1.1.5
1834 silly placeDep ROOT @babel/core@7.29.7 OK for: eslint-plugin-react-hooks@7.1.1 want: ^7.24.4
1835 silly placeDep ROOT @babel/parser@7.29.9 OK for: eslint-plugin-react-hooks@7.1.1 want: ^7.24.4
1836 silly placeDep ROOT hermes-parser@0.25.1 OK for: eslint-plugin-react-hooks@7.1.1 want: ^0.25.1
1837 silly placeDep ROOT zod@4.6.5 OK for: eslint-plugin-react-hooks@7.1.1 want: ^3.25.0 || ^4.0.0
1838 silly placeDep ROOT zod-validation-error@4.0.2 OK for: eslint-plugin-react-hooks@7.1.1 want: ^3.5.0 || ^4.0.0
1839 silly fetch manifest json5@^2.2.3
1840 silly packumentCache full:https://registry.npmjs.org/json5 cache-miss
1841 silly fetch manifest gensync@^1.0.0-beta.2
1842 silly packumentCache full:https://registry.npmjs.org/gensync cache-miss
1843 silly fetch manifest @babel/types@^7.29.7
1844 silly packumentCache full:https://registry.npmjs.org/@babel%2ftypes cache-miss
1845 silly fetch manifest @babel/parser@^7.29.7
1846 silly packumentCache full:https://registry.npmjs.org/@babel%2fparser cache-miss
1847 silly fetch manifest @babel/helpers@^7.29.7
1848 silly packumentCache full:https://registry.npmjs.org/@babel%2fhelpers cache-miss
1849 silly fetch manifest @babel/template@^7.29.7
1850 silly packumentCache full:https://registry.npmjs.org/@babel%2ftemplate cache-miss
1851 silly fetch manifest @babel/traverse@^7.29.7
1852 silly packumentCache full:https://registry.npmjs.org/@babel%2ftraverse cache-miss
1853 silly fetch manifest @babel/generator@^7.29.7
1854 silly packumentCache full:https://registry.npmjs.org/@babel%2fgenerator cache-miss
1855 silly fetch manifest @babel/code-frame@^7.29.7
1856 silly packumentCache full:https://registry.npmjs.org/@babel%2fcode-frame cache-miss
1857 silly fetch manifest convert-source-map@^2.0.0
1858 silly packumentCache full:https://registry.npmjs.org/convert-source-map cache-miss
1859 silly fetch manifest @babel/helper-module-transforms@^7.29.7
1860 silly packumentCache full:https://registry.npmjs.org/@babel%2fhelper-module-transforms cache-miss
1861 silly fetch manifest @babel/helper-compilation-targets@^7.29.7
1862 silly packumentCache full:https://registry.npmjs.org/@babel%2fhelper-compilation-targets cache-miss
1863 silly fetch manifest @babel/types@^7.29.8
1864 silly packumentCache full:https://registry.npmjs.org/@babel%2ftypes cache-miss
1865 silly fetch manifest hermes-estree@0.25.1
1866 silly packumentCache full:https://registry.npmjs.org/hermes-estree cache-miss
1867 http cache https://registry.npmjs.org/json5 10ms (cache hit)
1868 silly packumentCache full:https://registry.npmjs.org/json5 set size:86136 disposed:false
1869 http cache https://registry.npmjs.org/@babel%2fparser 10ms (cache hit)
1870 silly packumentCache full:https://registry.npmjs.org/@babel%2fparser set size:745724 disposed:false
1871 http fetch GET 200 https://registry.npmjs.org/gensync 30ms (cache miss)
1872 silly packumentCache full:https://registry.npmjs.org/gensync set size:undefined disposed:false
1873 http fetch GET 200 https://registry.npmjs.org/convert-source-map 37ms (cache miss)
1874 silly packumentCache full:https://registry.npmjs.org/convert-source-map set size:undefined disposed:false
1875 http fetch GET 200 https://registry.npmjs.org/@babel%2fhelper-compilation-targets 53ms (cache miss)
1876 silly packumentCache full:https://registry.npmjs.org/@babel%2fhelper-compilation-targets set size:undefined disposed:false
1877 http fetch GET 200 https://registry.npmjs.org/@babel%2fcode-frame 54ms (cache miss)
1878 silly packumentCache full:https://registry.npmjs.org/@babel%2fcode-frame set size:undefined disposed:false
1879 http fetch GET 200 https://registry.npmjs.org/hermes-estree 56ms (cache miss)
1880 silly packumentCache full:https://registry.npmjs.org/hermes-estree set size:undefined disposed:false
1881 http fetch GET 200 https://registry.npmjs.org/@babel%2ftemplate 66ms (cache miss)
1882 silly packumentCache full:https://registry.npmjs.org/@babel%2ftemplate set size:undefined disposed:false
1883 http fetch GET 200 https://registry.npmjs.org/@babel%2fhelper-module-transforms 66ms (cache miss)
1884 silly packumentCache full:https://registry.npmjs.org/@babel%2fhelper-module-transforms set size:undefined disposed:false
1885 http fetch GET 200 https://registry.npmjs.org/@babel%2fgenerator 112ms (cache miss)
1886 silly packumentCache full:https://registry.npmjs.org/@babel%2fgenerator set size:undefined disposed:false
1887 http fetch GET 200 https://registry.npmjs.org/@babel%2fhelpers 218ms (cache miss)
1888 silly packumentCache full:https://registry.npmjs.org/@babel%2fhelpers set size:undefined disposed:false
1889 http fetch GET 200 https://registry.npmjs.org/@babel%2ftraverse 274ms (cache miss)
1890 silly packumentCache full:https://registry.npmjs.org/@babel%2ftraverse set size:undefined disposed:false
1891 http fetch GET 200 https://registry.npmjs.org/@babel%2ftypes 434ms (cache miss)
1892 silly packumentCache full:https://registry.npmjs.org/@babel%2ftypes set size:undefined disposed:false
1893 http fetch GET 200 https://registry.npmjs.org/@babel%2ftypes 442ms (cache miss)
1894 silly packumentCache full:https://registry.npmjs.org/@babel%2ftypes set size:undefined disposed:false
1895 silly fetch manifest @babel/core@^7.0.0
1896 silly packumentCache full:https://registry.npmjs.org/@babel%2fcore cache-miss
1897 http cache https://registry.npmjs.org/@babel%2fcore 2ms (cache hit)
1898 silly packumentCache full:https://registry.npmjs.org/@babel%2fcore set size:797193 disposed:false
1899 silly placeDep ROOT @babel/code-frame@7.29.7 OK for: @babel/core@7.29.7 want: ^7.29.7
1900 silly placeDep ROOT @babel/generator@7.29.8 OK for: @babel/core@7.29.7 want: ^7.29.7
1901 silly placeDep ROOT @babel/helper-compilation-targets@7.29.7 OK for: @babel/core@7.29.7 want: ^7.29.7
1902 silly placeDep ROOT @babel/helper-module-transforms@7.29.7 OK for: @babel/core@7.29.7 want: ^7.29.7
1903 silly placeDep ROOT @babel/helpers@7.29.7 OK for: @babel/core@7.29.7 want: ^7.29.7
1904 silly placeDep ROOT @babel/template@7.29.7 OK for: @babel/core@7.29.7 want: ^7.29.7
1905 silly placeDep ROOT @babel/traverse@7.29.8 OK for: @babel/core@7.29.7 want: ^7.29.7
1906 silly placeDep ROOT @babel/types@7.29.8 OK for: @babel/core@7.29.7 want: ^7.29.7
1907 silly placeDep ROOT convert-source-map@2.0.0 OK for: @babel/core@7.29.7 want: ^2.0.0
1908 silly placeDep ROOT gensync@1.0.0-beta.2 OK for: @babel/core@7.29.7 want: ^1.0.0-beta.2
1909 silly placeDep ROOT json5@2.2.3 OK for: @babel/core@7.29.7 want: ^2.2.3
1910 silly fetch manifest js-tokens@^4.0.0
1911 silly packumentCache full:https://registry.npmjs.org/js-tokens cache-miss
1912 silly fetch manifest @babel/helper-validator-identifier@^7.29.7
1913 silly packumentCache full:https://registry.npmjs.org/@babel%2fhelper-validator-identifier cache-miss
1914 silly fetch manifest jsesc@^3.0.2
1915 silly packumentCache full:https://registry.npmjs.org/jsesc cache-miss
1916 silly fetch manifest lru-cache@^5.1.1
1917 silly packumentCache full:https://registry.npmjs.org/lru-cache cache-miss
1918 silly fetch manifest browserslist@^4.24.0
1919 silly packumentCache full:https://registry.npmjs.org/browserslist cache-miss
1920 silly fetch manifest @babel/compat-data@^7.29.7
1921 silly packumentCache full:https://registry.npmjs.org/@babel%2fcompat-data cache-miss
1922 silly fetch manifest @babel/helper-validator-option@^7.29.7
1923 silly packumentCache full:https://registry.npmjs.org/@babel%2fhelper-validator-option cache-miss
1924 silly fetch manifest @babel/helper-module-imports@^7.29.7
1925 silly packumentCache full:https://registry.npmjs.org/@babel%2fhelper-module-imports cache-miss
1926 silly fetch manifest @babel/helper-validator-identifier@^7.29.7
1927 silly packumentCache full:https://registry.npmjs.org/@babel%2fhelper-validator-identifier cache-miss
1928 silly fetch manifest @babel/helper-globals@^7.29.7
1929 silly packumentCache full:https://registry.npmjs.org/@babel%2fhelper-globals cache-miss
1930 silly fetch manifest @babel/helper-string-parser@^7.29.7
1931 silly packumentCache full:https://registry.npmjs.org/@babel%2fhelper-string-parser cache-miss
1932 silly fetch manifest @babel/helper-validator-identifier@^7.29.7
1933 silly packumentCache full:https://registry.npmjs.org/@babel%2fhelper-validator-identifier cache-miss
1934 http fetch GET 200 https://registry.npmjs.org/@babel%2fhelper-string-parser 43ms (cache miss)
1935 silly packumentCache full:https://registry.npmjs.org/@babel%2fhelper-string-parser set size:undefined disposed:false
1936 http fetch GET 200 https://registry.npmjs.org/js-tokens 56ms (cache miss)
1937 silly packumentCache full:https://registry.npmjs.org/js-tokens set size:undefined disposed:false
1938 http fetch GET 200 https://registry.npmjs.org/jsesc 55ms (cache miss)
1939 silly packumentCache full:https://registry.npmjs.org/jsesc set size:undefined disposed:false
1940 http fetch GET 200 https://registry.npmjs.org/@babel%2fcompat-data 58ms (cache miss)
1941 silly packumentCache full:https://registry.npmjs.org/@babel%2fcompat-data set size:undefined disposed:false
1942 http fetch GET 200 https://registry.npmjs.org/@babel%2fhelper-validator-identifier 61ms (cache miss)
1943 silly packumentCache full:https://registry.npmjs.org/@babel%2fhelper-validator-identifier set size:undefined disposed:false
1944 http fetch GET 200 https://registry.npmjs.org/@babel%2fhelper-validator-identifier 61ms (cache miss)
1945 silly packumentCache full:https://registry.npmjs.org/@babel%2fhelper-validator-identifier set size:undefined disposed:false
1946 http fetch GET 200 https://registry.npmjs.org/@babel%2fhelper-globals 63ms (cache miss)
1947 silly packumentCache full:https://registry.npmjs.org/@babel%2fhelper-globals set size:undefined disposed:false
1948 http fetch GET 200 https://registry.npmjs.org/@babel%2fhelper-validator-identifier 65ms (cache miss)
1949 silly packumentCache full:https://registry.npmjs.org/@babel%2fhelper-validator-identifier set size:undefined disposed:false
1950 http fetch GET 200 https://registry.npmjs.org/lru-cache 67ms (cache miss)
1951 silly packumentCache full:https://registry.npmjs.org/lru-cache set size:undefined disposed:false
1952 http fetch GET 200 https://registry.npmjs.org/browserslist 79ms (cache miss)
1953 silly packumentCache full:https://registry.npmjs.org/browserslist set size:undefined disposed:false
1954 http fetch GET 200 https://registry.npmjs.org/@babel%2fhelper-module-imports 249ms (cache miss)
1955 silly packumentCache full:https://registry.npmjs.org/@babel%2fhelper-module-imports set size:undefined disposed:false
1956 http fetch GET 200 https://registry.npmjs.org/@babel%2fhelper-validator-option 359ms (cache miss)
1957 silly packumentCache full:https://registry.npmjs.org/@babel%2fhelper-validator-option set size:undefined disposed:false
1958 silly placeDep ROOT @babel/helper-validator-identifier@7.29.7 OK for: @babel/code-frame@7.29.7 want: ^7.29.7
1959 silly placeDep ROOT js-tokens@4.0.0 OK for: @babel/code-frame@7.29.7 want: ^4.0.0
1960 silly placeDep ROOT picocolors@1.1.1 OK for: @babel/code-frame@7.29.7 want: ^1.1.1
1961 silly placeDep ROOT jsesc@3.1.0 OK for: @babel/generator@7.29.8 want: ^3.0.2
1962 silly placeDep ROOT @babel/compat-data@7.29.7 OK for: @babel/helper-compilation-targets@7.29.7 want: ^7.29.7
1963 silly placeDep ROOT @babel/helper-validator-option@7.29.7 OK for: @babel/helper-compilation-targets@7.29.7 want: ^7.29.7
1964 silly placeDep ROOT browserslist@4.29.1 OK for: @babel/helper-compilation-targets@7.29.7 want: ^4.24.0
1965 silly placeDep ROOT lru-cache@5.1.1 OK for: @babel/helper-compilation-targets@7.29.7 want: ^5.1.1
1966 silly fetch manifest caniuse-lite@^1.0.30001810
1967 silly packumentCache full:https://registry.npmjs.org/caniuse-lite cache-miss
1968 silly fetch manifest node-releases@^2.0.57
1969 silly packumentCache full:https://registry.npmjs.org/node-releases cache-miss
1970 silly fetch manifest electron-to-chromium@^1.5.438
1971 silly packumentCache full:https://registry.npmjs.org/electron-to-chromium cache-miss
1972 silly fetch manifest update-browserslist-db@^1.3.3
1973 silly packumentCache full:https://registry.npmjs.org/update-browserslist-db cache-miss
1974 silly fetch manifest baseline-browser-mapping@^2.11.25
1975 silly packumentCache full:https://registry.npmjs.org/baseline-browser-mapping cache-miss
1976 silly fetch manifest yallist@^3.0.2
1977 silly packumentCache full:https://registry.npmjs.org/yallist cache-miss
1978 http cache https://registry.npmjs.org/baseline-browser-mapping 3ms (cache hit)
1979 silly packumentCache full:https://registry.npmjs.org/baseline-browser-mapping set size:645799 disposed:false
1980 http cache https://registry.npmjs.org/caniuse-lite 7ms (cache hit)
1981 silly packumentCache full:https://registry.npmjs.org/caniuse-lite set size:2315500 disposed:false
1982 http fetch GET 200 https://registry.npmjs.org/yallist 30ms (cache miss)
1983 silly packumentCache full:https://registry.npmjs.org/yallist set size:undefined disposed:false
1984 http fetch GET 200 https://registry.npmjs.org/update-browserslist-db 37ms (cache miss)
1985 silly packumentCache full:https://registry.npmjs.org/update-browserslist-db set size:undefined disposed:false
1986 http fetch GET 200 https://registry.npmjs.org/node-releases 85ms (cache miss)
1987 silly packumentCache full:https://registry.npmjs.org/node-releases set size:undefined disposed:false
1988 http fetch GET 200 https://registry.npmjs.org/electron-to-chromium 483ms (cache miss)
1989 silly packumentCache full:https://registry.npmjs.org/electron-to-chromium set size:undefined disposed:false
1990 silly placeDep ROOT @babel/helper-module-imports@7.29.7 OK for: @babel/helper-module-transforms@7.29.7 want: ^7.29.7
1991 silly placeDep ROOT @babel/helper-globals@7.29.7 OK for: @babel/traverse@7.29.8 want: ^7.29.7
1992 silly placeDep ROOT @babel/helper-string-parser@7.29.7 OK for: @babel/types@7.29.8 want: ^7.29.7
1993 silly fetch manifest browserslist@>= 4.21.0
1994 silly packumentCache full:https://registry.npmjs.org/browserslist cache-miss
1995 http cache https://registry.npmjs.org/browserslist 3ms (cache hit)
1996 silly packumentCache full:https://registry.npmjs.org/browserslist set size:525727 disposed:false
1997 silly placeDep ROOT baseline-browser-mapping@2.11.26 OK for: browserslist@4.29.1 want: ^2.11.25
1998 silly placeDep ROOT caniuse-lite@1.0.30001812 OK for: browserslist@4.29.1 want: ^1.0.30001810
1999 silly placeDep ROOT electron-to-chromium@1.5.439 OK for: browserslist@4.29.1 want: ^1.5.438
2000 silly placeDep ROOT node-releases@2.0.57 OK for: browserslist@4.29.1 want: ^2.0.57
2001 silly placeDep ROOT update-browserslist-db@1.3.3 OK for: browserslist@4.29.1 want: ^1.3.3
2002 silly fetch manifest escalade@^3.2.0
2003 silly packumentCache full:https://registry.npmjs.org/escalade cache-miss
2004 http fetch GET 200 https://registry.npmjs.org/escalade 40ms (cache miss)
2005 silly packumentCache full:https://registry.npmjs.org/escalade set size:undefined disposed:false
2006 silly placeDep ROOT esrecurse@4.3.0 OK for: eslint-scope@8.4.0 want: ^4.3.0
2007 silly placeDep ROOT acorn@8.18.0 OK for: espree@10.4.0 want: ^8.15.0
2008 silly placeDep ROOT acorn-jsx@5.3.2 OK for: espree@10.4.0 want: ^5.3.2
2009 silly placeDep ROOT @nodelib/fs.stat@2.0.5 OK for: fast-glob@3.3.1 want: ^2.0.2
2010 silly placeDep ROOT @nodelib/fs.walk@1.2.8 OK for: fast-glob@3.3.1 want: ^1.2.3
2011 silly placeDep node_modules/fast-glob glob-parent@5.1.2 OK for: fast-glob@3.3.1 want: ^5.1.2
2012 silly placeDep ROOT merge2@1.4.1 OK for: fast-glob@3.3.1 want: ^1.3.0
2013 silly placeDep ROOT micromatch@4.0.8 OK for: fast-glob@3.3.1 want: ^4.0.4
2014 silly fetch manifest fastq@^1.6.0
2015 silly packumentCache full:https://registry.npmjs.org/fastq cache-miss
2016 silly fetch manifest @nodelib/fs.scandir@2.1.5
2017 silly packumentCache full:https://registry.npmjs.org/@nodelib%2ffs.scandir cache-miss
2018 silly fetch manifest braces@^3.0.3
2019 silly packumentCache full:https://registry.npmjs.org/braces cache-miss
2020 silly fetch manifest picomatch@^2.3.1
2021 silly packumentCache full:https://registry.npmjs.org/picomatch cache-miss
2022 http cache https://registry.npmjs.org/picomatch 2ms (cache hit)
2023 silly packumentCache full:https://registry.npmjs.org/picomatch set size:134451 disposed:false
2024 http fetch GET 200 https://registry.npmjs.org/braces 38ms (cache miss)
2025 silly packumentCache full:https://registry.npmjs.org/braces set size:undefined disposed:false
2026 http fetch GET 200 https://registry.npmjs.org/@nodelib%2ffs.scandir 40ms (cache miss)
2027 silly packumentCache full:https://registry.npmjs.org/@nodelib%2ffs.scandir set size:undefined disposed:false
2028 http fetch GET 200 https://registry.npmjs.org/fastq 42ms (cache miss)
2029 silly packumentCache full:https://registry.npmjs.org/fastq set size:undefined disposed:false
2030 silly placeDep ROOT @nodelib/fs.scandir@2.1.5 OK for: @nodelib/fs.walk@1.2.8 want: 2.1.5
2031 silly placeDep ROOT fastq@1.20.3 OK for: @nodelib/fs.walk@1.2.8 want: ^1.6.0
2032 silly fetch manifest run-parallel@^1.1.9
2033 silly packumentCache full:https://registry.npmjs.org/run-parallel cache-miss
2034 silly fetch manifest reusify@^1.0.4
2035 silly packumentCache full:https://registry.npmjs.org/reusify cache-miss
2036 http fetch GET 200 https://registry.npmjs.org/run-parallel 31ms (cache miss)
2037 silly packumentCache full:https://registry.npmjs.org/run-parallel set size:undefined disposed:false
2038 http fetch GET 200 https://registry.npmjs.org/reusify 36ms (cache miss)
2039 silly packumentCache full:https://registry.npmjs.org/reusify set size:undefined disposed:false
2040 silly placeDep ROOT run-parallel@1.2.0 OK for: @nodelib/fs.scandir@2.1.5 want: ^1.1.9
2041 silly fetch manifest queue-microtask@^1.2.2
2042 silly packumentCache full:https://registry.npmjs.org/queue-microtask cache-miss
2043 http fetch GET 200 https://registry.npmjs.org/queue-microtask 36ms (cache miss)
2044 silly packumentCache full:https://registry.npmjs.org/queue-microtask set size:undefined disposed:false
2045 silly placeDep ROOT reusify@1.1.0 OK for: fastq@1.20.3 want: ^1.0.4
2046 silly placeDep ROOT flat-cache@4.0.1 OK for: file-entry-cache@8.0.0 want: ^4.0.0
2047 silly fetch manifest keyv@^4.5.4
2048 silly packumentCache full:https://registry.npmjs.org/keyv cache-miss
2049 silly fetch manifest flatted@^3.2.9
2050 silly packumentCache full:https://registry.npmjs.org/flatted cache-miss
2051 http fetch GET 200 https://registry.npmjs.org/flatted 41ms (cache miss)
2052 silly packumentCache full:https://registry.npmjs.org/flatted set size:undefined disposed:false
2053 http fetch GET 200 https://registry.npmjs.org/keyv 51ms (cache miss)
2054 silly packumentCache full:https://registry.npmjs.org/keyv set size:undefined disposed:false
2055 silly placeDep ROOT locate-path@6.0.0 OK for: find-up@5.0.0 want: ^6.0.0
2056 silly placeDep ROOT path-exists@4.0.0 OK for: find-up@5.0.0 want: ^4.0.0
2057 silly fetch manifest p-locate@^5.0.0
2058 silly packumentCache full:https://registry.npmjs.org/p-locate cache-miss
2059 http fetch GET 200 https://registry.npmjs.org/p-locate 34ms (cache miss)
2060 silly packumentCache full:https://registry.npmjs.org/p-locate set size:undefined disposed:false
2061 silly placeDep ROOT flatted@3.4.4 OK for: flat-cache@4.0.1 want: ^3.2.9
2062 silly placeDep ROOT keyv@4.5.4 OK for: flat-cache@4.0.1 want: ^4.5.4
2063 silly fetch manifest json-buffer@3.0.1
2064 silly packumentCache full:https://registry.npmjs.org/json-buffer cache-miss
2065 http fetch GET 200 https://registry.npmjs.org/json-buffer 25ms (cache miss)
2066 silly packumentCache full:https://registry.npmjs.org/json-buffer set size:undefined disposed:false
2067 silly placeDep ROOT functions-have-names@1.2.3 OK for: function.prototype.name@1.2.0 want: ^1.2.3
2068 silly placeDep ROOT is-document.all@1.0.0 OK for: function.prototype.name@1.2.0 want: ^1.0.0
2069 silly placeDep ROOT dunder-proto@1.0.1 OK for: get-proto@1.0.1 want: ^1.0.1
2070 silly placeDep ROOT resolve-pkg-maps@1.0.0 OK for: get-tsconfig@4.14.3 want: ^1.0.0
2071 silly placeDep ROOT hermes-estree@0.25.1 OK for: hermes-parser@0.25.1 want: 0.25.1
2072 silly placeDep ROOT parent-module@1.0.1 OK for: import-fresh@3.3.1 want: ^1.0.0
2073 silly placeDep ROOT resolve-from@4.0.0 OK for: import-fresh@3.3.1 want: ^4.0.0
2074 silly fetch manifest callsites@^3.0.0
2075 silly packumentCache full:https://registry.npmjs.org/callsites cache-miss
2076 http fetch GET 200 https://registry.npmjs.org/callsites 26ms (cache miss)
2077 silly packumentCache full:https://registry.npmjs.org/callsites set size:undefined disposed:false
2078 silly placeDep ROOT side-channel@1.1.1 OK for: internal-slot@1.1.0 want: ^1.1.0
2079 silly fetch manifest side-channel-list@^1.0.1
2080 silly packumentCache full:https://registry.npmjs.org/side-channel-list cache-miss
2081 silly fetch manifest side-channel-map@^1.0.1
2082 silly packumentCache full:https://registry.npmjs.org/side-channel-map cache-miss
2083 silly fetch manifest side-channel-weakmap@^1.0.2
2084 silly packumentCache full:https://registry.npmjs.org/side-channel-weakmap cache-miss
2085 http fetch GET 200 https://registry.npmjs.org/side-channel-map 31ms (cache miss)
2086 silly packumentCache full:https://registry.npmjs.org/side-channel-map set size:undefined disposed:false
2087 http fetch GET 200 https://registry.npmjs.org/side-channel-weakmap 31ms (cache miss)
2088 silly packumentCache full:https://registry.npmjs.org/side-channel-weakmap set size:undefined disposed:false
2089 http fetch GET 200 https://registry.npmjs.org/side-channel-list 31ms (cache miss)
2090 silly packumentCache full:https://registry.npmjs.org/side-channel-list set size:undefined disposed:false
2091 silly placeDep node_modules/is-bun-module semver@7.8.5 OK for: is-bun-module@2.0.0 want: ^7.7.1
2092 silly placeDep ROOT is-extglob@2.1.1 OK for: is-glob@4.0.3 want: ^2.1.1
2093 silly placeDep ROOT set-function-name@2.0.2 OK for: iterator.prototype@1.1.5 want: ^2.0.2
2094 silly placeDep ROOT argparse@2.0.1 OK for: js-yaml@4.3.2 want: ^2.0.1
2095 silly placeDep ROOT json-buffer@3.0.1 OK for: keyv@4.5.4 want: 3.0.1
2096 silly placeDep ROOT language-subtag-registry@0.3.23 OK for: language-tags@1.0.9 want: ^0.3.20
2097 silly placeDep ROOT prelude-ls@1.2.1 OK for: levn@0.4.1 want: ^1.2.1
2098 silly placeDep ROOT type-check@0.4.0 OK for: levn@0.4.1 want: ~0.4.0
2099 silly placeDep ROOT detect-libc@2.1.2 OK for: lightningcss@1.32.0 want: ^2.0.3
2100 silly placeDep ROOT lightningcss-android-arm64@1.32.0 OK for: lightningcss@1.32.0 want: 1.32.0
2101 silly placeDep ROOT lightningcss-darwin-arm64@1.32.0 OK for: lightningcss@1.32.0 want: 1.32.0
2102 silly placeDep ROOT lightningcss-darwin-x64@1.32.0 OK for: lightningcss@1.32.0 want: 1.32.0
2103 silly placeDep ROOT lightningcss-freebsd-x64@1.32.0 OK for: lightningcss@1.32.0 want: 1.32.0
2104 silly placeDep ROOT lightningcss-linux-arm-gnueabihf@1.32.0 OK for: lightningcss@1.32.0 want: 1.32.0
2105 silly placeDep ROOT lightningcss-linux-arm64-gnu@1.32.0 OK for: lightningcss@1.32.0 want: 1.32.0
2106 silly placeDep ROOT lightningcss-linux-arm64-musl@1.32.0 OK for: lightningcss@1.32.0 want: 1.32.0
2107 silly placeDep ROOT lightningcss-linux-x64-gnu@1.32.0 OK for: lightningcss@1.32.0 want: 1.32.0
2108 silly placeDep ROOT lightningcss-linux-x64-musl@1.32.0 OK for: lightningcss@1.32.0 want: 1.32.0
2109 silly placeDep ROOT lightningcss-win32-arm64-msvc@1.32.0 OK for: lightningcss@1.32.0 want: 1.32.0
2110 silly placeDep ROOT lightningcss-win32-x64-msvc@1.32.0 OK for: lightningcss@1.32.0 want: 1.32.0
2111 silly placeDep ROOT p-locate@5.0.0 OK for: locate-path@6.0.0 want: ^5.0.0
2112 silly fetch manifest p-limit@^3.0.2
2113 silly packumentCache full:https://registry.npmjs.org/p-limit cache-miss
2114 http fetch GET 200 https://registry.npmjs.org/p-limit 43ms (cache miss)
2115 silly packumentCache full:https://registry.npmjs.org/p-limit set size:undefined disposed:false
2116 silly placeDep ROOT yallist@3.1.1 OK for: lru-cache@5.1.1 want: ^3.0.2
2117 silly placeDep ROOT braces@3.0.3 OK for: micromatch@4.0.8 want: ^3.0.3
2118 silly placeDep ROOT picomatch@2.3.2 OK for: micromatch@4.0.8 want: ^2.3.1
2119 silly fetch manifest fill-range@^7.1.1
2120 silly packumentCache full:https://registry.npmjs.org/fill-range cache-miss
2121 http fetch GET 200 https://registry.npmjs.org/fill-range 38ms (cache miss)
2122 silly packumentCache full:https://registry.npmjs.org/fill-range set size:undefined disposed:false
2123 silly placeDep ROOT fill-range@7.1.1 OK for: braces@3.0.3 want: ^7.1.1
2124 silly fetch manifest to-regex-range@^5.0.1
2125 silly packumentCache full:https://registry.npmjs.org/to-regex-range cache-miss
2126 http fetch GET 200 https://registry.npmjs.org/to-regex-range 35ms (cache miss)
2127 silly packumentCache full:https://registry.npmjs.org/to-regex-range set size:undefined disposed:false
2128 silly placeDep ROOT to-regex-range@5.0.1 OK for: fill-range@7.1.1 want: ^5.0.1
2129 silly fetch manifest is-number@^7.0.0
2130 silly packumentCache full:https://registry.npmjs.org/is-number cache-miss
2131 http fetch GET 200 https://registry.npmjs.org/is-number 36ms (cache miss)
2132 silly packumentCache full:https://registry.npmjs.org/is-number set size:undefined disposed:false
2133 silly placeDep ROOT brace-expansion@1.1.21 OK for: minimatch@3.1.5 want: ^1.1.7
2134 silly fetch manifest concat-map@0.0.1
2135 silly packumentCache full:https://registry.npmjs.org/concat-map cache-miss
2136 silly fetch manifest balanced-match@^1.0.0
2137 silly packumentCache full:https://registry.npmjs.org/balanced-match cache-miss
2138 http fetch GET 200 https://registry.npmjs.org/concat-map 29ms (cache miss)
2139 silly packumentCache full:https://registry.npmjs.org/concat-map set size:undefined disposed:false
2140 http fetch GET 200 https://registry.npmjs.org/balanced-match 37ms (cache miss)
2141 silly packumentCache full:https://registry.npmjs.org/balanced-match set size:undefined disposed:false
2142 silly placeDep ROOT balanced-match@1.0.2 OK for: brace-expansion@1.1.21 want: ^1.0.0
2143 silly placeDep ROOT concat-map@0.0.1 OK for: brace-expansion@1.1.21 want: 0.0.1
2144 silly fetch manifest react@^18.2.0 || 19.0.0-rc-de68d2f4-20241204 || ^19.0.0
2145 silly packumentCache full:https://registry.npmjs.org/react cache-miss
2146 http cache https://registry.npmjs.org/react 7ms (cache hit)
2147 silly packumentCache full:https://registry.npmjs.org/react set size:7006748 disposed:false
2148 silly placeDep ROOT @next/env@16.3.6 OK for: next@16.3.6 want: 16.3.6
2149 silly placeDep ROOT @next/swc-darwin-arm64@16.3.6 OK for: next@16.3.6 want: 16.3.6
2150 silly placeDep ROOT @next/swc-darwin-x64@16.3.6 OK for: next@16.3.6 want: 16.3.6
2151 silly placeDep ROOT @next/swc-linux-arm64-gnu@16.3.6 OK for: next@16.3.6 want: 16.3.6
2152 silly placeDep ROOT @next/swc-linux-arm64-musl@16.3.6 OK for: next@16.3.6 want: 16.3.6
2153 silly placeDep ROOT @next/swc-linux-x64-gnu@16.3.6 OK for: next@16.3.6 want: 16.3.6
2154 silly placeDep ROOT @next/swc-linux-x64-musl@16.3.6 OK for: next@16.3.6 want: 16.3.6
2155 silly placeDep ROOT @next/swc-win32-arm64-msvc@16.3.6 OK for: next@16.3.6 want: 16.3.6
2156 silly placeDep ROOT @next/swc-win32-x64-msvc@16.3.6 OK for: next@16.3.6 want: 16.3.6
2157 silly placeDep ROOT @swc/helpers@0.5.23 OK for: next@16.3.6 want: 0.5.23
2158 silly placeDep node_modules/next postcss@8.5.23 OK for: next@16.3.6 want: 8.5.23
2159 silly placeDep ROOT sharp@0.35.4 OK for: next@16.3.6 want: ^0.35.4
2160 silly placeDep ROOT styled-jsx@5.1.6 OK for: next@16.3.6 want: 5.1.6
2161 silly fetch manifest tslib@^2.8.0
2162 silly packumentCache full:https://registry.npmjs.org/tslib cache-miss
2163 silly fetch manifest nanoid@^3.3.16
2164 silly packumentCache full:https://registry.npmjs.org/nanoid cache-miss
2165 silly fetch manifest semver@^7.8.5
2166 silly packumentCache full:https://registry.npmjs.org/semver cache-hit
2167 silly fetch manifest @img/colour@^1.1.0
2168 silly packumentCache full:https://registry.npmjs.org/@img%2fcolour cache-miss
2169 silly fetch manifest @img/sharp-linux-arm@0.35.4
2170 silly packumentCache full:https://registry.npmjs.org/@img%2fsharp-linux-arm cache-miss
2171 silly fetch manifest @img/sharp-linux-x64@0.35.4
2172 silly packumentCache full:https://registry.npmjs.org/@img%2fsharp-linux-x64 cache-miss
2173 silly fetch manifest @img/sharp-win32-x64@0.35.4
2174 silly packumentCache full:https://registry.npmjs.org/@img%2fsharp-win32-x64 cache-miss
2175 silly fetch manifest @img/sharp-darwin-x64@0.35.4
2176 silly packumentCache full:https://registry.npmjs.org/@img%2fsharp-darwin-x64 cache-miss
2177 silly fetch manifest @img/sharp-win32-ia32@0.35.4
2178 silly packumentCache full:https://registry.npmjs.org/@img%2fsharp-win32-ia32 cache-miss
2179 silly fetch manifest @img/sharp-linux-arm64@0.35.4
2180 silly packumentCache full:https://registry.npmjs.org/@img%2fsharp-linux-arm64 cache-miss
2181 silly fetch manifest @img/sharp-linux-ppc64@0.35.4
2182 silly packumentCache full:https://registry.npmjs.org/@img%2fsharp-linux-ppc64 cache-miss
2183 silly fetch manifest @img/sharp-linux-s390x@0.35.4
2184 silly packumentCache full:https://registry.npmjs.org/@img%2fsharp-linux-s390x cache-miss
2185 silly fetch manifest @img/sharp-win32-arm64@0.35.4
2186 silly packumentCache full:https://registry.npmjs.org/@img%2fsharp-win32-arm64 cache-miss
2187 silly fetch manifest @img/sharp-darwin-arm64@0.35.4
2188 silly packumentCache full:https://registry.npmjs.org/@img%2fsharp-darwin-arm64 cache-miss
2189 silly fetch manifest @img/sharp-linux-riscv64@0.35.4
2190 silly packumentCache full:https://registry.npmjs.org/@img%2fsharp-linux-riscv64 cache-miss
2191 silly fetch manifest @img/sharp-linuxmusl-x64@0.35.4
2192 silly packumentCache full:https://registry.npmjs.org/@img%2fsharp-linuxmusl-x64 cache-miss
2193 silly fetch manifest @img/sharp-freebsd-wasm32@0.35.4
2194 silly packumentCache full:https://registry.npmjs.org/@img%2fsharp-freebsd-wasm32 cache-miss
2195 silly fetch manifest @img/sharp-linuxmusl-arm64@0.35.4
2196 silly packumentCache full:https://registry.npmjs.org/@img%2fsharp-linuxmusl-arm64 cache-miss
2197 http cache https://registry.npmjs.org/nanoid 10ms (cache hit)
2198 silly packumentCache full:https://registry.npmjs.org/nanoid set size:345858 disposed:false
2199 silly fetch manifest @img/sharp-libvips-linux-arm@1.3.3
2200 silly packumentCache full:https://registry.npmjs.org/@img%2fsharp-libvips-linux-arm cache-miss
2201 http fetch GET 200 https://registry.npmjs.org/tslib 35ms (cache miss)
2202 silly packumentCache full:https://registry.npmjs.org/tslib set size:undefined disposed:false
2203 silly fetch manifest @img/sharp-libvips-linux-x64@1.3.3
2204 silly packumentCache full:https://registry.npmjs.org/@img%2fsharp-libvips-linux-x64 cache-miss
2205 http fetch GET 200 https://registry.npmjs.org/@img%2fcolour 45ms (cache miss)
2206 silly packumentCache full:https://registry.npmjs.org/@img%2fcolour set size:undefined disposed:false
2207 silly fetch manifest @img/sharp-libvips-darwin-x64@1.3.3
2208 silly packumentCache full:https://registry.npmjs.org/@img%2fsharp-libvips-darwin-x64 cache-miss
2209 http fetch GET 200 https://registry.npmjs.org/@img%2fsharp-win32-ia32 49ms (cache miss)
2210 silly packumentCache full:https://registry.npmjs.org/@img%2fsharp-win32-ia32 set size:undefined disposed:false
2211 silly fetch manifest @img/sharp-libvips-linux-arm64@1.3.3
2212 silly packumentCache full:https://registry.npmjs.org/@img%2fsharp-libvips-linux-arm64 cache-miss
2213 http fetch GET 200 https://registry.npmjs.org/@img%2fsharp-linux-ppc64 67ms (cache miss)
2214 silly packumentCache full:https://registry.npmjs.org/@img%2fsharp-linux-ppc64 set size:undefined disposed:false
2215 silly fetch manifest @img/sharp-libvips-linux-ppc64@1.3.3
2216 silly packumentCache full:https://registry.npmjs.org/@img%2fsharp-libvips-linux-ppc64 cache-miss
2217 http fetch GET 200 https://registry.npmjs.org/@img%2fsharp-linux-arm64 71ms (cache miss)
2218 silly packumentCache full:https://registry.npmjs.org/@img%2fsharp-linux-arm64 set size:undefined disposed:false
2219 silly fetch manifest @img/sharp-libvips-linux-s390x@1.3.3
2220 silly packumentCache full:https://registry.npmjs.org/@img%2fsharp-libvips-linux-s390x cache-miss
2221 http fetch GET 200 https://registry.npmjs.org/@img%2fsharp-libvips-darwin-x64 62ms (cache miss)
2222 silly packumentCache full:https://registry.npmjs.org/@img%2fsharp-libvips-darwin-x64 set size:undefined disposed:false
2223 silly fetch manifest @img/sharp-libvips-darwin-arm64@1.3.3
2224 silly packumentCache full:https://registry.npmjs.org/@img%2fsharp-libvips-darwin-arm64 cache-miss
2225 http fetch GET 200 https://registry.npmjs.org/@img%2fsharp-darwin-x64 197ms (cache miss)
2226 silly packumentCache full:https://registry.npmjs.org/@img%2fsharp-darwin-x64 set size:undefined disposed:false
2227 silly fetch manifest @img/sharp-webcontainers-wasm32@0.35.4
2228 silly packumentCache full:https://registry.npmjs.org/@img%2fsharp-webcontainers-wasm32 cache-miss
2229 http fetch GET 200 https://registry.npmjs.org/@img%2fsharp-win32-x64 213ms (cache miss)
2230 silly packumentCache full:https://registry.npmjs.org/@img%2fsharp-win32-x64 set size:undefined disposed:false
2231 silly fetch manifest @img/sharp-libvips-linux-riscv64@1.3.3
2232 silly packumentCache full:https://registry.npmjs.org/@img%2fsharp-libvips-linux-riscv64 cache-miss
2233 http fetch GET 200 https://registry.npmjs.org/@img%2fsharp-win32-arm64 218ms (cache miss)
2234 silly packumentCache full:https://registry.npmjs.org/@img%2fsharp-win32-arm64 set size:undefined disposed:false
2235 silly fetch manifest @img/sharp-libvips-linuxmusl-x64@1.3.3
2236 silly packumentCache full:https://registry.npmjs.org/@img%2fsharp-libvips-linuxmusl-x64 cache-miss
2237 http fetch GET 200 https://registry.npmjs.org/@img%2fsharp-darwin-arm64 219ms (cache miss)
2238 silly packumentCache full:https://registry.npmjs.org/@img%2fsharp-darwin-arm64 set size:undefined disposed:false
2239 silly fetch manifest @img/sharp-libvips-linuxmusl-arm64@1.3.3
2240 silly packumentCache full:https://registry.npmjs.org/@img%2fsharp-libvips-linuxmusl-arm64 cache-miss
2241 http fetch GET 200 https://registry.npmjs.org/@img%2fsharp-linux-riscv64 225ms (cache miss)
2242 silly packumentCache full:https://registry.npmjs.org/@img%2fsharp-linux-riscv64 set size:undefined disposed:false
2243 silly fetch manifest client-only@0.0.1
2244 silly packumentCache full:https://registry.npmjs.org/client-only cache-miss
2245 http fetch GET 200 https://registry.npmjs.org/@img%2fsharp-freebsd-wasm32 226ms (cache miss)
2246 silly packumentCache full:https://registry.npmjs.org/@img%2fsharp-freebsd-wasm32 set size:undefined disposed:false
2247 http fetch GET 200 https://registry.npmjs.org/@img%2fsharp-linux-x64 230ms (cache miss)
2248 silly packumentCache full:https://registry.npmjs.org/@img%2fsharp-linux-x64 set size:undefined disposed:false
2249 http fetch GET 200 https://registry.npmjs.org/@img%2fsharp-linux-arm 231ms (cache miss)
2250 silly packumentCache full:https://registry.npmjs.org/@img%2fsharp-linux-arm set size:undefined disposed:false
2251 http fetch GET 200 https://registry.npmjs.org/@img%2fsharp-linuxmusl-x64 252ms (cache miss)
2252 silly packumentCache full:https://registry.npmjs.org/@img%2fsharp-linuxmusl-x64 set size:undefined disposed:false
2253 http fetch GET 200 https://registry.npmjs.org/@img%2fsharp-linuxmusl-arm64 253ms (cache miss)
2254 silly packumentCache full:https://registry.npmjs.org/@img%2fsharp-linuxmusl-arm64 set size:undefined disposed:false
2255 http fetch GET 200 https://registry.npmjs.org/@img%2fsharp-libvips-linux-arm 244ms (cache miss)
2256 silly packumentCache full:https://registry.npmjs.org/@img%2fsharp-libvips-linux-arm set size:undefined disposed:false
2257 http fetch GET 200 https://registry.npmjs.org/@img%2fsharp-libvips-linux-arm64 220ms (cache miss)
2258 silly packumentCache full:https://registry.npmjs.org/@img%2fsharp-libvips-linux-arm64 set size:undefined disposed:false
2259 http fetch GET 200 https://registry.npmjs.org/@img%2fsharp-libvips-linuxmusl-arm64 54ms (cache miss)
2260 silly packumentCache full:https://registry.npmjs.org/@img%2fsharp-libvips-linuxmusl-arm64 set size:undefined disposed:false
2261 http fetch GET 200 https://registry.npmjs.org/@img%2fsharp-webcontainers-wasm32 83ms (cache miss)
2262 silly packumentCache full:https://registry.npmjs.org/@img%2fsharp-webcontainers-wasm32 set size:undefined disposed:false
2263 http fetch GET 200 https://registry.npmjs.org/@img%2fsharp-libvips-linuxmusl-x64 73ms (cache miss)
2264 silly packumentCache full:https://registry.npmjs.org/@img%2fsharp-libvips-linuxmusl-x64 set size:undefined disposed:false
2265 http fetch GET 200 https://registry.npmjs.org/@img%2fsharp-libvips-linux-ppc64 231ms (cache miss)
2266 silly packumentCache full:https://registry.npmjs.org/@img%2fsharp-libvips-linux-ppc64 set size:undefined disposed:false
2267 http fetch GET 200 https://registry.npmjs.org/@img%2fsharp-libvips-linux-s390x 334ms (cache miss)
2268 silly packumentCache full:https://registry.npmjs.org/@img%2fsharp-libvips-linux-s390x set size:undefined disposed:false
2269 http fetch GET 200 https://registry.npmjs.org/@img%2fsharp-linux-s390x 412ms (cache miss)
2270 silly packumentCache full:https://registry.npmjs.org/@img%2fsharp-linux-s390x set size:undefined disposed:false
2271 http fetch GET 200 https://registry.npmjs.org/client-only 188ms (cache miss)
2272 silly packumentCache full:https://registry.npmjs.org/client-only set size:undefined disposed:false
2273 http fetch GET 200 https://registry.npmjs.org/@img%2fsharp-libvips-darwin-arm64 315ms (cache miss)
2274 silly packumentCache full:https://registry.npmjs.org/@img%2fsharp-libvips-darwin-arm64 set size:undefined disposed:false
2275 http fetch GET 200 https://registry.npmjs.org/@img%2fsharp-libvips-linux-x64 390ms (cache miss)
2276 silly packumentCache full:https://registry.npmjs.org/@img%2fsharp-libvips-linux-x64 set size:undefined disposed:false
2277 http fetch GET 200 https://registry.npmjs.org/@img%2fsharp-libvips-linux-riscv64 234ms (cache miss)
2278 silly packumentCache full:https://registry.npmjs.org/@img%2fsharp-libvips-linux-riscv64 set size:undefined disposed:false
2279 silly placeDep ROOT tslib@2.8.1 OK for: @swc/helpers@0.5.23 want: ^2.8.0
2280 silly placeDep ROOT deep-is@0.1.4 OK for: optionator@0.9.4 want: ^0.1.3
2281 silly placeDep ROOT fast-levenshtein@2.0.6 OK for: optionator@0.9.4 want: ^2.0.6
2282 silly placeDep ROOT word-wrap@1.2.5 OK for: optionator@0.9.4 want: ^1.2.5
2283 silly placeDep ROOT p-limit@3.1.0 OK for: p-locate@5.0.0 want: ^3.0.2
2284 silly fetch manifest yocto-queue@^0.1.0
2285 silly packumentCache full:https://registry.npmjs.org/yocto-queue cache-miss
2286 http fetch GET 200 https://registry.npmjs.org/yocto-queue 33ms (cache miss)
2287 silly packumentCache full:https://registry.npmjs.org/yocto-queue set size:undefined disposed:false
2288 silly placeDep ROOT yocto-queue@0.1.0 OK for: p-limit@3.1.0 want: ^0.1.0
2289 silly placeDep ROOT callsites@3.1.0 OK for: parent-module@1.0.1 want: ^3.0.0
2290 silly placeDep ROOT nanoid@3.3.19 OK for: postcss@8.5.28 want: ^3.3.18
2291 silly placeDep ROOT loose-envify@1.4.0 OK for: prop-types@15.8.1 want: ^1.4.0
2292 silly placeDep ROOT object-assign@4.1.1 OK for: prop-types@15.8.1 want: ^4.1.1
2293 silly placeDep ROOT react-is@16.13.1 OK for: prop-types@15.8.1 want: ^16.13.1
2294 silly placeDep ROOT scheduler@0.27.0 OK for: react-dom@19.2.8 want: ^0.27.0
2295 silly placeDep ROOT node-exports-info@1.6.2 OK for: resolve@2.0.0-next.7 want: ^1.6.0
2296 silly placeDep ROOT path-parse@1.0.7 OK for: resolve@2.0.0-next.7 want: ^1.0.7
2297 silly placeDep ROOT supports-preserve-symlinks-flag@1.0.0 OK for: resolve@2.0.0-next.7 want: ^1.0.0
2298 silly placeDep ROOT queue-microtask@1.2.3 OK for: run-parallel@1.2.0 want: ^1.2.2
2299 silly placeDep ROOT isarray@2.0.5 OK for: safe-array-concat@1.1.4 want: ^2.0.5
2300 silly placeDep ROOT @img/colour@1.1.0 OK for: sharp@0.35.4 want: ^1.1.0
2301 silly placeDep ROOT @img/sharp-darwin-arm64@0.35.4 OK for: sharp@0.35.4 want: 0.35.4
2302 silly placeDep ROOT @img/sharp-darwin-x64@0.35.4 OK for: sharp@0.35.4 want: 0.35.4
2303 silly placeDep ROOT @img/sharp-freebsd-wasm32@0.35.4 OK for: sharp@0.35.4 want: 0.35.4
2304 silly placeDep ROOT @img/sharp-libvips-darwin-arm64@1.3.3 OK for: sharp@0.35.4 want: 1.3.3
2305 silly placeDep ROOT @img/sharp-libvips-darwin-x64@1.3.3 OK for: sharp@0.35.4 want: 1.3.3
2306 silly placeDep ROOT @img/sharp-libvips-linux-arm@1.3.3 OK for: sharp@0.35.4 want: 1.3.3
2307 silly placeDep ROOT @img/sharp-libvips-linux-arm64@1.3.3 OK for: sharp@0.35.4 want: 1.3.3
2308 silly placeDep ROOT @img/sharp-libvips-linux-ppc64@1.3.3 OK for: sharp@0.35.4 want: 1.3.3
2309 silly placeDep ROOT @img/sharp-libvips-linux-riscv64@1.3.3 OK for: sharp@0.35.4 want: 1.3.3
2310 silly placeDep ROOT @img/sharp-libvips-linux-s390x@1.3.3 OK for: sharp@0.35.4 want: 1.3.3
2311 silly placeDep ROOT @img/sharp-libvips-linux-x64@1.3.3 OK for: sharp@0.35.4 want: 1.3.3
2312 silly placeDep ROOT @img/sharp-libvips-linuxmusl-arm64@1.3.3 OK for: sharp@0.35.4 want: 1.3.3
2313 silly placeDep ROOT @img/sharp-libvips-linuxmusl-x64@1.3.3 OK for: sharp@0.35.4 want: 1.3.3
2314 silly placeDep ROOT @img/sharp-linux-arm@0.35.4 OK for: sharp@0.35.4 want: 0.35.4
2315 silly placeDep ROOT @img/sharp-linux-arm64@0.35.4 OK for: sharp@0.35.4 want: 0.35.4
2316 silly placeDep ROOT @img/sharp-linux-ppc64@0.35.4 OK for: sharp@0.35.4 want: 0.35.4
2317 silly placeDep ROOT @img/sharp-linux-riscv64@0.35.4 OK for: sharp@0.35.4 want: 0.35.4
2318 silly placeDep ROOT @img/sharp-linux-s390x@0.35.4 OK for: sharp@0.35.4 want: 0.35.4
2319 silly placeDep ROOT @img/sharp-linux-x64@0.35.4 OK for: sharp@0.35.4 want: 0.35.4
2320 silly placeDep ROOT @img/sharp-linuxmusl-arm64@0.35.4 OK for: sharp@0.35.4 want: 0.35.4
2321 silly placeDep ROOT @img/sharp-linuxmusl-x64@0.35.4 OK for: sharp@0.35.4 want: 0.35.4
2322 silly placeDep ROOT @img/sharp-webcontainers-wasm32@0.35.4 OK for: sharp@0.35.4 want: 0.35.4
2323 silly placeDep ROOT @img/sharp-win32-arm64@0.35.4 OK for: sharp@0.35.4 want: 0.35.4
2324 silly placeDep ROOT @img/sharp-win32-ia32@0.35.4 OK for: sharp@0.35.4 want: 0.35.4
2325 silly placeDep ROOT @img/sharp-win32-x64@0.35.4 OK for: sharp@0.35.4 want: 0.35.4
2326 silly placeDep node_modules/sharp semver@7.8.5 OK for: sharp@0.35.4 want: ^7.8.5
2327 silly fetch manifest @img/sharp-wasm32@0.35.4
2328 silly packumentCache full:https://registry.npmjs.org/@img%2fsharp-wasm32 cache-miss
2329 silly fetch manifest @img/sharp-wasm32@0.35.4
2330 silly packumentCache full:https://registry.npmjs.org/@img%2fsharp-wasm32 cache-miss
2331 http fetch GET 200 https://registry.npmjs.org/@img%2fsharp-wasm32 65ms (cache miss)
2332 silly packumentCache full:https://registry.npmjs.org/@img%2fsharp-wasm32 set size:undefined disposed:false
2333 http fetch GET 200 https://registry.npmjs.org/@img%2fsharp-wasm32 65ms (cache miss)
2334 silly packumentCache full:https://registry.npmjs.org/@img%2fsharp-wasm32 set size:undefined disposed:false
2335 silly placeDep ROOT @img/sharp-wasm32@0.35.4 OK for: @img/sharp-freebsd-wasm32@0.35.4 want: 0.35.4
2336 silly fetch manifest @emnapi/runtime@^1.11.3
2337 silly packumentCache full:https://registry.npmjs.org/@emnapi%2fruntime cache-miss
2338 http fetch GET 200 https://registry.npmjs.org/@emnapi%2fruntime 43ms (cache miss)
2339 silly packumentCache full:https://registry.npmjs.org/@emnapi%2fruntime set size:undefined disposed:false
2340 silly placeDep ROOT @emnapi/runtime@1.11.3 OK for: @img/sharp-wasm32@0.35.4 want: ^1.11.3
2341 silly placeDep ROOT shebang-regex@3.0.0 OK for: shebang-command@2.0.0 want: ^3.0.0
2342 silly placeDep ROOT side-channel-list@1.0.1 OK for: side-channel@1.1.1 want: ^1.0.1
2343 silly placeDep ROOT side-channel-map@1.0.1 OK for: side-channel@1.1.1 want: ^1.0.1
2344 silly placeDep ROOT side-channel-weakmap@1.0.2 OK for: side-channel@1.1.1 want: ^1.0.2
2345 silly placeDep ROOT client-only@0.0.1 OK for: styled-jsx@5.1.6 want: 0.0.1
2346 silly placeDep ROOT has-flag@4.0.0 OK for: supports-color@7.2.0 want: ^4.0.0
2347 silly placeDep node_modules/tinyglobby fdir@6.5.0 OK for: tinyglobby@0.2.17 want: ^6.5.0
2348 silly placeDep node_modules/tinyglobby picomatch@4.0.7 OK for: fdir@6.5.0 want: ^3 || ^4
2349 silly placeDep ROOT is-number@7.0.0 OK for: to-regex-range@5.0.1 want: ^7.0.0
2350 silly placeDep ROOT @types/json5@0.0.29 OK for: tsconfig-paths@3.15.0 want: ^0.0.29
2351 silly placeDep node_modules/tsconfig-paths json5@1.0.2 OK for: tsconfig-paths@3.15.0 want: ^1.0.2
2352 silly placeDep ROOT minimist@1.2.8 OK for: tsconfig-paths@3.15.0 want: ^1.2.6
2353 silly placeDep ROOT strip-bom@3.0.0 OK for: tsconfig-paths@3.15.0 want: ^3.0.0
2354 silly fetch manifest minimist@^1.2.0
2355 silly packumentCache full:https://registry.npmjs.org/minimist cache-miss
2356 http cache https://registry.npmjs.org/minimist 1ms (cache hit)
2357 silly packumentCache full:https://registry.npmjs.org/minimist set size:77063 disposed:false
2358 silly placeDep ROOT for-each@0.3.5 OK for: typed-array-byte-length@1.0.3 want: ^0.3.3
2359 silly placeDep ROOT reflect.getprototypeof@1.0.10 OK for: typed-array-byte-offset@1.0.5 want: ^1.0.10
2360 silly fetch manifest which-builtin-type@^1.2.1
2361 silly packumentCache full:https://registry.npmjs.org/which-builtin-type cache-miss
2362 http fetch GET 200 https://registry.npmjs.org/which-builtin-type 187ms (cache miss)
2363 silly packumentCache full:https://registry.npmjs.org/which-builtin-type set size:undefined disposed:false
2364 silly placeDep ROOT which-builtin-type@1.2.1 OK for: reflect.getprototypeof@1.0.10 want: ^1.2.1
2365 silly fetch manifest is-async-function@^2.0.0
2366 silly packumentCache full:https://registry.npmjs.org/is-async-function cache-miss
2367 silly fetch manifest is-finalizationregistry@^1.1.0
2368 silly packumentCache full:https://registry.npmjs.org/is-finalizationregistry cache-miss
2369 silly fetch manifest is-generator-function@^1.0.10
2370 silly packumentCache full:https://registry.npmjs.org/is-generator-function cache-miss
2371 silly fetch manifest which-boxed-primitive@^1.1.0
2372 silly packumentCache full:https://registry.npmjs.org/which-boxed-primitive cache-miss
2373 silly fetch manifest which-collection@^1.0.2
2374 silly packumentCache full:https://registry.npmjs.org/which-collection cache-miss
2375 http cache https://registry.npmjs.org/which-boxed-primitive 4ms (cache hit)
2376 silly packumentCache full:https://registry.npmjs.org/which-boxed-primitive set size:19407 disposed:false
2377 http fetch GET 200 https://registry.npmjs.org/which-collection 33ms (cache miss)
2378 silly packumentCache full:https://registry.npmjs.org/which-collection set size:undefined disposed:false
2379 http fetch GET 200 https://registry.npmjs.org/is-finalizationregistry 34ms (cache miss)
2380 silly packumentCache full:https://registry.npmjs.org/is-finalizationregistry set size:undefined disposed:false
2381 http fetch GET 200 https://registry.npmjs.org/is-generator-function 37ms (cache miss)
2382 silly packumentCache full:https://registry.npmjs.org/is-generator-function set size:undefined disposed:false
2383 http fetch GET 200 https://registry.npmjs.org/is-async-function 38ms (cache miss)
2384 silly packumentCache full:https://registry.npmjs.org/is-async-function set size:undefined disposed:false
2385 silly fetch manifest eslint@^8.57.0 || ^9.0.0 || ^10.0.0
2386 silly packumentCache full:https://registry.npmjs.org/eslint cache-miss
2387 http cache https://registry.npmjs.org/eslint 3ms (cache hit)
2388 silly packumentCache full:https://registry.npmjs.org/eslint set size:2085131 disposed:false
2389 silly placeDep ROOT @typescript-eslint/eslint-plugin@8.70.1 OK for: typescript-eslint@8.70.1 want: 8.70.1
2390 silly placeDep ROOT @typescript-eslint/parser@8.70.1 OK for: @typescript-eslint/eslint-plugin@8.70.1 want: ^8.70.1
2391 silly placeDep ROOT @typescript-eslint/typescript-estree@8.70.1 OK for: typescript-eslint@8.70.1 want: 8.70.1
2392 silly placeDep ROOT @typescript-eslint/utils@8.70.1 OK for: typescript-eslint@8.70.1 want: 8.70.1
2393 silly fetch manifest ignore@^7.0.5
2394 silly packumentCache full:https://registry.npmjs.org/ignore cache-miss
2395 silly fetch manifest ts-api-utils@^2.5.0
2396 silly packumentCache full:https://registry.npmjs.org/ts-api-utils cache-miss
2397 silly fetch manifest @typescript-eslint/type-utils@8.70.1
2398 silly packumentCache full:https://registry.npmjs.org/@typescript-eslint%2ftype-utils cache-miss
2399 silly fetch manifest @typescript-eslint/visitor-keys@8.70.1
2400 silly packumentCache full:https://registry.npmjs.org/@typescript-eslint%2fvisitor-keys cache-miss
2401 silly fetch manifest @typescript-eslint/scope-manager@8.70.1
2402 silly packumentCache full:https://registry.npmjs.org/@typescript-eslint%2fscope-manager cache-miss
2403 silly fetch manifest @typescript-eslint/types@8.70.1
2404 silly packumentCache full:https://registry.npmjs.org/@typescript-eslint%2ftypes cache-miss
2405 silly fetch manifest @typescript-eslint/visitor-keys@8.70.1
2406 silly packumentCache full:https://registry.npmjs.org/@typescript-eslint%2fvisitor-keys cache-miss
2407 silly fetch manifest @typescript-eslint/scope-manager@8.70.1
2408 silly packumentCache full:https://registry.npmjs.org/@typescript-eslint%2fscope-manager cache-miss
2409 silly fetch manifest semver@^7.7.3
2410 silly packumentCache full:https://registry.npmjs.org/semver cache-hit
2411 silly fetch manifest minimatch@^10.2.2
2412 silly packumentCache full:https://registry.npmjs.org/minimatch cache-miss
2413 silly fetch manifest ts-api-utils@^2.5.0
2414 silly packumentCache full:https://registry.npmjs.org/ts-api-utils cache-miss
2415 silly fetch manifest @typescript-eslint/types@8.70.1
2416 silly packumentCache full:https://registry.npmjs.org/@typescript-eslint%2ftypes cache-miss
2417 silly fetch manifest @typescript-eslint/visitor-keys@8.70.1
2418 silly packumentCache full:https://registry.npmjs.org/@typescript-eslint%2fvisitor-keys cache-miss
2419 silly fetch manifest @typescript-eslint/tsconfig-utils@8.70.1
2420 silly packumentCache full:https://registry.npmjs.org/@typescript-eslint%2ftsconfig-utils cache-miss
2421 silly fetch manifest @typescript-eslint/project-service@8.70.1
2422 silly packumentCache full:https://registry.npmjs.org/@typescript-eslint%2fproject-service cache-miss
2423 silly fetch manifest @typescript-eslint/types@8.70.1
2424 silly packumentCache full:https://registry.npmjs.org/@typescript-eslint%2ftypes cache-miss
2425 silly fetch manifest @typescript-eslint/scope-manager@8.70.1
2426 silly packumentCache full:https://registry.npmjs.org/@typescript-eslint%2fscope-manager cache-miss
2427 http cache https://registry.npmjs.org/ignore 8ms (cache hit)
2428 silly packumentCache full:https://registry.npmjs.org/ignore set size:259019 disposed:false
2429 http cache https://registry.npmjs.org/minimatch 8ms (cache hit)
2430 silly packumentCache full:https://registry.npmjs.org/minimatch set size:377924 disposed:false
2431 http fetch GET 200 https://registry.npmjs.org/ts-api-utils 36ms (cache miss)
2432 silly packumentCache full:https://registry.npmjs.org/ts-api-utils set size:undefined disposed:false
2433 http fetch GET 200 https://registry.npmjs.org/ts-api-utils 43ms (cache miss)
2434 silly packumentCache full:https://registry.npmjs.org/ts-api-utils set size:undefined disposed:false
2435 http fetch GET 200 https://registry.npmjs.org/@typescript-eslint%2ftsconfig-utils 201ms (cache miss)
2436 silly packumentCache full:https://registry.npmjs.org/@typescript-eslint%2ftsconfig-utils set size:undefined disposed:false
2437 http fetch GET 200 https://registry.npmjs.org/@typescript-eslint%2fproject-service 500ms (cache miss)
2438 silly packumentCache full:https://registry.npmjs.org/@typescript-eslint%2fproject-service set size:undefined disposed:false
2439 http fetch GET 200 https://registry.npmjs.org/@typescript-eslint%2fvisitor-keys 765ms (cache miss)
2440 silly packumentCache full:https://registry.npmjs.org/@typescript-eslint%2fvisitor-keys set size:undefined disposed:false
2441 http fetch GET 200 https://registry.npmjs.org/@typescript-eslint%2ftypes 1495ms (cache miss)
2442 silly packumentCache full:https://registry.npmjs.org/@typescript-eslint%2ftypes set size:undefined disposed:false
2443 http fetch GET 200 https://registry.npmjs.org/@typescript-eslint%2fscope-manager 1529ms (cache miss)
2444 silly packumentCache full:https://registry.npmjs.org/@typescript-eslint%2fscope-manager set size:undefined disposed:false
2445 http fetch GET 200 https://registry.npmjs.org/@typescript-eslint%2ftype-utils 1672ms (cache miss)
2446 silly packumentCache full:https://registry.npmjs.org/@typescript-eslint%2ftype-utils set size:undefined disposed:false
2447 http fetch GET 200 https://registry.npmjs.org/@typescript-eslint%2fvisitor-keys 1733ms (cache miss)
2448 silly packumentCache full:https://registry.npmjs.org/@typescript-eslint%2fvisitor-keys set size:undefined disposed:false
2449 http fetch GET 200 https://registry.npmjs.org/@typescript-eslint%2fscope-manager 1801ms (cache miss)
2450 silly packumentCache full:https://registry.npmjs.org/@typescript-eslint%2fscope-manager set size:undefined disposed:false
2451 http fetch GET 200 https://registry.npmjs.org/@typescript-eslint%2fvisitor-keys 2019ms (cache miss)
2452 silly packumentCache full:https://registry.npmjs.org/@typescript-eslint%2fvisitor-keys set size:undefined disposed:false
2453 http fetch GET 200 https://registry.npmjs.org/@typescript-eslint%2ftypes 2076ms (cache miss)
2454 silly packumentCache full:https://registry.npmjs.org/@typescript-eslint%2ftypes set size:undefined disposed:false
2455 http fetch GET 200 https://registry.npmjs.org/@typescript-eslint%2fscope-manager 2531ms (cache miss)
2456 silly packumentCache full:https://registry.npmjs.org/@typescript-eslint%2fscope-manager set size:undefined disposed:false
2457 http fetch GET 200 https://registry.npmjs.org/@typescript-eslint%2ftypes 2753ms (cache miss)
2458 silly packumentCache full:https://registry.npmjs.org/@typescript-eslint%2ftypes set size:undefined disposed:false
2459 silly placeDep ROOT @typescript-eslint/scope-manager@8.70.1 OK for: @typescript-eslint/eslint-plugin@8.70.1 want: 8.70.1
2460 silly placeDep ROOT @typescript-eslint/type-utils@8.70.1 OK for: @typescript-eslint/eslint-plugin@8.70.1 want: 8.70.1
2461 silly placeDep ROOT @typescript-eslint/visitor-keys@8.70.1 OK for: @typescript-eslint/eslint-plugin@8.70.1 want: 8.70.1
2462 silly placeDep node_modules/@typescript-eslint/eslint-plugin ignore@7.0.10 OK for: @typescript-eslint/eslint-plugin@8.70.1 want: ^7.0.5
2463 silly placeDep ROOT ts-api-utils@2.5.0 OK for: @typescript-eslint/eslint-plugin@8.70.1 want: ^2.5.0
2464 silly fetch manifest eslint-visitor-keys@^5.0.0
2465 silly packumentCache full:https://registry.npmjs.org/eslint-visitor-keys cache-hit
2466 silly placeDep ROOT @typescript-eslint/types@8.70.1 OK for: @typescript-eslint/parser@8.70.1 want: 8.70.1
2467 silly placeDep ROOT @typescript-eslint/project-service@8.70.1 OK for: @typescript-eslint/typescript-estree@8.70.1 want: 8.70.1
2468 silly placeDep ROOT @typescript-eslint/tsconfig-utils@8.70.1 OK for: @typescript-eslint/typescript-estree@8.70.1 want: 8.70.1
2469 silly placeDep node_modules/@typescript-eslint/typescript-estree minimatch@10.2.6 OK for: @typescript-eslint/typescript-estree@8.70.1 want: ^10.2.2
2470 silly placeDep node_modules/@typescript-eslint/typescript-estree semver@7.8.5 OK for: @typescript-eslint/typescript-estree@8.70.1 want: ^7.7.3
2471 silly fetch manifest @typescript-eslint/tsconfig-utils@^8.70.1
2472 silly packumentCache full:https://registry.npmjs.org/@typescript-eslint%2ftsconfig-utils cache-miss
2473 silly fetch manifest brace-expansion@^5.0.8
2474 silly packumentCache full:https://registry.npmjs.org/brace-expansion cache-miss
2475 http cache https://registry.npmjs.org/@typescript-eslint%2ftsconfig-utils 4ms (cache hit)
2476 silly packumentCache full:https://registry.npmjs.org/@typescript-eslint%2ftsconfig-utils set size:1942157 disposed:false
2477 http cache https://registry.npmjs.org/brace-expansion 8ms (cache hit)
2478 silly packumentCache full:https://registry.npmjs.org/brace-expansion set size:128514 disposed:false
2479 silly placeDep node_modules/@typescript-eslint/visitor-keys eslint-visitor-keys@5.0.1 OK for: @typescript-eslint/visitor-keys@8.70.1 want: ^5.0.0
2480 silly placeDep ROOT has-bigints@1.1.0 OK for: unbox-primitive@1.1.0 want: ^1.0.2
2481 silly placeDep ROOT which-boxed-primitive@1.1.1 OK for: unbox-primitive@1.1.0 want: ^1.1.1
2482 silly fetch manifest is-bigint@^1.1.0
2483 silly packumentCache full:https://registry.npmjs.org/is-bigint cache-miss
2484 silly fetch manifest is-boolean-object@^1.2.1
2485 silly packumentCache full:https://registry.npmjs.org/is-boolean-object cache-miss
2486 silly fetch manifest is-number-object@^1.1.1
2487 silly packumentCache full:https://registry.npmjs.org/is-number-object cache-miss
2488 http fetch GET 200 https://registry.npmjs.org/is-boolean-object 29ms (cache miss)
2489 silly packumentCache full:https://registry.npmjs.org/is-boolean-object set size:undefined disposed:false
2490 http fetch GET 200 https://registry.npmjs.org/is-number-object 30ms (cache miss)
2491 silly packumentCache full:https://registry.npmjs.org/is-number-object set size:undefined disposed:false
2492 http fetch GET 200 https://registry.npmjs.org/is-bigint 36ms (cache miss)
2493 silly packumentCache full:https://registry.npmjs.org/is-bigint set size:undefined disposed:false
2494 silly placeDep ROOT @unrs/resolver-binding-android-arm-eabi@1.12.2 OK for: unrs-resolver@1.12.2 want: 1.12.2
2495 silly placeDep ROOT @unrs/resolver-binding-android-arm64@1.12.2 OK for: unrs-resolver@1.12.2 want: 1.12.2
2496 silly placeDep ROOT @unrs/resolver-binding-darwin-arm64@1.12.2 OK for: unrs-resolver@1.12.2 want: 1.12.2
2497 silly placeDep ROOT @unrs/resolver-binding-darwin-x64@1.12.2 OK for: unrs-resolver@1.12.2 want: 1.12.2
2498 silly placeDep ROOT @unrs/resolver-binding-freebsd-x64@1.12.2 OK for: unrs-resolver@1.12.2 want: 1.12.2
2499 silly placeDep ROOT @unrs/resolver-binding-linux-arm-gnueabihf@1.12.2 OK for: unrs-resolver@1.12.2 want: 1.12.2
2500 silly placeDep ROOT @unrs/resolver-binding-linux-arm-musleabihf@1.12.2 OK for: unrs-resolver@1.12.2 want: 1.12.2
2501 silly placeDep ROOT @unrs/resolver-binding-linux-arm64-gnu@1.12.2 OK for: unrs-resolver@1.12.2 want: 1.12.2
2502 silly placeDep ROOT @unrs/resolver-binding-linux-arm64-musl@1.12.2 OK for: unrs-resolver@1.12.2 want: 1.12.2
2503 silly placeDep ROOT @unrs/resolver-binding-linux-loong64-gnu@1.12.2 OK for: unrs-resolver@1.12.2 want: 1.12.2
2504 silly placeDep ROOT @unrs/resolver-binding-linux-loong64-musl@1.12.2 OK for: unrs-resolver@1.12.2 want: 1.12.2
2505 silly placeDep ROOT @unrs/resolver-binding-linux-ppc64-gnu@1.12.2 OK for: unrs-resolver@1.12.2 want: 1.12.2
2506 silly placeDep ROOT @unrs/resolver-binding-linux-riscv64-gnu@1.12.2 OK for: unrs-resolver@1.12.2 want: 1.12.2
2507 silly placeDep ROOT @unrs/resolver-binding-linux-riscv64-musl@1.12.2 OK for: unrs-resolver@1.12.2 want: 1.12.2
2508 silly placeDep ROOT @unrs/resolver-binding-linux-s390x-gnu@1.12.2 OK for: unrs-resolver@1.12.2 want: 1.12.2
2509 silly placeDep ROOT @unrs/resolver-binding-linux-x64-gnu@1.12.2 OK for: unrs-resolver@1.12.2 want: 1.12.2
2510 silly placeDep ROOT @unrs/resolver-binding-linux-x64-musl@1.12.2 OK for: unrs-resolver@1.12.2 want: 1.12.2
2511 silly placeDep ROOT @unrs/resolver-binding-openharmony-arm64@1.12.2 OK for: unrs-resolver@1.12.2 want: 1.12.2
2512 silly placeDep ROOT @unrs/resolver-binding-wasm32-wasi@1.12.2 OK for: unrs-resolver@1.12.2 want: 1.12.2
2513 silly placeDep ROOT @unrs/resolver-binding-win32-arm64-msvc@1.12.2 OK for: unrs-resolver@1.12.2 want: 1.12.2
2514 silly placeDep ROOT @unrs/resolver-binding-win32-ia32-msvc@1.12.2 OK for: unrs-resolver@1.12.2 want: 1.12.2
2515 silly placeDep ROOT @unrs/resolver-binding-win32-x64-msvc@1.12.2 OK for: unrs-resolver@1.12.2 want: 1.12.2
2516 silly placeDep ROOT napi-postinstall@0.3.4 OK for: unrs-resolver@1.12.2 want: ^0.3.4
2517 silly fetch manifest @napi-rs/wasm-runtime@^1.1.4
2518 silly packumentCache full:https://registry.npmjs.org/@napi-rs%2fwasm-runtime cache-miss
2519 silly fetch manifest @emnapi/core@1.10.0
2520 silly packumentCache full:https://registry.npmjs.org/@emnapi%2fcore cache-miss
2521 silly fetch manifest @emnapi/runtime@1.10.0
2522 silly packumentCache full:https://registry.npmjs.org/@emnapi%2fruntime cache-miss
2523 http cache https://registry.npmjs.org/@emnapi%2fruntime 2ms (cache hit)
2524 silly packumentCache full:https://registry.npmjs.org/@emnapi%2fruntime set size:127256 disposed:false
2525 http fetch GET 200 https://registry.npmjs.org/@emnapi%2fcore 51ms (cache miss)
2526 silly packumentCache full:https://registry.npmjs.org/@emnapi%2fcore set size:undefined disposed:false
2527 http fetch GET 200 https://registry.npmjs.org/@napi-rs%2fwasm-runtime 61ms (cache miss)
2528 silly packumentCache full:https://registry.npmjs.org/@napi-rs%2fwasm-runtime set size:undefined disposed:false
2529 silly placeDep ROOT @emnapi/core@1.10.0 OK for: @unrs/resolver-binding-wasm32-wasi@1.12.2 want: 1.10.0
2530 silly placeDep node_modules/@unrs/resolver-binding-wasm32-wasi @emnapi/runtime@1.10.0 OK for: @unrs/resolver-binding-wasm32-wasi@1.12.2 want: 1.10.0
2531 silly placeDep ROOT @napi-rs/wasm-runtime@1.2.4 OK for: @unrs/resolver-binding-wasm32-wasi@1.12.2 want: ^1.1.4
2532 silly fetch manifest @emnapi/wasi-threads@1.2.1
2533 silly packumentCache full:https://registry.npmjs.org/@emnapi%2fwasi-threads cache-miss
2534 silly fetch manifest @tybys/wasm-util@^0.10.3
2535 silly packumentCache full:https://registry.npmjs.org/@tybys%2fwasm-util cache-miss
2536 http fetch GET 200 https://registry.npmjs.org/@tybys%2fwasm-util 51ms (cache miss)
2537 silly packumentCache full:https://registry.npmjs.org/@tybys%2fwasm-util set size:undefined disposed:false
2538 http fetch GET 200 https://registry.npmjs.org/@emnapi%2fwasi-threads 240ms (cache miss)
2539 silly packumentCache full:https://registry.npmjs.org/@emnapi%2fwasi-threads set size:undefined disposed:false
2540 silly placeDep ROOT @emnapi/wasi-threads@1.2.1 OK for: @emnapi/core@1.10.0 want: 1.2.1
2541 silly placeDep ROOT @tybys/wasm-util@0.10.4 OK for: @napi-rs/wasm-runtime@1.2.4 want: ^0.10.3
2542 silly placeDep ROOT escalade@3.2.0 OK for: update-browserslist-db@1.3.3 want: ^3.2.0
2543 silly placeDep ROOT punycode@2.3.1 OK for: uri-js@4.4.1 want: ^2.1.0
2544 silly placeDep ROOT isexe@2.0.0 OK for: which@2.0.2 want: ^2.0.0
2545 silly placeDep ROOT is-bigint@1.1.0 OK for: which-boxed-primitive@1.1.1 want: ^1.1.0
2546 silly placeDep ROOT is-boolean-object@1.2.2 OK for: which-boxed-primitive@1.1.1 want: ^1.2.1
2547 silly placeDep ROOT is-number-object@1.1.1 OK for: which-boxed-primitive@1.1.1 want: ^1.1.1
2548 silly placeDep ROOT is-async-function@2.1.1 OK for: which-builtin-type@1.2.1 want: ^2.0.0
2549 silly placeDep ROOT is-finalizationregistry@1.1.1 OK for: which-builtin-type@1.2.1 want: ^1.1.0
2550 silly placeDep ROOT is-generator-function@1.1.2 OK for: which-builtin-type@1.2.1 want: ^1.0.10
2551 silly placeDep ROOT which-collection@1.0.2 OK for: which-builtin-type@1.2.1 want: ^1.0.2
2552 silly fetch manifest async-function@^1.0.0
2553 silly packumentCache full:https://registry.npmjs.org/async-function cache-miss
2554 silly fetch manifest generator-function@^2.0.0
2555 silly packumentCache full:https://registry.npmjs.org/generator-function cache-miss
2556 silly fetch manifest is-map@^2.0.3
2557 silly packumentCache full:https://registry.npmjs.org/is-map cache-miss
2558 silly fetch manifest is-weakmap@^2.0.2
2559 silly packumentCache full:https://registry.npmjs.org/is-weakmap cache-miss
2560 silly fetch manifest is-weakset@^2.0.3
2561 silly packumentCache full:https://registry.npmjs.org/is-weakset cache-miss
2562 http fetch GET 200 https://registry.npmjs.org/is-map 30ms (cache miss)
2563 silly packumentCache full:https://registry.npmjs.org/is-map set size:undefined disposed:false
2564 http fetch GET 200 https://registry.npmjs.org/async-function 31ms (cache miss)
2565 silly packumentCache full:https://registry.npmjs.org/async-function set size:undefined disposed:false
2566 http fetch GET 200 https://registry.npmjs.org/generator-function 34ms (cache miss)
2567 silly packumentCache full:https://registry.npmjs.org/generator-function set size:undefined disposed:false
2568 http fetch GET 200 https://registry.npmjs.org/is-weakmap 185ms (cache miss)
2569 silly packumentCache full:https://registry.npmjs.org/is-weakmap set size:undefined disposed:false
2570 http fetch GET 200 https://registry.npmjs.org/is-weakset 195ms (cache miss)
2571 silly packumentCache full:https://registry.npmjs.org/is-weakset set size:undefined disposed:false
2572 silly placeDep ROOT async-function@1.0.0 OK for: is-async-function@2.1.1 want: ^1.0.0
2573 silly placeDep ROOT generator-function@2.0.1 OK for: is-generator-function@1.1.2 want: ^2.0.0
2574 silly placeDep ROOT is-map@2.0.3 OK for: which-collection@1.0.2 want: ^2.0.3
2575 silly placeDep ROOT is-weakmap@2.0.2 OK for: which-collection@1.0.2 want: ^2.0.2
2576 silly placeDep ROOT is-weakset@2.0.4 OK for: which-collection@1.0.2 want: ^2.0.3
2577 silly placeDep node_modules/@next/eslint-plugin-next eslint-visitor-keys@3.4.3 OK for: @eslint-community/eslint-utils@4.9.1 want: ^3.4.3
2578 silly placeDep node_modules/@typescript-eslint/typescript-estree brace-expansion@5.0.12 OK for: minimatch@10.2.6 want: ^5.0.8
2579 silly fetch manifest balanced-match@^4.0.2
2580 silly packumentCache full:https://registry.npmjs.org/balanced-match cache-miss
2581 http cache https://registry.npmjs.org/balanced-match 1ms (cache hit)
2582 silly packumentCache full:https://registry.npmjs.org/balanced-match set size:39082 disposed:false
2583 silly placeDep node_modules/@typescript-eslint/typescript-estree balanced-match@4.0.4 OK for: brace-expansion@5.0.12 want: ^4.0.2
2584 silly reify moves {}
2585 silly audit bulk request {
2585 silly audit   '@tailwindcss/postcss': [ '4.3.3' ],
2585 silly audit   '@types/node': [ '20.19.43' ],
2585 silly audit   '@types/react': [ '19.3.0' ],
2585 silly audit   '@types/react-dom': [ '19.3.0' ],
2585 silly audit   eslint: [ '9.39.5' ],
2585 silly audit   'eslint-config-next': [ '16.3.6' ],
2585 silly audit   next: [ '16.3.6' ],
2585 silly audit   react: [ '19.2.8' ],
2585 silly audit   'react-dom': [ '19.2.8' ],
2585 silly audit   tailwindcss: [ '4.3.3' ],
2585 silly audit   typescript: [ '5.9.3' ],
2585 silly audit   '@alloc/quick-lru': [ '5.3.0' ],
2585 silly audit   '@tailwindcss/node': [ '4.3.3' ],
2585 silly audit   '@tailwindcss/oxide': [ '4.3.3' ],
2585 silly audit   postcss: [ '8.5.28', '8.5.23' ],
2585 silly audit   '@jridgewell/remapping': [ '2.3.5' ],
2585 silly audit   'enhanced-resolve': [ '5.25.1' ],
2585 silly audit   jiti: [ '2.7.0' ],
2585 silly audit   lightningcss: [ '1.32.0' ],
2585 silly audit   'magic-string': [ '0.30.21' ],
2585 silly audit   'source-map-js': [ '1.2.1' ],
2585 silly audit   '@jridgewell/gen-mapping': [ '0.3.13' ],
2585 silly audit   '@jridgewell/trace-mapping': [ '0.3.31' ],
2585 silly audit   '@jridgewell/sourcemap-codec': [ '1.6.0' ],
2585 silly audit   '@jridgewell/resolve-uri': [ '3.1.2' ],
2585 silly audit   '@tailwindcss/oxide-android-arm64': [ '4.3.3' ],
2585 silly audit   '@tailwindcss/oxide-darwin-arm64': [ '4.3.3' ],
2585 silly audit   '@tailwindcss/oxide-darwin-x64': [ '4.3.3' ],
2585 silly audit   '@tailwindcss/oxide-freebsd-x64': [ '4.3.3' ],
2585 silly audit   '@tailwindcss/oxide-linux-arm-gnueabihf': [ '4.3.3' ],
2585 silly audit   '@tailwindcss/oxide-linux-arm64-gnu': [ '4.3.3' ],
2585 silly audit   '@tailwindcss/oxide-linux-arm64-musl': [ '4.3.3' ],
2585 silly audit   '@tailwindcss/oxide-linux-x64-gnu': [ '4.3.3' ],
2585 silly audit   '@tailwindcss/oxide-linux-x64-musl': [ '4.3.3' ],
2585 silly audit   '@tailwindcss/oxide-wasm32-wasi': [ '4.3.3' ],
2585 silly audit   '@tailwindcss/oxide-win32-arm64-msvc': [ '4.3.3' ],
2585 silly audit   '@tailwindcss/oxide-win32-x64-msvc': [ '4.3.3' ],
2585 silly audit   'undici-types': [ '6.21.0' ],
2585 silly audit   csstype: [ '3.2.3' ],
2585 silly audit   'graceful-fs': [ '4.2.11' ],
2585 silly audit   tapable: [ '2.3.3' ],
2585 silly audit   '@eslint-community/eslint-utils': [ '4.10.1', '4.9.1' ],
2585 silly audit   '@eslint-community/regexpp': [ '4.12.2' ],
2585 silly audit   '@eslint/config-array': [ '0.21.2' ],
2585 silly audit   '@eslint/config-helpers': [ '0.4.2' ],
2585 silly audit   '@eslint/core': [ '0.17.0' ],
2585 silly audit   '@eslint/eslintrc': [ '3.3.7' ],
2585 silly audit   '@eslint/js': [ '9.39.5' ],
2585 silly audit   '@eslint/plugin-kit': [ '0.4.1' ],
2585 silly audit   '@humanfs/node': [ '0.16.8' ],
2585 silly audit   '@humanwhocodes/module-importer': [ '1.0.1' ],
2585 silly audit   '@humanwhocodes/retry': [ '0.4.3' ],
2585 silly audit   '@types/estree': [ '1.0.9' ],
2585 silly audit   ajv: [ '6.15.0' ],
2585 silly audit   chalk: [ '4.1.2' ],
2585 silly audit   'cross-spawn': [ '7.0.6' ],
2585 silly audit   debug: [ '4.4.3', '3.2.7' ],
2585 silly audit   'escape-string-regexp': [ '4.0.0' ],
2585 silly audit   'eslint-scope': [ '8.4.0' ],
2585 silly audit   'eslint-visitor-keys': [ '4.2.1', '3.4.3', '5.0.1' ],
2585 silly audit   espree: [ '10.4.0' ],
2585 silly audit   esquery: [ '1.7.0' ],
2585 silly audit   esutils: [ '2.0.3' ],
2585 silly audit   'fast-deep-equal': [ '3.1.3' ],
2585 silly audit   'file-entry-cache': [ '8.0.0' ],
2585 silly audit   'find-up': [ '5.0.0' ],
2585 silly audit   'glob-parent': [ '6.0.2', '5.1.2' ],
2585 silly audit   ignore: [ '5.3.2', '7.0.10' ],
2585 silly audit   imurmurhash: [ '0.1.4' ],
2585 silly audit   'is-glob': [ '4.0.3' ],
2585 silly audit   'json-stable-stringify-without-jsonify': [ '1.0.1' ],
2585 silly audit   'lodash.merge': [ '4.6.2' ],
2585 silly audit   minimatch: [ '3.1.5', '10.2.6' ],
2585 silly audit   'natural-compare': [ '1.4.0' ],
2585 silly audit   optionator: [ '0.9.4' ],
2585 silly audit   '@eslint/object-schema': [ '2.1.7' ],
2585 silly audit   '@types/json-schema': [ '7.0.15' ],
2585 silly audit   globals: [ '14.0.0', '16.4.0' ],
2585 silly audit   'import-fresh': [ '3.3.1' ],
2585 silly audit   'js-yaml': [ '4.3.2' ],
2585 silly audit   'strip-json-comments': [ '3.1.1' ],
2585 silly audit   levn: [ '0.4.1' ],
2585 silly audit   '@humanfs/core': [ '0.19.2' ],
2585 silly audit   '@humanfs/types': [ '0.15.0' ],
2585 silly audit   'fast-json-stable-stringify': [ '2.1.0' ],
2585 silly audit   'json-schema-traverse': [ '0.4.1' ],
2585 silly audit   'uri-js': [ '4.4.1' ],
2585 silly audit   'ansi-styles': [ '4.3.0' ],
2585 silly audit   'supports-color': [ '7.2.0' ],
2585 silly audit   'color-convert': [ '2.0.1' ],
2585 silly audit   'color-name': [ '1.1.4' ],
2585 silly audit   'path-key': [ '3.1.1' ],
2585 silly audit   'shebang-command': [ '2.0.0' ],
2585 silly audit   which: [ '2.0.2' ],
2585 silly audit   ms: [ '2.1.3' ],
2585 silly audit   '@next/eslint-plugin-next': [ '16.3.6' ],
2585 silly audit   'eslint-import-resolver-node': [ '0.3.10' ],
2585 silly audit   'eslint-import-resolver-typescript': [ '3.10.1' ],
2585 silly audit   'eslint-plugin-import': [ '2.32.0' ],
2585 silly audit   'eslint-plugin-jsx-a11y': [ '6.10.2' ],
2585 silly audit   'eslint-plugin-react': [ '7.37.5' ],
2585 silly audit   'eslint-plugin-react-hooks': [ '7.1.1' ],
2585 silly audit   'typescript-eslint': [ '8.70.1' ],
2585 silly audit   'fast-glob': [ '3.3.1' ],
2585 silly audit   'is-core-module': [ '2.17.0' ],
2585 silly audit   resolve: [ '2.0.0-next.7' ],
2585 silly audit   '@nolyfill/is-core-module': [ '1.0.39' ],
2585 silly audit   'get-tsconfig': [ '4.14.3' ],
2585 silly audit   'is-bun-module': [ '2.0.0' ],
2585 silly audit   'stable-hash': [ '0.0.5' ],
2585 silly audit   tinyglobby: [ '0.2.17' ],
2585 silly audit   'unrs-resolver': [ '1.12.2' ],
2585 silly audit   '@rtsao/scc': [ '1.1.0' ],
2585 silly audit   'array-includes': [ '3.2.0' ],
2585 silly audit   'array.prototype.findlastindex': [ '1.2.6' ],
2585 silly audit   'array.prototype.flat': [ '1.3.3' ],
2585 silly audit   'array.prototype.flatmap': [ '1.3.3' ],
2585 silly audit   doctrine: [ '2.1.0' ],
2585 silly audit   'eslint-module-utils': [ '2.14.0' ],
2585 silly audit   hasown: [ '2.0.4' ],
2585 silly audit   'object.fromentries': [ '2.0.8' ],
2585 silly audit   'object.groupby': [ '1.0.3' ],
2585 silly audit   'object.values': [ '1.2.1' ],
2585 silly audit   semver: [ '6.3.1', '7.8.5' ],
2585 silly audit   'string.prototype.trimend': [ '1.0.10' ],
2585 silly audit   'tsconfig-paths': [ '3.15.0' ],
2585 silly audit   'call-bind': [ '1.0.9' ],
2585 silly audit   'call-bound': [ '1.0.4' ],
2585 silly audit   'define-properties': [ '1.2.1' ],
2585 silly audit   'es-abstract': [ '1.24.2' ],
2585 silly audit   'es-object-atoms': [ '1.1.2' ],
2585 silly audit   'es-shim-unscopables': [ '1.1.0' ],
2585 silly audit   'is-string': [ '1.1.1' ],
2585 silly audit   'math-intrinsics': [ '1.1.0' ],
2585 silly audit   'es-errors': [ '1.3.0' ],
2585 silly audit   'call-bind-apply-helpers': [ '1.0.2' ],
2585 silly audit   'es-define-property': [ '1.0.1' ],
2585 silly audit   'get-intrinsic': [ '1.3.0' ],
2585 silly audit   'set-function-length': [ '1.2.2' ],
2585 silly audit   'function-bind': [ '1.1.2' ],
2585 silly audit   'define-data-property': [ '1.1.4' ],
2585 silly audit   'has-property-descriptors': [ '1.0.2' ],
2585 silly audit   'object-keys': [ '1.1.1' ],
2585 silly audit   gopd: [ '1.2.0' ],
2585 silly audit   'array-buffer-byte-length': [ '1.0.2' ],
2585 silly audit   'arraybuffer.prototype.slice': [ '1.0.4' ],
2585 silly audit   'available-typed-arrays': [ '1.0.7' ],
2585 silly audit   'data-view-buffer': [ '1.0.2' ],
2585 silly audit   'data-view-byte-length': [ '1.0.2' ],
2585 silly audit   'data-view-byte-offset': [ '1.0.1' ],
2585 silly audit   'es-set-tostringtag': [ '2.1.0' ],
2585 silly audit   'es-to-primitive': [ '1.3.4' ],
2585 silly audit   'function.prototype.name': [ '1.2.0' ],
2585 silly audit   'get-proto': [ '1.0.1' ],
2585 silly audit   'get-symbol-description': [ '1.1.0' ],
2585 silly audit   globalthis: [ '1.0.4' ],
2585 silly audit   'has-proto': [ '1.2.0' ],
2585 silly audit   'has-symbols': [ '1.1.0' ],
2585 silly audit   'internal-slot': [ '1.1.0' ],
2585 silly audit   'is-array-buffer': [ '3.0.5' ],
2585 silly audit   'is-callable': [ '1.2.7' ],
2585 silly audit   'is-data-view': [ '1.0.2' ],
2585 silly audit   'is-negative-zero': [ '2.0.3' ],
2585 silly audit   'is-regex': [ '1.2.1' ],
2585 silly audit   'is-set': [ '2.0.3' ],
2585 silly audit   'is-shared-array-buffer': [ '1.0.4' ],
2585 silly audit   'is-typed-array': [ '1.1.15' ],
2585 silly audit   'is-weakref': [ '1.1.1' ],
2585 silly audit   'object-inspect': [ '1.13.4' ],
2585 silly audit   'object.assign': [ '4.1.7' ],
2585 silly audit   'own-keys': [ '1.0.2' ],
2585 silly audit   'regexp.prototype.flags': [ '1.5.4' ],
2585 silly audit   'safe-array-concat': [ '1.1.4' ],
2585 silly audit   'safe-push-apply': [ '1.0.0' ],
2585 silly audit   'safe-regex-test': [ '1.1.0' ],
2585 silly audit   'set-proto': [ '1.0.0' ],
2585 silly audit   'stop-iteration-iterator': [ '1.1.0' ],
2585 silly audit   'string.prototype.trim': [ '1.2.11' ],
2585 silly audit   'string.prototype.trimstart': [ '1.0.8' ],
2585 silly audit   'typed-array-buffer': [ '1.0.3' ],
2585 silly audit   'typed-array-byte-length': [ '1.0.3' ],
2585 silly audit   'typed-array-byte-offset': [ '1.0.5' ],
2585 silly audit   'typed-array-length': [ '1.0.8' ],
2585 silly audit   'unbox-primitive': [ '1.1.0' ],
2585 silly audit   'which-typed-array': [ '1.1.24' ],
2585 silly audit   'possible-typed-array-names': [ '1.1.0' ],
2585 silly audit   'has-tostringtag': [ '1.0.2' ],
2585 silly audit   'es-abstract-get': [ '1.0.0' ],
2585 silly audit   'is-date-object': [ '1.1.0' ],
2585 silly audit   'is-symbol': [ '1.1.1' ],
2585 silly audit   'aria-query': [ '5.3.2' ],
2585 silly audit   'ast-types-flow': [ '0.0.8' ],
2585 silly audit   'axe-core': [ '4.13.0' ],
2585 silly audit   'axobject-query': [ '4.1.0' ],
2585 silly audit   'damerau-levenshtein': [ '1.0.8' ],
2585 silly audit   'emoji-regex': [ '9.2.2' ],
2585 silly audit   'jsx-ast-utils': [ '3.3.5' ],
2585 silly audit   'language-tags': [ '1.0.9' ],
2585 silly audit   'string.prototype.includes': [ '2.0.1' ],
2585 silly audit   'array.prototype.findlast': [ '1.2.5' ],
2585 silly audit   'array.prototype.tosorted': [ '1.1.4' ],
2585 silly audit   'es-iterator-helpers': [ '1.4.0' ],
2585 silly audit   estraverse: [ '5.3.0' ],
2585 silly audit   'object.entries': [ '1.1.9' ],
2585 silly audit   'prop-types': [ '15.8.1' ],
2585 silly audit   'string.prototype.matchall': [ '4.1.0' ],
2585 silly audit   'string.prototype.repeat': [ '1.0.0' ],
2585 silly audit   'iterator.prototype': [ '1.1.5' ],
2585 silly audit   '@babel/core': [ '7.29.7' ],
2585 silly audit   '@babel/parser': [ '7.29.9' ],
2585 silly audit   'hermes-parser': [ '0.25.1' ],
2585 silly audit   zod: [ '4.6.5' ],
2585 silly audit   'zod-validation-error': [ '4.0.2' ],
2585 silly audit   '@babel/code-frame': [ '7.29.7' ],
2585 silly audit   '@babel/generator': [ '7.29.8' ],
2585 silly audit   '@babel/helper-compilation-targets': [ '7.29.7' ],
2585 silly audit   '@babel/helper-module-transforms': [ '7.29.7' ],
2585 silly audit   '@babel/helpers': [ '7.29.7' ],
2585 silly audit   '@babel/template': [ '7.29.7' ],
2585 silly audit   '@babel/traverse': [ '7.29.8' ],
2585 silly audit   '@babel/types': [ '7.29.8' ],
2585 silly audit   'convert-source-map': [ '2.0.0' ],
2585 silly audit   gensync: [ '1.0.0-beta.2' ],
2585 silly audit   json5: [ '2.2.3', '1.0.2' ],
2585 silly audit   '@babel/helper-validator-identifier': [ '7.29.7' ],
2585 silly audit   'js-tokens': [ '4.0.0' ],
2585 silly audit   picocolors: [ '1.1.1' ],
2585 silly audit   jsesc: [ '3.1.0' ],
2585 silly audit   '@babel/compat-data': [ '7.29.7' ],
2585 silly audit   '@babel/helper-validator-option': [ '7.29.7' ],
2585 silly audit   browserslist: [ '4.29.1' ],
2585 silly audit   'lru-cache': [ '5.1.1' ],
2585 silly audit   '@babel/helper-module-imports': [ '7.29.7' ],
2585 silly audit   '@babel/helper-globals': [ '7.29.7' ],
2585 silly audit   '@babel/helper-string-parser': [ '7.29.7' ],
2585 silly audit   'baseline-browser-mapping': [ '2.11.26' ],
2585 silly audit   'caniuse-lite': [ '1.0.30001812' ],
2585 silly audit   'electron-to-chromium': [ '1.5.439' ],
2585 silly audit   'node-releases': [ '2.0.57' ],
2585 silly audit   'update-browserslist-db': [ '1.3.3' ],
2585 silly audit   esrecurse: [ '4.3.0' ],
2585 silly audit   acorn: [ '8.18.0' ],
2585 silly audit   'acorn-jsx': [ '5.3.2' ],
2585 silly audit   '@nodelib/fs.stat': [ '2.0.5' ],
2585 silly audit   '@nodelib/fs.walk': [ '1.2.8' ],
2585 silly audit   merge2: [ '1.4.1' ],
2585 silly audit   micromatch: [ '4.0.8' ],
2585 silly audit   '@nodelib/fs.scandir': [ '2.1.5' ],
2585 silly audit   fastq: [ '1.20.3' ],
2585 silly audit   'run-parallel': [ '1.2.0' ],
2585 silly audit   reusify: [ '1.1.0' ],
2585 silly audit   'flat-cache': [ '4.0.1' ],
2585 silly audit   'locate-path': [ '6.0.0' ],
2585 silly audit   'path-exists': [ '4.0.0' ],
2585 silly audit   flatted: [ '3.4.4' ],
2585 silly audit   keyv: [ '4.5.4' ],
2585 silly audit   'functions-have-names': [ '1.2.3' ],
2585 silly audit   'is-document.all': [ '1.0.0' ],
2585 silly audit   'dunder-proto': [ '1.0.1' ],
2585 silly audit   'resolve-pkg-maps': [ '1.0.0' ],
2585 silly audit   'hermes-estree': [ '0.25.1' ],
2585 silly audit   'parent-module': [ '1.0.1' ],
2585 silly audit   'resolve-from': [ '4.0.0' ],
2585 silly audit   'side-channel': [ '1.1.1' ],
2585 silly audit   'is-extglob': [ '2.1.1' ],
2585 silly audit   'set-function-name': [ '2.0.2' ],
2585 silly audit   argparse: [ '2.0.1' ],
2585 silly audit   'json-buffer': [ '3.0.1' ],
2585 silly audit   'language-subtag-registry': [ '0.3.23' ],
2585 silly audit   'prelude-ls': [ '1.2.1' ],
2585 silly audit   'type-check': [ '0.4.0' ],
2585 silly audit   'detect-libc': [ '2.1.2' ],
2585 silly audit   'lightningcss-android-arm64': [ '1.32.0' ],
2585 silly audit   'lightningcss-darwin-arm64': [ '1.32.0' ],
2585 silly audit   'lightningcss-darwin-x64': [ '1.32.0' ],
2585 silly audit   'lightningcss-freebsd-x64': [ '1.32.0' ],
2585 silly audit   'lightningcss-linux-arm-gnueabihf': [ '1.32.0' ],
2585 silly audit   'lightningcss-linux-arm64-gnu': [ '1.32.0' ],
2585 silly audit   'lightningcss-linux-arm64-musl': [ '1.32.0' ],
2585 silly audit   'lightningcss-linux-x64-gnu': [ '1.32.0' ],
2585 silly audit   'lightningcss-linux-x64-musl': [ '1.32.0' ],
2585 silly audit   'lightningcss-win32-arm64-msvc': [ '1.32.0' ],
2585 silly audit   'lightningcss-win32-x64-msvc': [ '1.32.0' ],
2585 silly audit   'p-locate': [ '5.0.0' ],
2585 silly audit   yallist: [ '3.1.1' ],
2585 silly audit   braces: [ '3.0.3' ],
2585 silly audit   picomatch: [ '2.3.2', '4.0.7' ],
2585 silly audit   'fill-range': [ '7.1.1' ],
2585 silly audit   'to-regex-range': [ '5.0.1' ],
2585 silly audit   'brace-expansion': [ '1.1.21', '5.0.12' ],
2585 silly audit   'balanced-match': [ '1.0.2', '4.0.4' ],
2585 silly audit   'concat-map': [ '0.0.1' ],
2585 silly audit   '@next/env': [ '16.3.6' ],
2585 silly audit   '@next/swc-darwin-arm64': [ '16.3.6' ],
2585 silly audit   '@next/swc-darwin-x64': [ '16.3.6' ],
2585 silly audit   '@next/swc-linux-arm64-gnu': [ '16.3.6' ],
2585 silly audit   '@next/swc-linux-arm64-musl': [ '16.3.6' ],
2585 silly audit   '@next/swc-linux-x64-gnu': [ '16.3.6' ],
2585 silly audit   '@next/swc-linux-x64-musl': [ '16.3.6' ],
2585 silly audit   '@next/swc-win32-arm64-msvc': [ '16.3.6' ],
2585 silly audit   '@next/swc-win32-x64-msvc': [ '16.3.6' ],
2585 silly audit   '@swc/helpers': [ '0.5.23' ],
2585 silly audit   sharp: [ '0.35.4' ],
2585 silly audit   'styled-jsx': [ '5.1.6' ],
2585 silly audit   tslib: [ '2.8.1' ],
2585 silly audit   'deep-is': [ '0.1.4' ],
2585 silly audit   'fast-levenshtein': [ '2.0.6' ],
2585 silly audit   'word-wrap': [ '1.2.5' ],
2585 silly audit   'p-limit': [ '3.1.0' ],
2585 silly audit   'yocto-queue': [ '0.1.0' ],
2585 silly audit   callsites: [ '3.1.0' ],
2585 silly audit   nanoid: [ '3.3.19' ],
2585 silly audit   'loose-envify': [ '1.4.0' ],
2585 silly audit   'object-assign': [ '4.1.1' ],
2585 silly audit   'react-is': [ '16.13.1' ],
2585 silly audit   scheduler: [ '0.27.0' ],
2585 silly audit   'node-exports-info': [ '1.6.2' ],
2585 silly audit   'path-parse': [ '1.0.7' ],
2585 silly audit   'supports-preserve-symlinks-flag': [ '1.0.0' ],
2585 silly audit   'queue-microtask': [ '1.2.3' ],
2585 silly audit   isarray: [ '2.0.5' ],
2585 silly audit   '@img/colour': [ '1.1.0' ],
2585 silly audit   '@img/sharp-darwin-arm64': [ '0.35.4' ],
2585 silly audit   '@img/sharp-darwin-x64': [ '0.35.4' ],
2585 silly audit   '@img/sharp-freebsd-wasm32': [ '0.35.4' ],
2585 silly audit   '@img/sharp-libvips-darwin-arm64': [ '1.3.3' ],
2585 silly audit   '@img/sharp-libvips-darwin-x64': [ '1.3.3' ],
2585 silly audit   '@img/sharp-libvips-linux-arm': [ '1.3.3' ],
2585 silly audit   '@img/sharp-libvips-linux-arm64': [ '1.3.3' ],
2585 silly audit   '@img/sharp-libvips-linux-ppc64': [ '1.3.3' ],
2585 silly audit   '@img/sharp-libvips-linux-riscv64': [ '1.3.3' ],
2585 silly audit   '@img/sharp-libvips-linux-s390x': [ '1.3.3' ],
2585 silly audit   '@img/sharp-libvips-linux-x64': [ '1.3.3' ],
2585 silly audit   '@img/sharp-libvips-linuxmusl-arm64': [ '1.3.3' ],
2585 silly audit   '@img/sharp-libvips-linuxmusl-x64': [ '1.3.3' ],
2585 silly audit   '@img/sharp-linux-arm': [ '0.35.4' ],
2585 silly audit   '@img/sharp-linux-arm64': [ '0.35.4' ],
2585 silly audit   '@img/sharp-linux-ppc64': [ '0.35.4' ],
2585 silly audit   '@img/sharp-linux-riscv64': [ '0.35.4' ],
2585 silly audit   '@img/sharp-linux-s390x': [ '0.35.4' ],
2585 silly audit   '@img/sharp-linux-x64': [ '0.35.4' ],
2585 silly audit   '@img/sharp-linuxmusl-arm64': [ '0.35.4' ],
2585 silly audit   '@img/sharp-linuxmusl-x64': [ '0.35.4' ],
2585 silly audit   '@img/sharp-webcontainers-wasm32': [ '0.35.4' ],
2585 silly audit   '@img/sharp-win32-arm64': [ '0.35.4' ],
2585 silly audit   '@img/sharp-win32-ia32': [ '0.35.4' ],
2585 silly audit   '@img/sharp-win32-x64': [ '0.35.4' ],
2585 silly audit   '@img/sharp-wasm32': [ '0.35.4' ],
2585 silly audit   '@emnapi/runtime': [ '1.11.3', '1.10.0' ],
2585 silly audit   'shebang-regex': [ '3.0.0' ],
2585 silly audit   'side-channel-list': [ '1.0.1' ],
2585 silly audit   'side-channel-map': [ '1.0.1' ],
2585 silly audit   'side-channel-weakmap': [ '1.0.2' ],
2585 silly audit   'client-only': [ '0.0.1' ],
2585 silly audit   'has-flag': [ '4.0.0' ],
2585 silly audit   fdir: [ '6.5.0' ],
2585 silly audit   'is-number': [ '7.0.0' ],
2585 silly audit   '@types/json5': [ '0.0.29' ],
2585 silly audit   minimist: [ '1.2.8' ],
2585 silly audit   'strip-bom': [ '3.0.0' ],
2585 silly audit   'for-each': [ '0.3.5' ],
2585 silly audit   'reflect.getprototypeof': [ '1.0.10' ],
2585 silly audit   'which-builtin-type': [ '1.2.1' ],
2585 silly audit   '@typescript-eslint/eslint-plugin': [ '8.70.1' ],
2585 silly audit   '@typescript-eslint/parser': [ '8.70.1' ],
2585 silly audit   '@typescript-eslint/typescript-estree': [ '8.70.1' ],
2585 silly audit   '@typescript-eslint/utils': [ '8.70.1' ],
2585 silly audit   '@typescript-eslint/scope-manager': [ '8.70.1' ],
2585 silly audit   '@typescript-eslint/type-utils': [ '8.70.1' ],
2585 silly audit   '@typescript-eslint/visitor-keys': [ '8.70.1' ],
2585 silly audit   'ts-api-utils': [ '2.5.0' ],
2585 silly audit   '@typescript-eslint/types': [ '8.70.1' ],
2585 silly audit   '@typescript-eslint/project-service': [ '8.70.1' ],
2585 silly audit   '@typescript-eslint/tsconfig-utils': [ '8.70.1' ],
2585 silly audit   'has-bigints': [ '1.1.0' ],
2585 silly audit   'which-boxed-primitive': [ '1.1.1' ],
2585 silly audit   '@unrs/resolver-binding-android-arm-eabi': [ '1.12.2' ],
2585 silly audit   '@unrs/resolver-binding-android-arm64': [ '1.12.2' ],
2585 silly audit   '@unrs/resolver-binding-darwin-arm64': [ '1.12.2' ],
2585 silly audit   '@unrs/resolver-binding-darwin-x64': [ '1.12.2' ],
2585 silly audit   '@unrs/resolver-binding-freebsd-x64': [ '1.12.2' ],
2585 silly audit   '@unrs/resolver-binding-linux-arm-gnueabihf': [ '1.12.2' ],
2585 silly audit   '@unrs/resolver-binding-linux-arm-musleabihf': [ '1.12.2' ],
2585 silly audit   '@unrs/resolver-binding-linux-arm64-gnu': [ '1.12.2' ],
2585 silly audit   '@unrs/resolver-binding-linux-arm64-musl': [ '1.12.2' ],
2585 silly audit   '@unrs/resolver-binding-linux-loong64-gnu': [ '1.12.2' ],
2585 silly audit   '@unrs/resolver-binding-linux-loong64-musl': [ '1.12.2' ],
2585 silly audit   '@unrs/resolver-binding-linux-ppc64-gnu': [ '1.12.2' ],
2585 silly audit   '@unrs/resolver-binding-linux-riscv64-gnu': [ '1.12.2' ],
2585 silly audit   '@unrs/resolver-binding-linux-riscv64-musl': [ '1.12.2' ],
2585 silly audit   '@unrs/resolver-binding-linux-s390x-gnu': [ '1.12.2' ],
2585 silly audit   '@unrs/resolver-binding-linux-x64-gnu': [ '1.12.2' ],
2585 silly audit   '@unrs/resolver-binding-linux-x64-musl': [ '1.12.2' ],
2585 silly audit   '@unrs/resolver-binding-openharmony-arm64': [ '1.12.2' ],
2585 silly audit   '@unrs/resolver-binding-wasm32-wasi': [ '1.12.2' ],
2585 silly audit   '@unrs/resolver-binding-win32-arm64-msvc': [ '1.12.2' ],
2585 silly audit   '@unrs/resolver-binding-win32-ia32-msvc': [ '1.12.2' ],
2585 silly audit   '@unrs/resolver-binding-win32-x64-msvc': [ '1.12.2' ],
2585 silly audit   'napi-postinstall': [ '0.3.4' ],
2585 silly audit   '@emnapi/core': [ '1.10.0' ],
2585 silly audit   '@napi-rs/wasm-runtime': [ '1.2.4' ],
2585 silly audit   '@emnapi/wasi-threads': [ '1.2.1' ],
2585 silly audit   '@tybys/wasm-util': [ '0.10.4' ],
2585 silly audit   escalade: [ '3.2.0' ],
2585 silly audit   punycode: [ '2.3.1' ],
2585 silly audit   isexe: [ '2.0.0' ],
2585 silly audit   'is-bigint': [ '1.1.0' ],
2585 silly audit   'is-boolean-object': [ '1.2.2' ],
2585 silly audit   'is-number-object': [ '1.1.1' ],
2585 silly audit   'is-async-function': [ '2.1.1' ],
2585 silly audit   'is-finalizationregistry': [ '1.1.1' ],
2585 silly audit   'is-generator-function': [ '1.1.2' ],
2585 silly audit   'which-collection': [ '1.0.2' ],
2585 silly audit   'async-function': [ '1.0.0' ],
2585 silly audit   'generator-function': [ '2.0.1' ],
2585 silly audit   'is-map': [ '2.0.3' ],
2585 silly audit   'is-weakmap': [ '2.0.2' ],
2585 silly audit   'is-weakset': [ '2.0.4' ]
2585 silly audit }
2586 http cache is-weakset@https://registry.npmjs.org/is-weakset/-/is-weakset-2.0.4.tgz 0ms (cache hit)
2587 http cache is-weakmap@https://registry.npmjs.org/is-weakmap/-/is-weakmap-2.0.2.tgz 0ms (cache hit)
2588 http cache generator-function@https://registry.npmjs.org/generator-function/-/generator-function-2.0.1.tgz 0ms (cache hit)
2589 http cache async-function@https://registry.npmjs.org/async-function/-/async-function-1.0.0.tgz 0ms (cache hit)
2590 http cache is-map@https://registry.npmjs.org/is-map/-/is-map-2.0.3.tgz 0ms (cache hit)
2591 http cache which-collection@https://registry.npmjs.org/which-collection/-/which-collection-1.0.2.tgz 0ms (cache hit)
2592 http cache is-finalizationregistry@https://registry.npmjs.org/is-finalizationregistry/-/is-finalizationregistry-1.1.1.tgz 0ms (cache hit)
2593 http cache is-async-function@https://registry.npmjs.org/is-async-function/-/is-async-function-2.1.1.tgz 0ms (cache hit)
2594 http cache is-generator-function@https://registry.npmjs.org/is-generator-function/-/is-generator-function-1.1.2.tgz 0ms (cache hit)
2595 http cache is-bigint@https://registry.npmjs.org/is-bigint/-/is-bigint-1.1.0.tgz 0ms (cache hit)
2596 http cache is-boolean-object@https://registry.npmjs.org/is-boolean-object/-/is-boolean-object-1.2.2.tgz 0ms (cache hit)
2597 http cache is-number-object@https://registry.npmjs.org/is-number-object/-/is-number-object-1.1.1.tgz 0ms (cache hit)
2598 http cache punycode@https://registry.npmjs.org/punycode/-/punycode-2.3.1.tgz 0ms (cache hit)
2599 http cache escalade@https://registry.npmjs.org/escalade/-/escalade-3.2.0.tgz 0ms (cache hit)
2600 http cache isexe@https://registry.npmjs.org/isexe/-/isexe-2.0.0.tgz 0ms (cache hit)
2601 http cache @unrs/resolver-binding-darwin-arm64@https://registry.npmjs.org/@unrs/resolver-binding-darwin-arm64/-/resolver-binding-darwin-arm64-1.12.2.tgz 0ms (cache hit)
2602 http cache which-boxed-primitive@https://registry.npmjs.org/which-boxed-primitive/-/which-boxed-primitive-1.1.1.tgz 0ms (cache hit)
2603 http cache has-bigints@https://registry.npmjs.org/has-bigints/-/has-bigints-1.1.0.tgz 0ms (cache hit)
2604 http cache napi-postinstall@https://registry.npmjs.org/napi-postinstall/-/napi-postinstall-0.3.4.tgz 0ms (cache hit)
2605 http cache @typescript-eslint/tsconfig-utils@https://registry.npmjs.org/@typescript-eslint/tsconfig-utils/-/tsconfig-utils-8.70.1.tgz 0ms (cache hit)
2606 http cache @typescript-eslint/project-service@https://registry.npmjs.org/@typescript-eslint/project-service/-/project-service-8.70.1.tgz 0ms (cache hit)
2607 http cache @typescript-eslint/types@https://registry.npmjs.org/@typescript-eslint/types/-/types-8.70.1.tgz 0ms (cache hit)
2608 http cache ts-api-utils@https://registry.npmjs.org/ts-api-utils/-/ts-api-utils-2.5.0.tgz 0ms (cache hit)
2609 http cache @typescript-eslint/visitor-keys@https://registry.npmjs.org/@typescript-eslint/visitor-keys/-/visitor-keys-8.70.1.tgz 0ms (cache hit)
2610 http cache @typescript-eslint/utils@https://registry.npmjs.org/@typescript-eslint/utils/-/utils-8.70.1.tgz 0ms (cache hit)
2611 http cache @typescript-eslint/type-utils@https://registry.npmjs.org/@typescript-eslint/type-utils/-/type-utils-8.70.1.tgz 0ms (cache hit)
2612 http cache @typescript-eslint/scope-manager@https://registry.npmjs.org/@typescript-eslint/scope-manager/-/scope-manager-8.70.1.tgz 0ms (cache hit)
2613 http cache @typescript-eslint/typescript-estree@https://registry.npmjs.org/@typescript-eslint/typescript-estree/-/typescript-estree-8.70.1.tgz 0ms (cache hit)
2614 http cache @typescript-eslint/parser@https://registry.npmjs.org/@typescript-eslint/parser/-/parser-8.70.1.tgz 0ms (cache hit)
2615 http cache which-builtin-type@https://registry.npmjs.org/which-builtin-type/-/which-builtin-type-1.2.1.tgz 0ms (cache hit)
2616 http cache reflect.getprototypeof@https://registry.npmjs.org/reflect.getprototypeof/-/reflect.getprototypeof-1.0.10.tgz 0ms (cache hit)
2617 http cache @typescript-eslint/eslint-plugin@https://registry.npmjs.org/@typescript-eslint/eslint-plugin/-/eslint-plugin-8.70.1.tgz 0ms (cache hit)
2618 http cache for-each@https://registry.npmjs.org/for-each/-/for-each-0.3.5.tgz 0ms (cache hit)
2619 http cache strip-bom@https://registry.npmjs.org/strip-bom/-/strip-bom-3.0.0.tgz 0ms (cache hit)
2620 http cache minimist@https://registry.npmjs.org/minimist/-/minimist-1.2.8.tgz 0ms (cache hit)
2621 http cache @types/json5@https://registry.npmjs.org/@types/json5/-/json5-0.0.29.tgz 0ms (cache hit)
2622 http cache has-flag@https://registry.npmjs.org/has-flag/-/has-flag-4.0.0.tgz 0ms (cache hit)
2623 http cache is-number@https://registry.npmjs.org/is-number/-/is-number-7.0.0.tgz 0ms (cache hit)
2624 http cache client-only@https://registry.npmjs.org/client-only/-/client-only-0.0.1.tgz 0ms (cache hit)
2625 http cache side-channel-weakmap@https://registry.npmjs.org/side-channel-weakmap/-/side-channel-weakmap-1.0.2.tgz 0ms (cache hit)
2626 http cache side-channel-map@https://registry.npmjs.org/side-channel-map/-/side-channel-map-1.0.1.tgz 0ms (cache hit)
2627 http cache side-channel-list@https://registry.npmjs.org/side-channel-list/-/side-channel-list-1.0.1.tgz 0ms (cache hit)
2628 http cache @img/sharp-libvips-darwin-arm64@https://registry.npmjs.org/@img/sharp-libvips-darwin-arm64/-/sharp-libvips-darwin-arm64-1.3.3.tgz 1ms (cache hit)
2629 http cache shebang-regex@https://registry.npmjs.org/shebang-regex/-/shebang-regex-3.0.0.tgz 0ms (cache hit)
2630 http cache @img/sharp-darwin-arm64@https://registry.npmjs.org/@img/sharp-darwin-arm64/-/sharp-darwin-arm64-0.35.4.tgz 0ms (cache hit)
2631 http cache @img/colour@https://registry.npmjs.org/@img/colour/-/colour-1.1.0.tgz 0ms (cache hit)
2632 http cache isarray@https://registry.npmjs.org/isarray/-/isarray-2.0.5.tgz 0ms (cache hit)
2633 http cache queue-microtask@https://registry.npmjs.org/queue-microtask/-/queue-microtask-1.2.3.tgz 0ms (cache hit)
2634 http cache supports-preserve-symlinks-flag@https://registry.npmjs.org/supports-preserve-symlinks-flag/-/supports-preserve-symlinks-flag-1.0.0.tgz 0ms (cache hit)
2635 http cache node-exports-info@https://registry.npmjs.org/node-exports-info/-/node-exports-info-1.6.2.tgz 0ms (cache hit)
2636 http cache scheduler@https://registry.npmjs.org/scheduler/-/scheduler-0.27.0.tgz 0ms (cache hit)
2637 http cache react-is@https://registry.npmjs.org/react-is/-/react-is-16.13.1.tgz 0ms (cache hit)
2638 http cache path-parse@https://registry.npmjs.org/path-parse/-/path-parse-1.0.7.tgz 0ms (cache hit)
2639 http cache object-assign@https://registry.npmjs.org/object-assign/-/object-assign-4.1.1.tgz 0ms (cache hit)
2640 http cache loose-envify@https://registry.npmjs.org/loose-envify/-/loose-envify-1.4.0.tgz 0ms (cache hit)
2641 http cache nanoid@https://registry.npmjs.org/nanoid/-/nanoid-3.3.19.tgz 0ms (cache hit)
2642 http cache yocto-queue@https://registry.npmjs.org/yocto-queue/-/yocto-queue-0.1.0.tgz 0ms (cache hit)
2643 http cache p-limit@https://registry.npmjs.org/p-limit/-/p-limit-3.1.0.tgz 0ms (cache hit)
2644 http cache word-wrap@https://registry.npmjs.org/word-wrap/-/word-wrap-1.2.5.tgz 0ms (cache hit)
2645 http cache callsites@https://registry.npmjs.org/callsites/-/callsites-3.1.0.tgz 0ms (cache hit)
2646 http cache fast-levenshtein@https://registry.npmjs.org/fast-levenshtein/-/fast-levenshtein-2.0.6.tgz 0ms (cache hit)
2647 http cache deep-is@https://registry.npmjs.org/deep-is/-/deep-is-0.1.4.tgz 0ms (cache hit)
2648 http cache styled-jsx@https://registry.npmjs.org/styled-jsx/-/styled-jsx-5.1.6.tgz 0ms (cache hit)
2649 http cache tslib@https://registry.npmjs.org/tslib/-/tslib-2.8.1.tgz 0ms (cache hit)
2650 http cache @swc/helpers@https://registry.npmjs.org/@swc/helpers/-/helpers-0.5.23.tgz 0ms (cache hit)
2651 http cache @next/env@https://registry.npmjs.org/@next/env/-/env-16.3.6.tgz 0ms (cache hit)
2652 http cache @next/swc-darwin-arm64@https://registry.npmjs.org/@next/swc-darwin-arm64/-/swc-darwin-arm64-16.3.6.tgz 0ms (cache hit)
2653 http cache concat-map@https://registry.npmjs.org/concat-map/-/concat-map-0.0.1.tgz 0ms (cache hit)
2654 http cache brace-expansion@https://registry.npmjs.org/brace-expansion/-/brace-expansion-1.1.21.tgz 0ms (cache hit)
2655 http cache sharp@https://registry.npmjs.org/sharp/-/sharp-0.35.4.tgz 0ms (cache hit)
2656 http cache balanced-match@https://registry.npmjs.org/balanced-match/-/balanced-match-1.0.2.tgz 0ms (cache hit)
2657 http cache to-regex-range@https://registry.npmjs.org/to-regex-range/-/to-regex-range-5.0.1.tgz 0ms (cache hit)
2658 http cache fill-range@https://registry.npmjs.org/fill-range/-/fill-range-7.1.1.tgz 0ms (cache hit)
2659 http cache picomatch@https://registry.npmjs.org/picomatch/-/picomatch-2.3.2.tgz 0ms (cache hit)
2660 http cache braces@https://registry.npmjs.org/braces/-/braces-3.0.3.tgz 0ms (cache hit)
2661 http cache yallist@https://registry.npmjs.org/yallist/-/yallist-3.1.1.tgz 0ms (cache hit)
2662 http cache p-locate@https://registry.npmjs.org/p-locate/-/p-locate-5.0.0.tgz 0ms (cache hit)
2663 http cache lightningcss-darwin-arm64@https://registry.npmjs.org/lightningcss-darwin-arm64/-/lightningcss-darwin-arm64-1.32.0.tgz 0ms (cache hit)
2664 http cache type-check@https://registry.npmjs.org/type-check/-/type-check-0.4.0.tgz 0ms (cache hit)
2665 http cache prelude-ls@https://registry.npmjs.org/prelude-ls/-/prelude-ls-1.2.1.tgz 0ms (cache hit)
2666 http cache detect-libc@https://registry.npmjs.org/detect-libc/-/detect-libc-2.1.2.tgz 0ms (cache hit)
2667 http cache language-subtag-registry@https://registry.npmjs.org/language-subtag-registry/-/language-subtag-registry-0.3.23.tgz 0ms (cache hit)
2668 http cache json-buffer@https://registry.npmjs.org/json-buffer/-/json-buffer-3.0.1.tgz 0ms (cache hit)
2669 http cache argparse@https://registry.npmjs.org/argparse/-/argparse-2.0.1.tgz 0ms (cache hit)
2670 http cache is-extglob@https://registry.npmjs.org/is-extglob/-/is-extglob-2.1.1.tgz 0ms (cache hit)
2671 http cache side-channel@https://registry.npmjs.org/side-channel/-/side-channel-1.1.1.tgz 0ms (cache hit)
2672 http cache set-function-name@https://registry.npmjs.org/set-function-name/-/set-function-name-2.0.2.tgz 0ms (cache hit)
2673 http cache resolve-from@https://registry.npmjs.org/resolve-from/-/resolve-from-4.0.0.tgz 0ms (cache hit)
2674 http cache hermes-estree@https://registry.npmjs.org/hermes-estree/-/hermes-estree-0.25.1.tgz 0ms (cache hit)
2675 http cache resolve-pkg-maps@https://registry.npmjs.org/resolve-pkg-maps/-/resolve-pkg-maps-1.0.0.tgz 0ms (cache hit)
2676 http cache dunder-proto@https://registry.npmjs.org/dunder-proto/-/dunder-proto-1.0.1.tgz 0ms (cache hit)
2677 http cache parent-module@https://registry.npmjs.org/parent-module/-/parent-module-1.0.1.tgz 0ms (cache hit)
2678 http cache functions-have-names@https://registry.npmjs.org/functions-have-names/-/functions-have-names-1.2.3.tgz 0ms (cache hit)
2679 http cache keyv@https://registry.npmjs.org/keyv/-/keyv-4.5.4.tgz 0ms (cache hit)
2680 http cache flatted@https://registry.npmjs.org/flatted/-/flatted-3.4.4.tgz 0ms (cache hit)
2681 http cache is-document.all@https://registry.npmjs.org/is-document.all/-/is-document.all-1.0.0.tgz 0ms (cache hit)
2682 http cache path-exists@https://registry.npmjs.org/path-exists/-/path-exists-4.0.0.tgz 0ms (cache hit)
2683 http cache locate-path@https://registry.npmjs.org/locate-path/-/locate-path-6.0.0.tgz 0ms (cache hit)
2684 http cache reusify@https://registry.npmjs.org/reusify/-/reusify-1.1.0.tgz 0ms (cache hit)
2685 http cache run-parallel@https://registry.npmjs.org/run-parallel/-/run-parallel-1.2.0.tgz 0ms (cache hit)
2686 http cache flat-cache@https://registry.npmjs.org/flat-cache/-/flat-cache-4.0.1.tgz 0ms (cache hit)
2687 http cache fastq@https://registry.npmjs.org/fastq/-/fastq-1.20.3.tgz 0ms (cache hit)
2688 http cache @nodelib/fs.scandir@https://registry.npmjs.org/@nodelib/fs.scandir/-/fs.scandir-2.1.5.tgz 0ms (cache hit)
2689 http cache micromatch@https://registry.npmjs.org/micromatch/-/micromatch-4.0.8.tgz 0ms (cache hit)
2690 http cache @nodelib/fs.walk@https://registry.npmjs.org/@nodelib/fs.walk/-/fs.walk-1.2.8.tgz 0ms (cache hit)
2691 http cache @nodelib/fs.stat@https://registry.npmjs.org/@nodelib/fs.stat/-/fs.stat-2.0.5.tgz 0ms (cache hit)
2692 http cache merge2@https://registry.npmjs.org/merge2/-/merge2-1.4.1.tgz 0ms (cache hit)
2693 http cache acorn-jsx@https://registry.npmjs.org/acorn-jsx/-/acorn-jsx-5.3.2.tgz 0ms (cache hit)
2694 http cache acorn@https://registry.npmjs.org/acorn/-/acorn-8.18.0.tgz 0ms (cache hit)
2695 http cache update-browserslist-db@https://registry.npmjs.org/update-browserslist-db/-/update-browserslist-db-1.3.3.tgz 0ms (cache hit)
2696 http cache node-releases@https://registry.npmjs.org/node-releases/-/node-releases-2.0.57.tgz 0ms (cache hit)
2697 http cache esrecurse@https://registry.npmjs.org/esrecurse/-/esrecurse-4.3.0.tgz 0ms (cache hit)
2698 http cache electron-to-chromium@https://registry.npmjs.org/electron-to-chromium/-/electron-to-chromium-1.5.439.tgz 0ms (cache hit)
2699 http cache caniuse-lite@https://registry.npmjs.org/caniuse-lite/-/caniuse-lite-1.0.30001812.tgz 0ms (cache hit)
2700 http cache baseline-browser-mapping@https://registry.npmjs.org/baseline-browser-mapping/-/baseline-browser-mapping-2.11.26.tgz 0ms (cache hit)
2701 http cache @babel/helper-globals@https://registry.npmjs.org/@babel/helper-globals/-/helper-globals-7.29.7.tgz 0ms (cache hit)
2702 http cache @babel/helper-string-parser@https://registry.npmjs.org/@babel/helper-string-parser/-/helper-string-parser-7.29.7.tgz 0ms (cache hit)
2703 http cache @babel/helper-module-imports@https://registry.npmjs.org/@babel/helper-module-imports/-/helper-module-imports-7.29.7.tgz 0ms (cache hit)
2704 http cache lru-cache@https://registry.npmjs.org/lru-cache/-/lru-cache-5.1.1.tgz 0ms (cache hit)
2705 http cache browserslist@https://registry.npmjs.org/browserslist/-/browserslist-4.29.1.tgz 0ms (cache hit)
2706 http cache @babel/helper-validator-option@https://registry.npmjs.org/@babel/helper-validator-option/-/helper-validator-option-7.29.7.tgz 0ms (cache hit)
2707 http cache jsesc@https://registry.npmjs.org/jsesc/-/jsesc-3.1.0.tgz 0ms (cache hit)
2708 http cache picocolors@https://registry.npmjs.org/picocolors/-/picocolors-1.1.1.tgz 0ms (cache hit)
2709 http cache @babel/compat-data@https://registry.npmjs.org/@babel/compat-data/-/compat-data-7.29.7.tgz 0ms (cache hit)
2710 http cache js-tokens@https://registry.npmjs.org/js-tokens/-/js-tokens-4.0.0.tgz 0ms (cache hit)
2711 http cache @babel/helper-validator-identifier@https://registry.npmjs.org/@babel/helper-validator-identifier/-/helper-validator-identifier-7.29.7.tgz 0ms (cache hit)
2712 http cache gensync@https://registry.npmjs.org/gensync/-/gensync-1.0.0-beta.2.tgz 0ms (cache hit)
2713 http cache convert-source-map@https://registry.npmjs.org/convert-source-map/-/convert-source-map-2.0.0.tgz 0ms (cache hit)
2714 http cache json5@https://registry.npmjs.org/json5/-/json5-2.2.3.tgz 0ms (cache hit)
2715 http cache @babel/traverse@https://registry.npmjs.org/@babel/traverse/-/traverse-7.29.8.tgz 0ms (cache hit)
2716 http cache @babel/types@https://registry.npmjs.org/@babel/types/-/types-7.29.8.tgz 0ms (cache hit)
2717 http cache @babel/template@https://registry.npmjs.org/@babel/template/-/template-7.29.7.tgz 0ms (cache hit)
2718 http cache @babel/helpers@https://registry.npmjs.org/@babel/helpers/-/helpers-7.29.7.tgz 0ms (cache hit)
2719 http cache @babel/helper-module-transforms@https://registry.npmjs.org/@babel/helper-module-transforms/-/helper-module-transforms-7.29.7.tgz 0ms (cache hit)
2720 http cache @babel/helper-compilation-targets@https://registry.npmjs.org/@babel/helper-compilation-targets/-/helper-compilation-targets-7.29.7.tgz 0ms (cache hit)
2721 http cache @babel/code-frame@https://registry.npmjs.org/@babel/code-frame/-/code-frame-7.29.7.tgz 0ms (cache hit)
2722 http cache zod-validation-error@https://registry.npmjs.org/zod-validation-error/-/zod-validation-error-4.0.2.tgz 0ms (cache hit)
2723 http cache @babel/generator@https://registry.npmjs.org/@babel/generator/-/generator-7.29.8.tgz 0ms (cache hit)
2724 http cache hermes-parser@https://registry.npmjs.org/hermes-parser/-/hermes-parser-0.25.1.tgz 0ms (cache hit)
2725 http cache @babel/parser@https://registry.npmjs.org/@babel/parser/-/parser-7.29.9.tgz 0ms (cache hit)
2726 http cache zod@https://registry.npmjs.org/zod/-/zod-4.6.5.tgz 0ms (cache hit)
2727 http cache @babel/core@https://registry.npmjs.org/@babel/core/-/core-7.29.7.tgz 0ms (cache hit)
2728 http cache string.prototype.repeat@https://registry.npmjs.org/string.prototype.repeat/-/string.prototype.repeat-1.0.0.tgz 0ms (cache hit)
2729 http cache prop-types@https://registry.npmjs.org/prop-types/-/prop-types-15.8.1.tgz 0ms (cache hit)
2730 http cache string.prototype.matchall@https://registry.npmjs.org/string.prototype.matchall/-/string.prototype.matchall-4.1.0.tgz 0ms (cache hit)
2731 http cache iterator.prototype@https://registry.npmjs.org/iterator.prototype/-/iterator.prototype-1.1.5.tgz 0ms (cache hit)
2732 http cache estraverse@https://registry.npmjs.org/estraverse/-/estraverse-5.3.0.tgz 0ms (cache hit)
2733 http cache object.entries@https://registry.npmjs.org/object.entries/-/object.entries-1.1.9.tgz 0ms (cache hit)
2734 http cache array.prototype.tosorted@https://registry.npmjs.org/array.prototype.tosorted/-/array.prototype.tosorted-1.1.4.tgz 0ms (cache hit)
2735 http cache string.prototype.includes@https://registry.npmjs.org/string.prototype.includes/-/string.prototype.includes-2.0.1.tgz 0ms (cache hit)
2736 http cache array.prototype.findlast@https://registry.npmjs.org/array.prototype.findlast/-/array.prototype.findlast-1.2.5.tgz 0ms (cache hit)
2737 http cache es-iterator-helpers@https://registry.npmjs.org/es-iterator-helpers/-/es-iterator-helpers-1.4.0.tgz 0ms (cache hit)
2738 http cache jsx-ast-utils@https://registry.npmjs.org/jsx-ast-utils/-/jsx-ast-utils-3.3.5.tgz 0ms (cache hit)
2739 http cache language-tags@https://registry.npmjs.org/language-tags/-/language-tags-1.0.9.tgz 0ms (cache hit)
2740 http cache damerau-levenshtein@https://registry.npmjs.org/damerau-levenshtein/-/damerau-levenshtein-1.0.8.tgz 0ms (cache hit)
2741 http cache axobject-query@https://registry.npmjs.org/axobject-query/-/axobject-query-4.1.0.tgz 0ms (cache hit)
2742 http cache axe-core@https://registry.npmjs.org/axe-core/-/axe-core-4.13.0.tgz 0ms (cache hit)
2743 http cache emoji-regex@https://registry.npmjs.org/emoji-regex/-/emoji-regex-9.2.2.tgz 0ms (cache hit)
2744 http cache ast-types-flow@https://registry.npmjs.org/ast-types-flow/-/ast-types-flow-0.0.8.tgz 0ms (cache hit)
2745 http cache aria-query@https://registry.npmjs.org/aria-query/-/aria-query-5.3.2.tgz 0ms (cache hit)
2746 http cache is-symbol@https://registry.npmjs.org/is-symbol/-/is-symbol-1.1.1.tgz 0ms (cache hit)
2747 http cache is-date-object@https://registry.npmjs.org/is-date-object/-/is-date-object-1.1.0.tgz 0ms (cache hit)
2748 http cache es-abstract-get@https://registry.npmjs.org/es-abstract-get/-/es-abstract-get-1.0.0.tgz 0ms (cache hit)
2749 http cache has-tostringtag@https://registry.npmjs.org/has-tostringtag/-/has-tostringtag-1.0.2.tgz 0ms (cache hit)
2750 http cache possible-typed-array-names@https://registry.npmjs.org/possible-typed-array-names/-/possible-typed-array-names-1.1.0.tgz 0ms (cache hit)
2751 http cache unbox-primitive@https://registry.npmjs.org/unbox-primitive/-/unbox-primitive-1.1.0.tgz 0ms (cache hit)
2752 http cache which-typed-array@https://registry.npmjs.org/which-typed-array/-/which-typed-array-1.1.24.tgz 0ms (cache hit)
2753 http cache typed-array-length@https://registry.npmjs.org/typed-array-length/-/typed-array-length-1.0.8.tgz 0ms (cache hit)
2754 http cache typed-array-byte-offset@https://registry.npmjs.org/typed-array-byte-offset/-/typed-array-byte-offset-1.0.5.tgz 0ms (cache hit)
2755 http cache typed-array-byte-length@https://registry.npmjs.org/typed-array-byte-length/-/typed-array-byte-length-1.0.3.tgz 0ms (cache hit)
2756 http cache typed-array-buffer@https://registry.npmjs.org/typed-array-buffer/-/typed-array-buffer-1.0.3.tgz 0ms (cache hit)
2757 http cache string.prototype.trimstart@https://registry.npmjs.org/string.prototype.trimstart/-/string.prototype.trimstart-1.0.8.tgz 0ms (cache hit)
2758 http cache string.prototype.trim@https://registry.npmjs.org/string.prototype.trim/-/string.prototype.trim-1.2.11.tgz 0ms (cache hit)
2759 http cache stop-iteration-iterator@https://registry.npmjs.org/stop-iteration-iterator/-/stop-iteration-iterator-1.1.0.tgz 0ms (cache hit)
2760 http cache set-proto@https://registry.npmjs.org/set-proto/-/set-proto-1.0.0.tgz 0ms (cache hit)
2761 http cache safe-regex-test@https://registry.npmjs.org/safe-regex-test/-/safe-regex-test-1.1.0.tgz 0ms (cache hit)
2762 http cache safe-push-apply@https://registry.npmjs.org/safe-push-apply/-/safe-push-apply-1.0.0.tgz 0ms (cache hit)
2763 http cache safe-array-concat@https://registry.npmjs.org/safe-array-concat/-/safe-array-concat-1.1.4.tgz 0ms (cache hit)
2764 http cache regexp.prototype.flags@https://registry.npmjs.org/regexp.prototype.flags/-/regexp.prototype.flags-1.5.4.tgz 0ms (cache hit)
2765 http cache own-keys@https://registry.npmjs.org/own-keys/-/own-keys-1.0.2.tgz 0ms (cache hit)
2766 http cache object.assign@https://registry.npmjs.org/object.assign/-/object.assign-4.1.7.tgz 0ms (cache hit)
2767 http cache object-inspect@https://registry.npmjs.org/object-inspect/-/object-inspect-1.13.4.tgz 0ms (cache hit)
2768 http cache is-weakref@https://registry.npmjs.org/is-weakref/-/is-weakref-1.1.1.tgz 0ms (cache hit)
2769 http cache is-typed-array@https://registry.npmjs.org/is-typed-array/-/is-typed-array-1.1.15.tgz 0ms (cache hit)
2770 http cache is-shared-array-buffer@https://registry.npmjs.org/is-shared-array-buffer/-/is-shared-array-buffer-1.0.4.tgz 0ms (cache hit)
2771 http cache is-set@https://registry.npmjs.org/is-set/-/is-set-2.0.3.tgz 0ms (cache hit)
2772 http cache is-regex@https://registry.npmjs.org/is-regex/-/is-regex-1.2.1.tgz 0ms (cache hit)
2773 http cache is-negative-zero@https://registry.npmjs.org/is-negative-zero/-/is-negative-zero-2.0.3.tgz 0ms (cache hit)
2774 http cache is-data-view@https://registry.npmjs.org/is-data-view/-/is-data-view-1.0.2.tgz 0ms (cache hit)
2775 http cache is-callable@https://registry.npmjs.org/is-callable/-/is-callable-1.2.7.tgz 0ms (cache hit)
2776 http cache is-array-buffer@https://registry.npmjs.org/is-array-buffer/-/is-array-buffer-3.0.5.tgz 0ms (cache hit)
2777 http cache internal-slot@https://registry.npmjs.org/internal-slot/-/internal-slot-1.1.0.tgz 0ms (cache hit)
2778 http cache has-proto@https://registry.npmjs.org/has-proto/-/has-proto-1.2.0.tgz 0ms (cache hit)
2779 http cache globalthis@https://registry.npmjs.org/globalthis/-/globalthis-1.0.4.tgz 0ms (cache hit)
2780 http cache get-symbol-description@https://registry.npmjs.org/get-symbol-description/-/get-symbol-description-1.1.0.tgz 0ms (cache hit)
2781 http cache has-symbols@https://registry.npmjs.org/has-symbols/-/has-symbols-1.1.0.tgz 0ms (cache hit)
2782 http cache get-proto@https://registry.npmjs.org/get-proto/-/get-proto-1.0.1.tgz 0ms (cache hit)
2783 http cache function.prototype.name@https://registry.npmjs.org/function.prototype.name/-/function.prototype.name-1.2.0.tgz 0ms (cache hit)
2784 http cache es-to-primitive@https://registry.npmjs.org/es-to-primitive/-/es-to-primitive-1.3.4.tgz 0ms (cache hit)
2785 http cache es-set-tostringtag@https://registry.npmjs.org/es-set-tostringtag/-/es-set-tostringtag-2.1.0.tgz 0ms (cache hit)
2786 http cache data-view-byte-offset@https://registry.npmjs.org/data-view-byte-offset/-/data-view-byte-offset-1.0.1.tgz 0ms (cache hit)
2787 http cache data-view-byte-length@https://registry.npmjs.org/data-view-byte-length/-/data-view-byte-length-1.0.2.tgz 0ms (cache hit)
2788 http cache data-view-buffer@https://registry.npmjs.org/data-view-buffer/-/data-view-buffer-1.0.2.tgz 0ms (cache hit)
2789 http cache available-typed-arrays@https://registry.npmjs.org/available-typed-arrays/-/available-typed-arrays-1.0.7.tgz 0ms (cache hit)
2790 http cache arraybuffer.prototype.slice@https://registry.npmjs.org/arraybuffer.prototype.slice/-/arraybuffer.prototype.slice-1.0.4.tgz 0ms (cache hit)
2791 http cache array-buffer-byte-length@https://registry.npmjs.org/array-buffer-byte-length/-/array-buffer-byte-length-1.0.2.tgz 0ms (cache hit)
2792 http cache gopd@https://registry.npmjs.org/gopd/-/gopd-1.2.0.tgz 0ms (cache hit)
2793 http cache object-keys@https://registry.npmjs.org/object-keys/-/object-keys-1.1.1.tgz 0ms (cache hit)
2794 http cache has-property-descriptors@https://registry.npmjs.org/has-property-descriptors/-/has-property-descriptors-1.0.2.tgz 0ms (cache hit)
2795 http cache define-data-property@https://registry.npmjs.org/define-data-property/-/define-data-property-1.1.4.tgz 0ms (cache hit)
2796 http cache function-bind@https://registry.npmjs.org/function-bind/-/function-bind-1.1.2.tgz 0ms (cache hit)
2797 http cache set-function-length@https://registry.npmjs.org/set-function-length/-/set-function-length-1.2.2.tgz 0ms (cache hit)
2798 http cache get-intrinsic@https://registry.npmjs.org/get-intrinsic/-/get-intrinsic-1.3.0.tgz 0ms (cache hit)
2799 http cache es-define-property@https://registry.npmjs.org/es-define-property/-/es-define-property-1.0.1.tgz 0ms (cache hit)
2800 http cache call-bind-apply-helpers@https://registry.npmjs.org/call-bind-apply-helpers/-/call-bind-apply-helpers-1.0.2.tgz 0ms (cache hit)
2801 http cache es-errors@https://registry.npmjs.org/es-errors/-/es-errors-1.3.0.tgz 0ms (cache hit)
2802 http cache math-intrinsics@https://registry.npmjs.org/math-intrinsics/-/math-intrinsics-1.1.0.tgz 0ms (cache hit)
2803 http cache is-string@https://registry.npmjs.org/is-string/-/is-string-1.1.1.tgz 0ms (cache hit)
2804 http cache es-shim-unscopables@https://registry.npmjs.org/es-shim-unscopables/-/es-shim-unscopables-1.1.0.tgz 0ms (cache hit)
2805 http cache es-object-atoms@https://registry.npmjs.org/es-object-atoms/-/es-object-atoms-1.1.2.tgz 0ms (cache hit)
2806 http cache es-abstract@https://registry.npmjs.org/es-abstract/-/es-abstract-1.24.2.tgz 0ms (cache hit)
2807 http cache define-properties@https://registry.npmjs.org/define-properties/-/define-properties-1.2.1.tgz 0ms (cache hit)
2808 http cache call-bound@https://registry.npmjs.org/call-bound/-/call-bound-1.0.4.tgz 0ms (cache hit)
2809 http cache call-bind@https://registry.npmjs.org/call-bind/-/call-bind-1.0.9.tgz 0ms (cache hit)
2810 http cache tsconfig-paths@https://registry.npmjs.org/tsconfig-paths/-/tsconfig-paths-3.15.0.tgz 0ms (cache hit)
2811 http cache string.prototype.trimend@https://registry.npmjs.org/string.prototype.trimend/-/string.prototype.trimend-1.0.10.tgz 0ms (cache hit)
2812 http cache semver@https://registry.npmjs.org/semver/-/semver-6.3.1.tgz 0ms (cache hit)
2813 http cache object.values@https://registry.npmjs.org/object.values/-/object.values-1.2.1.tgz 0ms (cache hit)
2814 http cache object.groupby@https://registry.npmjs.org/object.groupby/-/object.groupby-1.0.3.tgz 0ms (cache hit)
2815 http cache object.fromentries@https://registry.npmjs.org/object.fromentries/-/object.fromentries-2.0.8.tgz 0ms (cache hit)
2816 http cache hasown@https://registry.npmjs.org/hasown/-/hasown-2.0.4.tgz 0ms (cache hit)
2817 http cache eslint-module-utils@https://registry.npmjs.org/eslint-module-utils/-/eslint-module-utils-2.14.0.tgz 0ms (cache hit)
2818 http cache doctrine@https://registry.npmjs.org/doctrine/-/doctrine-2.1.0.tgz 0ms (cache hit)
2819 http cache array.prototype.flatmap@https://registry.npmjs.org/array.prototype.flatmap/-/array.prototype.flatmap-1.3.3.tgz 0ms (cache hit)
2820 http cache array.prototype.flat@https://registry.npmjs.org/array.prototype.flat/-/array.prototype.flat-1.3.3.tgz 0ms (cache hit)
2821 http cache array.prototype.findlastindex@https://registry.npmjs.org/array.prototype.findlastindex/-/array.prototype.findlastindex-1.2.6.tgz 0ms (cache hit)
2822 http cache @rtsao/scc@https://registry.npmjs.org/@rtsao/scc/-/scc-1.1.0.tgz 0ms (cache hit)
2823 http cache unrs-resolver@https://registry.npmjs.org/unrs-resolver/-/unrs-resolver-1.12.2.tgz 0ms (cache hit)
2824 http cache array-includes@https://registry.npmjs.org/array-includes/-/array-includes-3.2.0.tgz 0ms (cache hit)
2825 http cache tinyglobby@https://registry.npmjs.org/tinyglobby/-/tinyglobby-0.2.17.tgz 0ms (cache hit)
2826 http cache is-bun-module@https://registry.npmjs.org/is-bun-module/-/is-bun-module-2.0.0.tgz 0ms (cache hit)
2827 http cache get-tsconfig@https://registry.npmjs.org/get-tsconfig/-/get-tsconfig-4.14.3.tgz 0ms (cache hit)
2828 http cache @nolyfill/is-core-module@https://registry.npmjs.org/@nolyfill/is-core-module/-/is-core-module-1.0.39.tgz 0ms (cache hit)
2829 http cache is-core-module@https://registry.npmjs.org/is-core-module/-/is-core-module-2.17.0.tgz 0ms (cache hit)
2830 http cache stable-hash@https://registry.npmjs.org/stable-hash/-/stable-hash-0.0.5.tgz 0ms (cache hit)
2831 http cache resolve@https://registry.npmjs.org/resolve/-/resolve-2.0.0-next.7.tgz 0ms (cache hit)
2832 http cache fast-glob@https://registry.npmjs.org/fast-glob/-/fast-glob-3.3.1.tgz 0ms (cache hit)
2833 http cache typescript-eslint@https://registry.npmjs.org/typescript-eslint/-/typescript-eslint-8.70.1.tgz 0ms (cache hit)
2834 http cache eslint-plugin-react-hooks@https://registry.npmjs.org/eslint-plugin-react-hooks/-/eslint-plugin-react-hooks-7.1.1.tgz 0ms (cache hit)
2835 http cache eslint-plugin-react@https://registry.npmjs.org/eslint-plugin-react/-/eslint-plugin-react-7.37.5.tgz 0ms (cache hit)
2836 http cache eslint-plugin-import@https://registry.npmjs.org/eslint-plugin-import/-/eslint-plugin-import-2.32.0.tgz 0ms (cache hit)
2837 http cache eslint-plugin-jsx-a11y@https://registry.npmjs.org/eslint-plugin-jsx-a11y/-/eslint-plugin-jsx-a11y-6.10.2.tgz 0ms (cache hit)
2838 http cache eslint-import-resolver-typescript@https://registry.npmjs.org/eslint-import-resolver-typescript/-/eslint-import-resolver-typescript-3.10.1.tgz 0ms (cache hit)
2839 http cache eslint-import-resolver-node@https://registry.npmjs.org/eslint-import-resolver-node/-/eslint-import-resolver-node-0.3.10.tgz 0ms (cache hit)
2840 http cache @next/eslint-plugin-next@https://registry.npmjs.org/@next/eslint-plugin-next/-/eslint-plugin-next-16.3.6.tgz 0ms (cache hit)
2841 http cache ms@https://registry.npmjs.org/ms/-/ms-2.1.3.tgz 0ms (cache hit)
2842 http cache which@https://registry.npmjs.org/which/-/which-2.0.2.tgz 0ms (cache hit)
2843 http cache shebang-command@https://registry.npmjs.org/shebang-command/-/shebang-command-2.0.0.tgz 0ms (cache hit)
2844 http cache path-key@https://registry.npmjs.org/path-key/-/path-key-3.1.1.tgz 0ms (cache hit)
2845 http cache color-name@https://registry.npmjs.org/color-name/-/color-name-1.1.4.tgz 0ms (cache hit)
2846 http cache color-convert@https://registry.npmjs.org/color-convert/-/color-convert-2.0.1.tgz 0ms (cache hit)
2847 http cache supports-color@https://registry.npmjs.org/supports-color/-/supports-color-7.2.0.tgz 0ms (cache hit)
2848 http cache ansi-styles@https://registry.npmjs.org/ansi-styles/-/ansi-styles-4.3.0.tgz 0ms (cache hit)
2849 http cache uri-js@https://registry.npmjs.org/uri-js/-/uri-js-4.4.1.tgz 0ms (cache hit)
2850 http cache json-schema-traverse@https://registry.npmjs.org/json-schema-traverse/-/json-schema-traverse-0.4.1.tgz 0ms (cache hit)
2851 http cache fast-json-stable-stringify@https://registry.npmjs.org/fast-json-stable-stringify/-/fast-json-stable-stringify-2.1.0.tgz 0ms (cache hit)
2852 http cache @humanfs/core@https://registry.npmjs.org/@humanfs/core/-/core-0.19.2.tgz 0ms (cache hit)
2853 http cache levn@https://registry.npmjs.org/levn/-/levn-0.4.1.tgz 0ms (cache hit)
2854 http cache @humanfs/types@https://registry.npmjs.org/@humanfs/types/-/types-0.15.0.tgz 0ms (cache hit)
2855 http cache js-yaml@https://registry.npmjs.org/js-yaml/-/js-yaml-4.3.2.tgz 0ms (cache hit)
2856 http cache strip-json-comments@https://registry.npmjs.org/strip-json-comments/-/strip-json-comments-3.1.1.tgz 0ms (cache hit)
2857 http cache import-fresh@https://registry.npmjs.org/import-fresh/-/import-fresh-3.3.1.tgz 0ms (cache hit)
2858 http cache globals@https://registry.npmjs.org/globals/-/globals-14.0.0.tgz 0ms (cache hit)
2859 http cache @types/json-schema@https://registry.npmjs.org/@types/json-schema/-/json-schema-7.0.15.tgz 0ms (cache hit)
2860 http cache @eslint/object-schema@https://registry.npmjs.org/@eslint/object-schema/-/object-schema-2.1.7.tgz 0ms (cache hit)
2861 http cache optionator@https://registry.npmjs.org/optionator/-/optionator-0.9.4.tgz 0ms (cache hit)
2862 http cache natural-compare@https://registry.npmjs.org/natural-compare/-/natural-compare-1.4.0.tgz 0ms (cache hit)
2863 http cache minimatch@https://registry.npmjs.org/minimatch/-/minimatch-3.1.5.tgz 0ms (cache hit)
2864 http cache lodash.merge@https://registry.npmjs.org/lodash.merge/-/lodash.merge-4.6.2.tgz 0ms (cache hit)
2865 http cache is-glob@https://registry.npmjs.org/is-glob/-/is-glob-4.0.3.tgz 0ms (cache hit)
2866 http cache json-stable-stringify-without-jsonify@https://registry.npmjs.org/json-stable-stringify-without-jsonify/-/json-stable-stringify-without-jsonify-1.0.1.tgz 0ms (cache hit)
2867 http cache imurmurhash@https://registry.npmjs.org/imurmurhash/-/imurmurhash-0.1.4.tgz 0ms (cache hit)
2868 http cache glob-parent@https://registry.npmjs.org/glob-parent/-/glob-parent-6.0.2.tgz 0ms (cache hit)
2869 http cache find-up@https://registry.npmjs.org/find-up/-/find-up-5.0.0.tgz 0ms (cache hit)
2870 http cache ignore@https://registry.npmjs.org/ignore/-/ignore-5.3.2.tgz 0ms (cache hit)
2871 http cache file-entry-cache@https://registry.npmjs.org/file-entry-cache/-/file-entry-cache-8.0.0.tgz 0ms (cache hit)
2872 http cache fast-deep-equal@https://registry.npmjs.org/fast-deep-equal/-/fast-deep-equal-3.1.3.tgz 0ms (cache hit)
2873 http cache esutils@https://registry.npmjs.org/esutils/-/esutils-2.0.3.tgz 0ms (cache hit)
2874 http cache esquery@https://registry.npmjs.org/esquery/-/esquery-1.7.0.tgz 0ms (cache hit)
2875 http cache espree@https://registry.npmjs.org/espree/-/espree-10.4.0.tgz 0ms (cache hit)
2876 http cache eslint-visitor-keys@https://registry.npmjs.org/eslint-visitor-keys/-/eslint-visitor-keys-4.2.1.tgz 0ms (cache hit)
2877 http cache eslint-scope@https://registry.npmjs.org/eslint-scope/-/eslint-scope-8.4.0.tgz 0ms (cache hit)
2878 http cache escape-string-regexp@https://registry.npmjs.org/escape-string-regexp/-/escape-string-regexp-4.0.0.tgz 0ms (cache hit)
2879 http cache debug@https://registry.npmjs.org/debug/-/debug-4.4.3.tgz 0ms (cache hit)
2880 http cache cross-spawn@https://registry.npmjs.org/cross-spawn/-/cross-spawn-7.0.6.tgz 0ms (cache hit)
2881 http cache ajv@https://registry.npmjs.org/ajv/-/ajv-6.15.0.tgz 0ms (cache hit)
2882 http cache @types/estree@https://registry.npmjs.org/@types/estree/-/estree-1.0.9.tgz 0ms (cache hit)
2883 http cache chalk@https://registry.npmjs.org/chalk/-/chalk-4.1.2.tgz 0ms (cache hit)
2884 http cache @humanwhocodes/retry@https://registry.npmjs.org/@humanwhocodes/retry/-/retry-0.4.3.tgz 0ms (cache hit)
2885 http cache @humanwhocodes/module-importer@https://registry.npmjs.org/@humanwhocodes/module-importer/-/module-importer-1.0.1.tgz 0ms (cache hit)
2886 http cache @humanfs/node@https://registry.npmjs.org/@humanfs/node/-/node-0.16.8.tgz 0ms (cache hit)
2887 http cache @eslint/plugin-kit@https://registry.npmjs.org/@eslint/plugin-kit/-/plugin-kit-0.4.1.tgz 0ms (cache hit)
2888 http cache @eslint/js@https://registry.npmjs.org/@eslint/js/-/js-9.39.5.tgz 0ms (cache hit)
2889 http cache @eslint/eslintrc@https://registry.npmjs.org/@eslint/eslintrc/-/eslintrc-3.3.7.tgz 0ms (cache hit)
2890 http cache @eslint/config-helpers@https://registry.npmjs.org/@eslint/config-helpers/-/config-helpers-0.4.2.tgz 0ms (cache hit)
2891 http cache @eslint/core@https://registry.npmjs.org/@eslint/core/-/core-0.17.0.tgz 0ms (cache hit)
2892 http cache @eslint/config-array@https://registry.npmjs.org/@eslint/config-array/-/config-array-0.21.2.tgz 0ms (cache hit)
2893 http cache @eslint-community/regexpp@https://registry.npmjs.org/@eslint-community/regexpp/-/regexpp-4.12.2.tgz 0ms (cache hit)
2894 http cache tapable@https://registry.npmjs.org/tapable/-/tapable-2.3.3.tgz 0ms (cache hit)
2895 http cache @eslint-community/eslint-utils@https://registry.npmjs.org/@eslint-community/eslint-utils/-/eslint-utils-4.10.1.tgz 0ms (cache hit)
2896 http cache graceful-fs@https://registry.npmjs.org/graceful-fs/-/graceful-fs-4.2.11.tgz 0ms (cache hit)
2897 http cache csstype@https://registry.npmjs.org/csstype/-/csstype-3.2.3.tgz 0ms (cache hit)
2898 http cache undici-types@https://registry.npmjs.org/undici-types/-/undici-types-6.21.0.tgz 0ms (cache hit)
2899 http cache @tailwindcss/oxide-darwin-arm64@https://registry.npmjs.org/@tailwindcss/oxide-darwin-arm64/-/oxide-darwin-arm64-4.3.3.tgz 0ms (cache hit)
2900 http cache @jridgewell/resolve-uri@https://registry.npmjs.org/@jridgewell/resolve-uri/-/resolve-uri-3.1.2.tgz 0ms (cache hit)
2901 http cache @jridgewell/sourcemap-codec@https://registry.npmjs.org/@jridgewell/sourcemap-codec/-/sourcemap-codec-1.6.0.tgz 0ms (cache hit)
2902 http cache @jridgewell/trace-mapping@https://registry.npmjs.org/@jridgewell/trace-mapping/-/trace-mapping-0.3.31.tgz 0ms (cache hit)
2903 http cache @jridgewell/gen-mapping@https://registry.npmjs.org/@jridgewell/gen-mapping/-/gen-mapping-0.3.13.tgz 0ms (cache hit)
2904 http cache source-map-js@https://registry.npmjs.org/source-map-js/-/source-map-js-1.2.1.tgz 0ms (cache hit)
2905 http cache magic-string@https://registry.npmjs.org/magic-string/-/magic-string-0.30.21.tgz 0ms (cache hit)
2906 http cache lightningcss@https://registry.npmjs.org/lightningcss/-/lightningcss-1.32.0.tgz 0ms (cache hit)
2907 http cache jiti@https://registry.npmjs.org/jiti/-/jiti-2.7.0.tgz 0ms (cache hit)
2908 http cache enhanced-resolve@https://registry.npmjs.org/enhanced-resolve/-/enhanced-resolve-5.25.1.tgz 0ms (cache hit)
2909 http cache @jridgewell/remapping@https://registry.npmjs.org/@jridgewell/remapping/-/remapping-2.3.5.tgz 0ms (cache hit)
2910 http cache postcss@https://registry.npmjs.org/postcss/-/postcss-8.5.28.tgz 0ms (cache hit)
2911 http cache @tailwindcss/oxide@https://registry.npmjs.org/@tailwindcss/oxide/-/oxide-4.3.3.tgz 0ms (cache hit)
2912 http cache @tailwindcss/node@https://registry.npmjs.org/@tailwindcss/node/-/node-4.3.3.tgz 0ms (cache hit)
2913 http cache @alloc/quick-lru@https://registry.npmjs.org/@alloc/quick-lru/-/quick-lru-5.3.0.tgz 0ms (cache hit)
2914 http cache typescript@https://registry.npmjs.org/typescript/-/typescript-5.9.3.tgz 0ms (cache hit)
2915 http cache tailwindcss@https://registry.npmjs.org/tailwindcss/-/tailwindcss-4.3.3.tgz 0ms (cache hit)
2916 http cache react-dom@https://registry.npmjs.org/react-dom/-/react-dom-19.2.8.tgz 0ms (cache hit)
2917 http cache react@https://registry.npmjs.org/react/-/react-19.2.8.tgz 0ms (cache hit)
2918 http cache next@https://registry.npmjs.org/next/-/next-16.3.6.tgz 1ms (cache hit)
2919 http cache eslint-config-next@https://registry.npmjs.org/eslint-config-next/-/eslint-config-next-16.3.6.tgz 0ms (cache hit)
2920 http cache eslint@https://registry.npmjs.org/eslint/-/eslint-9.39.5.tgz 0ms (cache hit)
2921 http cache @types/react-dom@https://registry.npmjs.org/@types/react-dom/-/react-dom-19.3.0.tgz 0ms (cache hit)
2922 http cache @types/react@https://registry.npmjs.org/@types/react/-/react-19.3.0.tgz 0ms (cache hit)
2923 http cache @types/node@https://registry.npmjs.org/@types/node/-/node-20.19.43.tgz 0ms (cache hit)
2924 http cache @tailwindcss/postcss@https://registry.npmjs.org/@tailwindcss/postcss/-/postcss-4.3.3.tgz 0ms (cache hit)
2925 http cache brace-expansion@https://registry.npmjs.org/brace-expansion/-/brace-expansion-5.0.12.tgz 0ms (cache hit)
2926 http cache minimatch@https://registry.npmjs.org/minimatch/-/minimatch-10.2.6.tgz 0ms (cache hit)
2927 http cache semver@https://registry.npmjs.org/semver/-/semver-7.8.5.tgz 0ms (cache hit)
2928 http cache balanced-match@https://registry.npmjs.org/balanced-match/-/balanced-match-4.0.4.tgz 0ms (cache hit)
2929 http cache eslint-visitor-keys@https://registry.npmjs.org/eslint-visitor-keys/-/eslint-visitor-keys-5.0.1.tgz 0ms (cache hit)
2930 http cache ignore@https://registry.npmjs.org/ignore/-/ignore-7.0.10.tgz 0ms (cache hit)
2931 http cache semver@https://registry.npmjs.org/semver/-/semver-7.8.5.tgz 0ms (cache hit)
2932 http cache json5@https://registry.npmjs.org/json5/-/json5-1.0.2.tgz 0ms (cache hit)
2933 http cache debug@https://registry.npmjs.org/debug/-/debug-3.2.7.tgz 0ms (cache hit)
2934 http cache picomatch@https://registry.npmjs.org/picomatch/-/picomatch-4.0.7.tgz 0ms (cache hit)
2935 http cache fdir@https://registry.npmjs.org/fdir/-/fdir-6.5.0.tgz 0ms (cache hit)
2936 http cache semver@https://registry.npmjs.org/semver/-/semver-7.8.5.tgz 0ms (cache hit)
2937 http cache glob-parent@https://registry.npmjs.org/glob-parent/-/glob-parent-5.1.2.tgz 0ms (cache hit)
2938 http cache debug@https://registry.npmjs.org/debug/-/debug-3.2.7.tgz 0ms (cache hit)
2939 http cache debug@https://registry.npmjs.org/debug/-/debug-3.2.7.tgz 0ms (cache hit)
2940 http cache eslint-visitor-keys@https://registry.npmjs.org/eslint-visitor-keys/-/eslint-visitor-keys-3.4.3.tgz 0ms (cache hit)
2941 http cache postcss@https://registry.npmjs.org/postcss/-/postcss-8.5.23.tgz 0ms (cache hit)
2942 http cache @eslint-community/eslint-utils@https://registry.npmjs.org/@eslint-community/eslint-utils/-/eslint-utils-4.9.1.tgz 0ms (cache hit)
2943 http cache eslint-visitor-keys@https://registry.npmjs.org/eslint-visitor-keys/-/eslint-visitor-keys-3.4.3.tgz 0ms (cache hit)
2944 http cache globals@https://registry.npmjs.org/globals/-/globals-16.4.0.tgz 0ms (cache hit)
2945 silly tarball no local data for is-weakset@https://registry.npmjs.org/is-weakset/-/is-weakset-2.0.4.tgz. Extracting by manifest.
2946 silly tarball no local data for is-weakmap@https://registry.npmjs.org/is-weakmap/-/is-weakmap-2.0.2.tgz. Extracting by manifest.
2947 silly tarball no local data for generator-function@https://registry.npmjs.org/generator-function/-/generator-function-2.0.1.tgz. Extracting by manifest.
2948 silly tarball no local data for async-function@https://registry.npmjs.org/async-function/-/async-function-1.0.0.tgz. Extracting by manifest.
2949 silly tarball no local data for is-map@https://registry.npmjs.org/is-map/-/is-map-2.0.3.tgz. Extracting by manifest.
2950 silly tarball no local data for which-collection@https://registry.npmjs.org/which-collection/-/which-collection-1.0.2.tgz. Extracting by manifest.
2951 silly tarball no local data for is-finalizationregistry@https://registry.npmjs.org/is-finalizationregistry/-/is-finalizationregistry-1.1.1.tgz. Extracting by manifest.
2952 silly tarball no local data for is-async-function@https://registry.npmjs.org/is-async-function/-/is-async-function-2.1.1.tgz. Extracting by manifest.
2953 silly tarball no local data for is-generator-function@https://registry.npmjs.org/is-generator-function/-/is-generator-function-1.1.2.tgz. Extracting by manifest.
2954 silly tarball no local data for is-bigint@https://registry.npmjs.org/is-bigint/-/is-bigint-1.1.0.tgz. Extracting by manifest.
2955 silly tarball no local data for is-boolean-object@https://registry.npmjs.org/is-boolean-object/-/is-boolean-object-1.2.2.tgz. Extracting by manifest.
2956 silly tarball no local data for is-number-object@https://registry.npmjs.org/is-number-object/-/is-number-object-1.1.1.tgz. Extracting by manifest.
2957 silly tarball no local data for punycode@https://registry.npmjs.org/punycode/-/punycode-2.3.1.tgz. Extracting by manifest.
2958 silly tarball no local data for escalade@https://registry.npmjs.org/escalade/-/escalade-3.2.0.tgz. Extracting by manifest.
2959 silly tarball no local data for isexe@https://registry.npmjs.org/isexe/-/isexe-2.0.0.tgz. Extracting by manifest.
2960 silly tarball no local data for @unrs/resolver-binding-darwin-arm64@https://registry.npmjs.org/@unrs/resolver-binding-darwin-arm64/-/resolver-binding-darwin-arm64-1.12.2.tgz. Extracting by manifest.
2961 silly tarball no local data for which-boxed-primitive@https://registry.npmjs.org/which-boxed-primitive/-/which-boxed-primitive-1.1.1.tgz. Extracting by manifest.
2962 silly tarball no local data for has-bigints@https://registry.npmjs.org/has-bigints/-/has-bigints-1.1.0.tgz. Extracting by manifest.
2963 silly tarball no local data for napi-postinstall@https://registry.npmjs.org/napi-postinstall/-/napi-postinstall-0.3.4.tgz. Extracting by manifest.
2964 silly tarball no local data for @typescript-eslint/tsconfig-utils@https://registry.npmjs.org/@typescript-eslint/tsconfig-utils/-/tsconfig-utils-8.70.1.tgz. Extracting by manifest.
2965 silly tarball no local data for @typescript-eslint/project-service@https://registry.npmjs.org/@typescript-eslint/project-service/-/project-service-8.70.1.tgz. Extracting by manifest.
2966 silly tarball no local data for @typescript-eslint/types@https://registry.npmjs.org/@typescript-eslint/types/-/types-8.70.1.tgz. Extracting by manifest.
2967 silly tarball no local data for ts-api-utils@https://registry.npmjs.org/ts-api-utils/-/ts-api-utils-2.5.0.tgz. Extracting by manifest.
2968 silly tarball no local data for @typescript-eslint/visitor-keys@https://registry.npmjs.org/@typescript-eslint/visitor-keys/-/visitor-keys-8.70.1.tgz. Extracting by manifest.
2969 silly tarball no local data for @typescript-eslint/utils@https://registry.npmjs.org/@typescript-eslint/utils/-/utils-8.70.1.tgz. Extracting by manifest.
2970 silly tarball no local data for @typescript-eslint/type-utils@https://registry.npmjs.org/@typescript-eslint/type-utils/-/type-utils-8.70.1.tgz. Extracting by manifest.
2971 silly tarball no local data for @typescript-eslint/scope-manager@https://registry.npmjs.org/@typescript-eslint/scope-manager/-/scope-manager-8.70.1.tgz. Extracting by manifest.
2972 silly tarball no local data for @typescript-eslint/typescript-estree@https://registry.npmjs.org/@typescript-eslint/typescript-estree/-/typescript-estree-8.70.1.tgz. Extracting by manifest.
2973 silly tarball no local data for @typescript-eslint/parser@https://registry.npmjs.org/@typescript-eslint/parser/-/parser-8.70.1.tgz. Extracting by manifest.
2974 silly tarball no local data for which-builtin-type@https://registry.npmjs.org/which-builtin-type/-/which-builtin-type-1.2.1.tgz. Extracting by manifest.
2975 silly tarball no local data for reflect.getprototypeof@https://registry.npmjs.org/reflect.getprototypeof/-/reflect.getprototypeof-1.0.10.tgz. Extracting by manifest.
2976 silly tarball no local data for @typescript-eslint/eslint-plugin@https://registry.npmjs.org/@typescript-eslint/eslint-plugin/-/eslint-plugin-8.70.1.tgz. Extracting by manifest.
2977 silly tarball no local data for for-each@https://registry.npmjs.org/for-each/-/for-each-0.3.5.tgz. Extracting by manifest.
2978 silly tarball no local data for strip-bom@https://registry.npmjs.org/strip-bom/-/strip-bom-3.0.0.tgz. Extracting by manifest.
2979 silly tarball no local data for minimist@https://registry.npmjs.org/minimist/-/minimist-1.2.8.tgz. Extracting by manifest.
2980 silly tarball no local data for @types/json5@https://registry.npmjs.org/@types/json5/-/json5-0.0.29.tgz. Extracting by manifest.
2981 silly tarball no local data for has-flag@https://registry.npmjs.org/has-flag/-/has-flag-4.0.0.tgz. Extracting by manifest.
2982 silly tarball no local data for is-number@https://registry.npmjs.org/is-number/-/is-number-7.0.0.tgz. Extracting by manifest.
2983 silly tarball no local data for client-only@https://registry.npmjs.org/client-only/-/client-only-0.0.1.tgz. Extracting by manifest.
2984 silly tarball no local data for side-channel-weakmap@https://registry.npmjs.org/side-channel-weakmap/-/side-channel-weakmap-1.0.2.tgz. Extracting by manifest.
2985 silly tarball no local data for side-channel-map@https://registry.npmjs.org/side-channel-map/-/side-channel-map-1.0.1.tgz. Extracting by manifest.
2986 silly tarball no local data for side-channel-list@https://registry.npmjs.org/side-channel-list/-/side-channel-list-1.0.1.tgz. Extracting by manifest.
2987 silly tarball no local data for @img/sharp-libvips-darwin-arm64@https://registry.npmjs.org/@img/sharp-libvips-darwin-arm64/-/sharp-libvips-darwin-arm64-1.3.3.tgz. Extracting by manifest.
2988 silly tarball no local data for shebang-regex@https://registry.npmjs.org/shebang-regex/-/shebang-regex-3.0.0.tgz. Extracting by manifest.
2989 silly tarball no local data for @img/sharp-darwin-arm64@https://registry.npmjs.org/@img/sharp-darwin-arm64/-/sharp-darwin-arm64-0.35.4.tgz. Extracting by manifest.
2990 silly tarball no local data for @img/colour@https://registry.npmjs.org/@img/colour/-/colour-1.1.0.tgz. Extracting by manifest.
2991 silly tarball no local data for isarray@https://registry.npmjs.org/isarray/-/isarray-2.0.5.tgz. Extracting by manifest.
2992 silly tarball no local data for queue-microtask@https://registry.npmjs.org/queue-microtask/-/queue-microtask-1.2.3.tgz. Extracting by manifest.
2993 silly tarball no local data for supports-preserve-symlinks-flag@https://registry.npmjs.org/supports-preserve-symlinks-flag/-/supports-preserve-symlinks-flag-1.0.0.tgz. Extracting by manifest.
2994 silly tarball no local data for node-exports-info@https://registry.npmjs.org/node-exports-info/-/node-exports-info-1.6.2.tgz. Extracting by manifest.
2995 silly tarball no local data for scheduler@https://registry.npmjs.org/scheduler/-/scheduler-0.27.0.tgz. Extracting by manifest.
2996 silly tarball no local data for react-is@https://registry.npmjs.org/react-is/-/react-is-16.13.1.tgz. Extracting by manifest.
2997 silly tarball no local data for path-parse@https://registry.npmjs.org/path-parse/-/path-parse-1.0.7.tgz. Extracting by manifest.
2998 silly tarball no local data for object-assign@https://registry.npmjs.org/object-assign/-/object-assign-4.1.1.tgz. Extracting by manifest.
2999 silly tarball no local data for loose-envify@https://registry.npmjs.org/loose-envify/-/loose-envify-1.4.0.tgz. Extracting by manifest.
3000 silly tarball no local data for nanoid@https://registry.npmjs.org/nanoid/-/nanoid-3.3.19.tgz. Extracting by manifest.
3001 silly tarball no local data for yocto-queue@https://registry.npmjs.org/yocto-queue/-/yocto-queue-0.1.0.tgz. Extracting by manifest.
3002 silly tarball no local data for p-limit@https://registry.npmjs.org/p-limit/-/p-limit-3.1.0.tgz. Extracting by manifest.
3003 silly tarball no local data for word-wrap@https://registry.npmjs.org/word-wrap/-/word-wrap-1.2.5.tgz. Extracting by manifest.
3004 silly tarball no local data for callsites@https://registry.npmjs.org/callsites/-/callsites-3.1.0.tgz. Extracting by manifest.
3005 silly tarball no local data for fast-levenshtein@https://registry.npmjs.org/fast-levenshtein/-/fast-levenshtein-2.0.6.tgz. Extracting by manifest.
3006 silly tarball no local data for deep-is@https://registry.npmjs.org/deep-is/-/deep-is-0.1.4.tgz. Extracting by manifest.
3007 silly tarball no local data for styled-jsx@https://registry.npmjs.org/styled-jsx/-/styled-jsx-5.1.6.tgz. Extracting by manifest.
3008 silly tarball no local data for tslib@https://registry.npmjs.org/tslib/-/tslib-2.8.1.tgz. Extracting by manifest.
3009 silly tarball no local data for @swc/helpers@https://registry.npmjs.org/@swc/helpers/-/helpers-0.5.23.tgz. Extracting by manifest.
3010 silly tarball no local data for @next/env@https://registry.npmjs.org/@next/env/-/env-16.3.6.tgz. Extracting by manifest.
3011 silly tarball no local data for @next/swc-darwin-arm64@https://registry.npmjs.org/@next/swc-darwin-arm64/-/swc-darwin-arm64-16.3.6.tgz. Extracting by manifest.
3012 silly tarball no local data for concat-map@https://registry.npmjs.org/concat-map/-/concat-map-0.0.1.tgz. Extracting by manifest.
3013 silly tarball no local data for brace-expansion@https://registry.npmjs.org/brace-expansion/-/brace-expansion-1.1.21.tgz. Extracting by manifest.
3014 silly tarball no local data for sharp@https://registry.npmjs.org/sharp/-/sharp-0.35.4.tgz. Extracting by manifest.
3015 silly tarball no local data for balanced-match@https://registry.npmjs.org/balanced-match/-/balanced-match-1.0.2.tgz. Extracting by manifest.
3016 silly tarball no local data for to-regex-range@https://registry.npmjs.org/to-regex-range/-/to-regex-range-5.0.1.tgz. Extracting by manifest.
3017 silly tarball no local data for fill-range@https://registry.npmjs.org/fill-range/-/fill-range-7.1.1.tgz. Extracting by manifest.
3018 silly tarball no local data for picomatch@https://registry.npmjs.org/picomatch/-/picomatch-2.3.2.tgz. Extracting by manifest.
3019 silly tarball no local data for braces@https://registry.npmjs.org/braces/-/braces-3.0.3.tgz. Extracting by manifest.
3020 silly tarball no local data for yallist@https://registry.npmjs.org/yallist/-/yallist-3.1.1.tgz. Extracting by manifest.
3021 silly tarball no local data for p-locate@https://registry.npmjs.org/p-locate/-/p-locate-5.0.0.tgz. Extracting by manifest.
3022 silly tarball no local data for lightningcss-darwin-arm64@https://registry.npmjs.org/lightningcss-darwin-arm64/-/lightningcss-darwin-arm64-1.32.0.tgz. Extracting by manifest.
3023 silly tarball no local data for type-check@https://registry.npmjs.org/type-check/-/type-check-0.4.0.tgz. Extracting by manifest.
3024 silly tarball no local data for prelude-ls@https://registry.npmjs.org/prelude-ls/-/prelude-ls-1.2.1.tgz. Extracting by manifest.
3025 silly tarball no local data for detect-libc@https://registry.npmjs.org/detect-libc/-/detect-libc-2.1.2.tgz. Extracting by manifest.
3026 silly tarball no local data for language-subtag-registry@https://registry.npmjs.org/language-subtag-registry/-/language-subtag-registry-0.3.23.tgz. Extracting by manifest.
3027 silly tarball no local data for json-buffer@https://registry.npmjs.org/json-buffer/-/json-buffer-3.0.1.tgz. Extracting by manifest.
3028 silly tarball no local data for argparse@https://registry.npmjs.org/argparse/-/argparse-2.0.1.tgz. Extracting by manifest.
3029 silly tarball no local data for is-extglob@https://registry.npmjs.org/is-extglob/-/is-extglob-2.1.1.tgz. Extracting by manifest.
3030 silly tarball no local data for side-channel@https://registry.npmjs.org/side-channel/-/side-channel-1.1.1.tgz. Extracting by manifest.
3031 silly tarball no local data for set-function-name@https://registry.npmjs.org/set-function-name/-/set-function-name-2.0.2.tgz. Extracting by manifest.
3032 silly tarball no local data for resolve-from@https://registry.npmjs.org/resolve-from/-/resolve-from-4.0.0.tgz. Extracting by manifest.
3033 silly tarball no local data for hermes-estree@https://registry.npmjs.org/hermes-estree/-/hermes-estree-0.25.1.tgz. Extracting by manifest.
3034 silly tarball no local data for resolve-pkg-maps@https://registry.npmjs.org/resolve-pkg-maps/-/resolve-pkg-maps-1.0.0.tgz. Extracting by manifest.
3035 silly tarball no local data for dunder-proto@https://registry.npmjs.org/dunder-proto/-/dunder-proto-1.0.1.tgz. Extracting by manifest.
3036 silly tarball no local data for parent-module@https://registry.npmjs.org/parent-module/-/parent-module-1.0.1.tgz. Extracting by manifest.
3037 silly tarball no local data for functions-have-names@https://registry.npmjs.org/functions-have-names/-/functions-have-names-1.2.3.tgz. Extracting by manifest.
3038 silly tarball no local data for keyv@https://registry.npmjs.org/keyv/-/keyv-4.5.4.tgz. Extracting by manifest.
3039 silly tarball no local data for flatted@https://registry.npmjs.org/flatted/-/flatted-3.4.4.tgz. Extracting by manifest.
3040 silly tarball no local data for is-document.all@https://registry.npmjs.org/is-document.all/-/is-document.all-1.0.0.tgz. Extracting by manifest.
3041 silly tarball no local data for path-exists@https://registry.npmjs.org/path-exists/-/path-exists-4.0.0.tgz. Extracting by manifest.
3042 silly tarball no local data for locate-path@https://registry.npmjs.org/locate-path/-/locate-path-6.0.0.tgz. Extracting by manifest.
3043 silly tarball no local data for reusify@https://registry.npmjs.org/reusify/-/reusify-1.1.0.tgz. Extracting by manifest.
3044 silly tarball no local data for run-parallel@https://registry.npmjs.org/run-parallel/-/run-parallel-1.2.0.tgz. Extracting by manifest.
3045 silly tarball no local data for flat-cache@https://registry.npmjs.org/flat-cache/-/flat-cache-4.0.1.tgz. Extracting by manifest.
3046 silly tarball no local data for fastq@https://registry.npmjs.org/fastq/-/fastq-1.20.3.tgz. Extracting by manifest.
3047 silly tarball no local data for @nodelib/fs.scandir@https://registry.npmjs.org/@nodelib/fs.scandir/-/fs.scandir-2.1.5.tgz. Extracting by manifest.
3048 silly tarball no local data for micromatch@https://registry.npmjs.org/micromatch/-/micromatch-4.0.8.tgz. Extracting by manifest.
3049 silly tarball no local data for @nodelib/fs.walk@https://registry.npmjs.org/@nodelib/fs.walk/-/fs.walk-1.2.8.tgz. Extracting by manifest.
3050 silly tarball no local data for @nodelib/fs.stat@https://registry.npmjs.org/@nodelib/fs.stat/-/fs.stat-2.0.5.tgz. Extracting by manifest.
3051 silly tarball no local data for merge2@https://registry.npmjs.org/merge2/-/merge2-1.4.1.tgz. Extracting by manifest.
3052 silly tarball no local data for acorn-jsx@https://registry.npmjs.org/acorn-jsx/-/acorn-jsx-5.3.2.tgz. Extracting by manifest.
3053 silly tarball no local data for acorn@https://registry.npmjs.org/acorn/-/acorn-8.18.0.tgz. Extracting by manifest.
3054 silly tarball no local data for update-browserslist-db@https://registry.npmjs.org/update-browserslist-db/-/update-browserslist-db-1.3.3.tgz. Extracting by manifest.
3055 silly tarball no local data for node-releases@https://registry.npmjs.org/node-releases/-/node-releases-2.0.57.tgz. Extracting by manifest.
3056 silly tarball no local data for esrecurse@https://registry.npmjs.org/esrecurse/-/esrecurse-4.3.0.tgz. Extracting by manifest.
3057 silly tarball no local data for electron-to-chromium@https://registry.npmjs.org/electron-to-chromium/-/electron-to-chromium-1.5.439.tgz. Extracting by manifest.
3058 silly tarball no local data for caniuse-lite@https://registry.npmjs.org/caniuse-lite/-/caniuse-lite-1.0.30001812.tgz. Extracting by manifest.
3059 silly tarball no local data for baseline-browser-mapping@https://registry.npmjs.org/baseline-browser-mapping/-/baseline-browser-mapping-2.11.26.tgz. Extracting by manifest.
3060 silly tarball no local data for @babel/helper-globals@https://registry.npmjs.org/@babel/helper-globals/-/helper-globals-7.29.7.tgz. Extracting by manifest.
3061 silly tarball no local data for @babel/helper-string-parser@https://registry.npmjs.org/@babel/helper-string-parser/-/helper-string-parser-7.29.7.tgz. Extracting by manifest.
3062 silly tarball no local data for @babel/helper-module-imports@https://registry.npmjs.org/@babel/helper-module-imports/-/helper-module-imports-7.29.7.tgz. Extracting by manifest.
3063 silly tarball no local data for lru-cache@https://registry.npmjs.org/lru-cache/-/lru-cache-5.1.1.tgz. Extracting by manifest.
3064 silly tarball no local data for browserslist@https://registry.npmjs.org/browserslist/-/browserslist-4.29.1.tgz. Extracting by manifest.
3065 silly tarball no local data for @babel/helper-validator-option@https://registry.npmjs.org/@babel/helper-validator-option/-/helper-validator-option-7.29.7.tgz. Extracting by manifest.
3066 silly tarball no local data for jsesc@https://registry.npmjs.org/jsesc/-/jsesc-3.1.0.tgz. Extracting by manifest.
3067 silly tarball no local data for picocolors@https://registry.npmjs.org/picocolors/-/picocolors-1.1.1.tgz. Extracting by manifest.
3068 silly tarball no local data for @babel/compat-data@https://registry.npmjs.org/@babel/compat-data/-/compat-data-7.29.7.tgz. Extracting by manifest.
3069 silly tarball no local data for js-tokens@https://registry.npmjs.org/js-tokens/-/js-tokens-4.0.0.tgz. Extracting by manifest.
3070 silly tarball no local data for @babel/helper-validator-identifier@https://registry.npmjs.org/@babel/helper-validator-identifier/-/helper-validator-identifier-7.29.7.tgz. Extracting by manifest.
3071 silly tarball no local data for gensync@https://registry.npmjs.org/gensync/-/gensync-1.0.0-beta.2.tgz. Extracting by manifest.
3072 silly tarball no local data for convert-source-map@https://registry.npmjs.org/convert-source-map/-/convert-source-map-2.0.0.tgz. Extracting by manifest.
3073 silly tarball no local data for json5@https://registry.npmjs.org/json5/-/json5-2.2.3.tgz. Extracting by manifest.
3074 silly tarball no local data for @babel/traverse@https://registry.npmjs.org/@babel/traverse/-/traverse-7.29.8.tgz. Extracting by manifest.
3075 silly tarball no local data for @babel/types@https://registry.npmjs.org/@babel/types/-/types-7.29.8.tgz. Extracting by manifest.
3076 silly tarball no local data for @babel/template@https://registry.npmjs.org/@babel/template/-/template-7.29.7.tgz. Extracting by manifest.
3077 silly tarball no local data for @babel/helpers@https://registry.npmjs.org/@babel/helpers/-/helpers-7.29.7.tgz. Extracting by manifest.
3078 silly tarball no local data for @babel/helper-module-transforms@https://registry.npmjs.org/@babel/helper-module-transforms/-/helper-module-transforms-7.29.7.tgz. Extracting by manifest.
3079 silly tarball no local data for @babel/helper-compilation-targets@https://registry.npmjs.org/@babel/helper-compilation-targets/-/helper-compilation-targets-7.29.7.tgz. Extracting by manifest.
3080 silly tarball no local data for @babel/code-frame@https://registry.npmjs.org/@babel/code-frame/-/code-frame-7.29.7.tgz. Extracting by manifest.
3081 silly tarball no local data for zod-validation-error@https://registry.npmjs.org/zod-validation-error/-/zod-validation-error-4.0.2.tgz. Extracting by manifest.
3082 silly tarball no local data for @babel/generator@https://registry.npmjs.org/@babel/generator/-/generator-7.29.8.tgz. Extracting by manifest.
3083 silly tarball no local data for hermes-parser@https://registry.npmjs.org/hermes-parser/-/hermes-parser-0.25.1.tgz. Extracting by manifest.
3084 silly tarball no local data for @babel/parser@https://registry.npmjs.org/@babel/parser/-/parser-7.29.9.tgz. Extracting by manifest.
3085 silly tarball no local data for zod@https://registry.npmjs.org/zod/-/zod-4.6.5.tgz. Extracting by manifest.
3086 silly tarball no local data for @babel/core@https://registry.npmjs.org/@babel/core/-/core-7.29.7.tgz. Extracting by manifest.
3087 silly tarball no local data for string.prototype.repeat@https://registry.npmjs.org/string.prototype.repeat/-/string.prototype.repeat-1.0.0.tgz. Extracting by manifest.
3088 silly tarball no local data for prop-types@https://registry.npmjs.org/prop-types/-/prop-types-15.8.1.tgz. Extracting by manifest.
3089 silly tarball no local data for string.prototype.matchall@https://registry.npmjs.org/string.prototype.matchall/-/string.prototype.matchall-4.1.0.tgz. Extracting by manifest.
3090 silly tarball no local data for iterator.prototype@https://registry.npmjs.org/iterator.prototype/-/iterator.prototype-1.1.5.tgz. Extracting by manifest.
3091 silly tarball no local data for estraverse@https://registry.npmjs.org/estraverse/-/estraverse-5.3.0.tgz. Extracting by manifest.
3092 silly tarball no local data for object.entries@https://registry.npmjs.org/object.entries/-/object.entries-1.1.9.tgz. Extracting by manifest.
3093 silly tarball no local data for array.prototype.tosorted@https://registry.npmjs.org/array.prototype.tosorted/-/array.prototype.tosorted-1.1.4.tgz. Extracting by manifest.
3094 silly tarball no local data for string.prototype.includes@https://registry.npmjs.org/string.prototype.includes/-/string.prototype.includes-2.0.1.tgz. Extracting by manifest.
3095 silly tarball no local data for array.prototype.findlast@https://registry.npmjs.org/array.prototype.findlast/-/array.prototype.findlast-1.2.5.tgz. Extracting by manifest.
3096 silly tarball no local data for es-iterator-helpers@https://registry.npmjs.org/es-iterator-helpers/-/es-iterator-helpers-1.4.0.tgz. Extracting by manifest.
3097 silly tarball no local data for jsx-ast-utils@https://registry.npmjs.org/jsx-ast-utils/-/jsx-ast-utils-3.3.5.tgz. Extracting by manifest.
3098 silly tarball no local data for language-tags@https://registry.npmjs.org/language-tags/-/language-tags-1.0.9.tgz. Extracting by manifest.
3099 silly tarball no local data for damerau-levenshtein@https://registry.npmjs.org/damerau-levenshtein/-/damerau-levenshtein-1.0.8.tgz. Extracting by manifest.
3100 silly tarball no local data for axobject-query@https://registry.npmjs.org/axobject-query/-/axobject-query-4.1.0.tgz. Extracting by manifest.
3101 silly tarball no local data for axe-core@https://registry.npmjs.org/axe-core/-/axe-core-4.13.0.tgz. Extracting by manifest.
3102 silly tarball no local data for emoji-regex@https://registry.npmjs.org/emoji-regex/-/emoji-regex-9.2.2.tgz. Extracting by manifest.
3103 silly tarball no local data for ast-types-flow@https://registry.npmjs.org/ast-types-flow/-/ast-types-flow-0.0.8.tgz. Extracting by manifest.
3104 silly tarball no local data for aria-query@https://registry.npmjs.org/aria-query/-/aria-query-5.3.2.tgz. Extracting by manifest.
3105 silly tarball no local data for is-symbol@https://registry.npmjs.org/is-symbol/-/is-symbol-1.1.1.tgz. Extracting by manifest.
3106 silly tarball no local data for is-date-object@https://registry.npmjs.org/is-date-object/-/is-date-object-1.1.0.tgz. Extracting by manifest.
3107 silly tarball no local data for es-abstract-get@https://registry.npmjs.org/es-abstract-get/-/es-abstract-get-1.0.0.tgz. Extracting by manifest.
3108 silly tarball no local data for has-tostringtag@https://registry.npmjs.org/has-tostringtag/-/has-tostringtag-1.0.2.tgz. Extracting by manifest.
3109 silly tarball no local data for possible-typed-array-names@https://registry.npmjs.org/possible-typed-array-names/-/possible-typed-array-names-1.1.0.tgz. Extracting by manifest.
3110 silly tarball no local data for unbox-primitive@https://registry.npmjs.org/unbox-primitive/-/unbox-primitive-1.1.0.tgz. Extracting by manifest.
3111 silly tarball no local data for which-typed-array@https://registry.npmjs.org/which-typed-array/-/which-typed-array-1.1.24.tgz. Extracting by manifest.
3112 silly tarball no local data for typed-array-length@https://registry.npmjs.org/typed-array-length/-/typed-array-length-1.0.8.tgz. Extracting by manifest.
3113 silly tarball no local data for typed-array-byte-offset@https://registry.npmjs.org/typed-array-byte-offset/-/typed-array-byte-offset-1.0.5.tgz. Extracting by manifest.
3114 silly tarball no local data for typed-array-byte-length@https://registry.npmjs.org/typed-array-byte-length/-/typed-array-byte-length-1.0.3.tgz. Extracting by manifest.
3115 silly tarball no local data for typed-array-buffer@https://registry.npmjs.org/typed-array-buffer/-/typed-array-buffer-1.0.3.tgz. Extracting by manifest.
3116 silly tarball no local data for string.prototype.trimstart@https://registry.npmjs.org/string.prototype.trimstart/-/string.prototype.trimstart-1.0.8.tgz. Extracting by manifest.
3117 silly tarball no local data for string.prototype.trim@https://registry.npmjs.org/string.prototype.trim/-/string.prototype.trim-1.2.11.tgz. Extracting by manifest.
3118 silly tarball no local data for stop-iteration-iterator@https://registry.npmjs.org/stop-iteration-iterator/-/stop-iteration-iterator-1.1.0.tgz. Extracting by manifest.
3119 silly tarball no local data for set-proto@https://registry.npmjs.org/set-proto/-/set-proto-1.0.0.tgz. Extracting by manifest.
3120 silly tarball no local data for safe-regex-test@https://registry.npmjs.org/safe-regex-test/-/safe-regex-test-1.1.0.tgz. Extracting by manifest.
3121 silly tarball no local data for safe-push-apply@https://registry.npmjs.org/safe-push-apply/-/safe-push-apply-1.0.0.tgz. Extracting by manifest.
3122 silly tarball no local data for safe-array-concat@https://registry.npmjs.org/safe-array-concat/-/safe-array-concat-1.1.4.tgz. Extracting by manifest.
3123 silly tarball no local data for regexp.prototype.flags@https://registry.npmjs.org/regexp.prototype.flags/-/regexp.prototype.flags-1.5.4.tgz. Extracting by manifest.
3124 silly tarball no local data for own-keys@https://registry.npmjs.org/own-keys/-/own-keys-1.0.2.tgz. Extracting by manifest.
3125 silly tarball no local data for object.assign@https://registry.npmjs.org/object.assign/-/object.assign-4.1.7.tgz. Extracting by manifest.
3126 silly tarball no local data for object-inspect@https://registry.npmjs.org/object-inspect/-/object-inspect-1.13.4.tgz. Extracting by manifest.
3127 silly tarball no local data for is-weakref@https://registry.npmjs.org/is-weakref/-/is-weakref-1.1.1.tgz. Extracting by manifest.
3128 silly tarball no local data for is-typed-array@https://registry.npmjs.org/is-typed-array/-/is-typed-array-1.1.15.tgz. Extracting by manifest.
3129 silly tarball no local data for is-shared-array-buffer@https://registry.npmjs.org/is-shared-array-buffer/-/is-shared-array-buffer-1.0.4.tgz. Extracting by manifest.
3130 silly tarball no local data for is-set@https://registry.npmjs.org/is-set/-/is-set-2.0.3.tgz. Extracting by manifest.
3131 silly tarball no local data for is-regex@https://registry.npmjs.org/is-regex/-/is-regex-1.2.1.tgz. Extracting by manifest.
3132 silly tarball no local data for is-negative-zero@https://registry.npmjs.org/is-negative-zero/-/is-negative-zero-2.0.3.tgz. Extracting by manifest.
3133 silly tarball no local data for is-data-view@https://registry.npmjs.org/is-data-view/-/is-data-view-1.0.2.tgz. Extracting by manifest.
3134 silly tarball no local data for is-callable@https://registry.npmjs.org/is-callable/-/is-callable-1.2.7.tgz. Extracting by manifest.
3135 silly tarball no local data for is-array-buffer@https://registry.npmjs.org/is-array-buffer/-/is-array-buffer-3.0.5.tgz. Extracting by manifest.
3136 silly tarball no local data for internal-slot@https://registry.npmjs.org/internal-slot/-/internal-slot-1.1.0.tgz. Extracting by manifest.
3137 silly tarball no local data for has-proto@https://registry.npmjs.org/has-proto/-/has-proto-1.2.0.tgz. Extracting by manifest.
3138 silly tarball no local data for globalthis@https://registry.npmjs.org/globalthis/-/globalthis-1.0.4.tgz. Extracting by manifest.
3139 silly tarball no local data for get-symbol-description@https://registry.npmjs.org/get-symbol-description/-/get-symbol-description-1.1.0.tgz. Extracting by manifest.
3140 silly tarball no local data for has-symbols@https://registry.npmjs.org/has-symbols/-/has-symbols-1.1.0.tgz. Extracting by manifest.
3141 silly tarball no local data for get-proto@https://registry.npmjs.org/get-proto/-/get-proto-1.0.1.tgz. Extracting by manifest.
3142 silly tarball no local data for function.prototype.name@https://registry.npmjs.org/function.prototype.name/-/function.prototype.name-1.2.0.tgz. Extracting by manifest.
3143 silly tarball no local data for es-to-primitive@https://registry.npmjs.org/es-to-primitive/-/es-to-primitive-1.3.4.tgz. Extracting by manifest.
3144 silly tarball no local data for es-set-tostringtag@https://registry.npmjs.org/es-set-tostringtag/-/es-set-tostringtag-2.1.0.tgz. Extracting by manifest.
3145 silly tarball no local data for data-view-byte-offset@https://registry.npmjs.org/data-view-byte-offset/-/data-view-byte-offset-1.0.1.tgz. Extracting by manifest.
3146 silly tarball no local data for data-view-byte-length@https://registry.npmjs.org/data-view-byte-length/-/data-view-byte-length-1.0.2.tgz. Extracting by manifest.
3147 silly tarball no local data for data-view-buffer@https://registry.npmjs.org/data-view-buffer/-/data-view-buffer-1.0.2.tgz. Extracting by manifest.
3148 silly tarball no local data for available-typed-arrays@https://registry.npmjs.org/available-typed-arrays/-/available-typed-arrays-1.0.7.tgz. Extracting by manifest.
3149 silly tarball no local data for arraybuffer.prototype.slice@https://registry.npmjs.org/arraybuffer.prototype.slice/-/arraybuffer.prototype.slice-1.0.4.tgz. Extracting by manifest.
3150 silly tarball no local data for array-buffer-byte-length@https://registry.npmjs.org/array-buffer-byte-length/-/array-buffer-byte-length-1.0.2.tgz. Extracting by manifest.
3151 silly tarball no local data for gopd@https://registry.npmjs.org/gopd/-/gopd-1.2.0.tgz. Extracting by manifest.
3152 silly tarball no local data for object-keys@https://registry.npmjs.org/object-keys/-/object-keys-1.1.1.tgz. Extracting by manifest.
3153 silly tarball no local data for has-property-descriptors@https://registry.npmjs.org/has-property-descriptors/-/has-property-descriptors-1.0.2.tgz. Extracting by manifest.
3154 silly tarball no local data for define-data-property@https://registry.npmjs.org/define-data-property/-/define-data-property-1.1.4.tgz. Extracting by manifest.
3155 silly tarball no local data for function-bind@https://registry.npmjs.org/function-bind/-/function-bind-1.1.2.tgz. Extracting by manifest.
3156 silly tarball no local data for set-function-length@https://registry.npmjs.org/set-function-length/-/set-function-length-1.2.2.tgz. Extracting by manifest.
3157 silly tarball no local data for get-intrinsic@https://registry.npmjs.org/get-intrinsic/-/get-intrinsic-1.3.0.tgz. Extracting by manifest.
3158 silly tarball no local data for es-define-property@https://registry.npmjs.org/es-define-property/-/es-define-property-1.0.1.tgz. Extracting by manifest.
3159 silly tarball no local data for call-bind-apply-helpers@https://registry.npmjs.org/call-bind-apply-helpers/-/call-bind-apply-helpers-1.0.2.tgz. Extracting by manifest.
3160 silly tarball no local data for es-errors@https://registry.npmjs.org/es-errors/-/es-errors-1.3.0.tgz. Extracting by manifest.
3161 silly tarball no local data for math-intrinsics@https://registry.npmjs.org/math-intrinsics/-/math-intrinsics-1.1.0.tgz. Extracting by manifest.
3162 silly tarball no local data for is-string@https://registry.npmjs.org/is-string/-/is-string-1.1.1.tgz. Extracting by manifest.
3163 silly tarball no local data for es-shim-unscopables@https://registry.npmjs.org/es-shim-unscopables/-/es-shim-unscopables-1.1.0.tgz. Extracting by manifest.
3164 silly tarball no local data for es-object-atoms@https://registry.npmjs.org/es-object-atoms/-/es-object-atoms-1.1.2.tgz. Extracting by manifest.
3165 silly tarball no local data for es-abstract@https://registry.npmjs.org/es-abstract/-/es-abstract-1.24.2.tgz. Extracting by manifest.
3166 silly tarball no local data for define-properties@https://registry.npmjs.org/define-properties/-/define-properties-1.2.1.tgz. Extracting by manifest.
3167 silly tarball no local data for call-bound@https://registry.npmjs.org/call-bound/-/call-bound-1.0.4.tgz. Extracting by manifest.
3168 silly tarball no local data for call-bind@https://registry.npmjs.org/call-bind/-/call-bind-1.0.9.tgz. Extracting by manifest.
3169 silly tarball no local data for tsconfig-paths@https://registry.npmjs.org/tsconfig-paths/-/tsconfig-paths-3.15.0.tgz. Extracting by manifest.
3170 silly tarball no local data for string.prototype.trimend@https://registry.npmjs.org/string.prototype.trimend/-/string.prototype.trimend-1.0.10.tgz. Extracting by manifest.
3171 silly tarball no local data for semver@https://registry.npmjs.org/semver/-/semver-6.3.1.tgz. Extracting by manifest.
3172 silly tarball no local data for object.values@https://registry.npmjs.org/object.values/-/object.values-1.2.1.tgz. Extracting by manifest.
3173 silly tarball no local data for object.groupby@https://registry.npmjs.org/object.groupby/-/object.groupby-1.0.3.tgz. Extracting by manifest.
3174 silly tarball no local data for object.fromentries@https://registry.npmjs.org/object.fromentries/-/object.fromentries-2.0.8.tgz. Extracting by manifest.
3175 silly tarball no local data for hasown@https://registry.npmjs.org/hasown/-/hasown-2.0.4.tgz. Extracting by manifest.
3176 silly tarball no local data for eslint-module-utils@https://registry.npmjs.org/eslint-module-utils/-/eslint-module-utils-2.14.0.tgz. Extracting by manifest.
3177 silly tarball no local data for doctrine@https://registry.npmjs.org/doctrine/-/doctrine-2.1.0.tgz. Extracting by manifest.
3178 silly tarball no local data for array.prototype.flatmap@https://registry.npmjs.org/array.prototype.flatmap/-/array.prototype.flatmap-1.3.3.tgz. Extracting by manifest.
3179 silly tarball no local data for array.prototype.flat@https://registry.npmjs.org/array.prototype.flat/-/array.prototype.flat-1.3.3.tgz. Extracting by manifest.
3180 silly tarball no local data for array.prototype.findlastindex@https://registry.npmjs.org/array.prototype.findlastindex/-/array.prototype.findlastindex-1.2.6.tgz. Extracting by manifest.
3181 silly tarball no local data for @rtsao/scc@https://registry.npmjs.org/@rtsao/scc/-/scc-1.1.0.tgz. Extracting by manifest.
3182 silly tarball no local data for unrs-resolver@https://registry.npmjs.org/unrs-resolver/-/unrs-resolver-1.12.2.tgz. Extracting by manifest.
3183 silly tarball no local data for array-includes@https://registry.npmjs.org/array-includes/-/array-includes-3.2.0.tgz. Extracting by manifest.
3184 silly tarball no local data for tinyglobby@https://registry.npmjs.org/tinyglobby/-/tinyglobby-0.2.17.tgz. Extracting by manifest.
3185 silly tarball no local data for is-bun-module@https://registry.npmjs.org/is-bun-module/-/is-bun-module-2.0.0.tgz. Extracting by manifest.
3186 silly tarball no local data for get-tsconfig@https://registry.npmjs.org/get-tsconfig/-/get-tsconfig-4.14.3.tgz. Extracting by manifest.
3187 silly tarball no local data for @nolyfill/is-core-module@https://registry.npmjs.org/@nolyfill/is-core-module/-/is-core-module-1.0.39.tgz. Extracting by manifest.
3188 silly tarball no local data for is-core-module@https://registry.npmjs.org/is-core-module/-/is-core-module-2.17.0.tgz. Extracting by manifest.
3189 silly tarball no local data for stable-hash@https://registry.npmjs.org/stable-hash/-/stable-hash-0.0.5.tgz. Extracting by manifest.
3190 silly tarball no local data for resolve@https://registry.npmjs.org/resolve/-/resolve-2.0.0-next.7.tgz. Extracting by manifest.
3191 silly tarball no local data for fast-glob@https://registry.npmjs.org/fast-glob/-/fast-glob-3.3.1.tgz. Extracting by manifest.
3192 silly tarball no local data for typescript-eslint@https://registry.npmjs.org/typescript-eslint/-/typescript-eslint-8.70.1.tgz. Extracting by manifest.
3193 silly tarball no local data for eslint-plugin-react-hooks@https://registry.npmjs.org/eslint-plugin-react-hooks/-/eslint-plugin-react-hooks-7.1.1.tgz. Extracting by manifest.
3194 silly tarball no local data for eslint-plugin-react@https://registry.npmjs.org/eslint-plugin-react/-/eslint-plugin-react-7.37.5.tgz. Extracting by manifest.
3195 silly tarball no local data for eslint-plugin-import@https://registry.npmjs.org/eslint-plugin-import/-/eslint-plugin-import-2.32.0.tgz. Extracting by manifest.
3196 silly tarball no local data for eslint-plugin-jsx-a11y@https://registry.npmjs.org/eslint-plugin-jsx-a11y/-/eslint-plugin-jsx-a11y-6.10.2.tgz. Extracting by manifest.
3197 silly tarball no local data for eslint-import-resolver-typescript@https://registry.npmjs.org/eslint-import-resolver-typescript/-/eslint-import-resolver-typescript-3.10.1.tgz. Extracting by manifest.
3198 silly tarball no local data for eslint-import-resolver-node@https://registry.npmjs.org/eslint-import-resolver-node/-/eslint-import-resolver-node-0.3.10.tgz. Extracting by manifest.
3199 silly tarball no local data for @next/eslint-plugin-next@https://registry.npmjs.org/@next/eslint-plugin-next/-/eslint-plugin-next-16.3.6.tgz. Extracting by manifest.
3200 silly tarball no local data for ms@https://registry.npmjs.org/ms/-/ms-2.1.3.tgz. Extracting by manifest.
3201 silly tarball no local data for which@https://registry.npmjs.org/which/-/which-2.0.2.tgz. Extracting by manifest.
3202 silly tarball no local data for shebang-command@https://registry.npmjs.org/shebang-command/-/shebang-command-2.0.0.tgz. Extracting by manifest.
3203 silly tarball no local data for path-key@https://registry.npmjs.org/path-key/-/path-key-3.1.1.tgz. Extracting by manifest.
3204 silly tarball no local data for color-name@https://registry.npmjs.org/color-name/-/color-name-1.1.4.tgz. Extracting by manifest.
3205 silly tarball no local data for color-convert@https://registry.npmjs.org/color-convert/-/color-convert-2.0.1.tgz. Extracting by manifest.
3206 silly tarball no local data for supports-color@https://registry.npmjs.org/supports-color/-/supports-color-7.2.0.tgz. Extracting by manifest.
3207 silly tarball no local data for ansi-styles@https://registry.npmjs.org/ansi-styles/-/ansi-styles-4.3.0.tgz. Extracting by manifest.
3208 silly tarball no local data for uri-js@https://registry.npmjs.org/uri-js/-/uri-js-4.4.1.tgz. Extracting by manifest.
3209 silly tarball no local data for json-schema-traverse@https://registry.npmjs.org/json-schema-traverse/-/json-schema-traverse-0.4.1.tgz. Extracting by manifest.
3210 silly tarball no local data for fast-json-stable-stringify@https://registry.npmjs.org/fast-json-stable-stringify/-/fast-json-stable-stringify-2.1.0.tgz. Extracting by manifest.
3211 silly tarball no local data for @humanfs/core@https://registry.npmjs.org/@humanfs/core/-/core-0.19.2.tgz. Extracting by manifest.
3212 silly tarball no local data for levn@https://registry.npmjs.org/levn/-/levn-0.4.1.tgz. Extracting by manifest.
3213 silly tarball no local data for @humanfs/types@https://registry.npmjs.org/@humanfs/types/-/types-0.15.0.tgz. Extracting by manifest.
3214 silly tarball no local data for js-yaml@https://registry.npmjs.org/js-yaml/-/js-yaml-4.3.2.tgz. Extracting by manifest.
3215 silly tarball no local data for strip-json-comments@https://registry.npmjs.org/strip-json-comments/-/strip-json-comments-3.1.1.tgz. Extracting by manifest.
3216 silly tarball no local data for import-fresh@https://registry.npmjs.org/import-fresh/-/import-fresh-3.3.1.tgz. Extracting by manifest.
3217 silly tarball no local data for globals@https://registry.npmjs.org/globals/-/globals-14.0.0.tgz. Extracting by manifest.
3218 silly tarball no local data for @types/json-schema@https://registry.npmjs.org/@types/json-schema/-/json-schema-7.0.15.tgz. Extracting by manifest.
3219 silly tarball no local data for @eslint/object-schema@https://registry.npmjs.org/@eslint/object-schema/-/object-schema-2.1.7.tgz. Extracting by manifest.
3220 silly tarball no local data for optionator@https://registry.npmjs.org/optionator/-/optionator-0.9.4.tgz. Extracting by manifest.
3221 silly tarball no local data for natural-compare@https://registry.npmjs.org/natural-compare/-/natural-compare-1.4.0.tgz. Extracting by manifest.
3222 silly tarball no local data for minimatch@https://registry.npmjs.org/minimatch/-/minimatch-3.1.5.tgz. Extracting by manifest.
3223 silly tarball no local data for lodash.merge@https://registry.npmjs.org/lodash.merge/-/lodash.merge-4.6.2.tgz. Extracting by manifest.
3224 silly tarball no local data for is-glob@https://registry.npmjs.org/is-glob/-/is-glob-4.0.3.tgz. Extracting by manifest.
3225 silly tarball no local data for json-stable-stringify-without-jsonify@https://registry.npmjs.org/json-stable-stringify-without-jsonify/-/json-stable-stringify-without-jsonify-1.0.1.tgz. Extracting by manifest.
3226 silly tarball no local data for imurmurhash@https://registry.npmjs.org/imurmurhash/-/imurmurhash-0.1.4.tgz. Extracting by manifest.
3227 silly tarball no local data for glob-parent@https://registry.npmjs.org/glob-parent/-/glob-parent-6.0.2.tgz. Extracting by manifest.
3228 silly tarball no local data for find-up@https://registry.npmjs.org/find-up/-/find-up-5.0.0.tgz. Extracting by manifest.
3229 silly tarball no local data for ignore@https://registry.npmjs.org/ignore/-/ignore-5.3.2.tgz. Extracting by manifest.
3230 silly tarball no local data for file-entry-cache@https://registry.npmjs.org/file-entry-cache/-/file-entry-cache-8.0.0.tgz. Extracting by manifest.
3231 silly tarball no local data for fast-deep-equal@https://registry.npmjs.org/fast-deep-equal/-/fast-deep-equal-3.1.3.tgz. Extracting by manifest.
3232 silly tarball no local data for esutils@https://registry.npmjs.org/esutils/-/esutils-2.0.3.tgz. Extracting by manifest.
3233 silly tarball no local data for esquery@https://registry.npmjs.org/esquery/-/esquery-1.7.0.tgz. Extracting by manifest.
3234 silly tarball no local data for espree@https://registry.npmjs.org/espree/-/espree-10.4.0.tgz. Extracting by manifest.
3235 silly tarball no local data for eslint-visitor-keys@https://registry.npmjs.org/eslint-visitor-keys/-/eslint-visitor-keys-4.2.1.tgz. Extracting by manifest.
3236 silly tarball no local data for eslint-scope@https://registry.npmjs.org/eslint-scope/-/eslint-scope-8.4.0.tgz. Extracting by manifest.
3237 silly tarball no local data for escape-string-regexp@https://registry.npmjs.org/escape-string-regexp/-/escape-string-regexp-4.0.0.tgz. Extracting by manifest.
3238 silly tarball no local data for debug@https://registry.npmjs.org/debug/-/debug-4.4.3.tgz. Extracting by manifest.
3239 silly tarball no local data for cross-spawn@https://registry.npmjs.org/cross-spawn/-/cross-spawn-7.0.6.tgz. Extracting by manifest.
3240 silly tarball no local data for ajv@https://registry.npmjs.org/ajv/-/ajv-6.15.0.tgz. Extracting by manifest.
3241 silly tarball no local data for @types/estree@https://registry.npmjs.org/@types/estree/-/estree-1.0.9.tgz. Extracting by manifest.
3242 silly tarball no local data for chalk@https://registry.npmjs.org/chalk/-/chalk-4.1.2.tgz. Extracting by manifest.
3243 silly tarball no local data for @humanwhocodes/retry@https://registry.npmjs.org/@humanwhocodes/retry/-/retry-0.4.3.tgz. Extracting by manifest.
3244 silly tarball no local data for @humanwhocodes/module-importer@https://registry.npmjs.org/@humanwhocodes/module-importer/-/module-importer-1.0.1.tgz. Extracting by manifest.
3245 silly tarball no local data for @humanfs/node@https://registry.npmjs.org/@humanfs/node/-/node-0.16.8.tgz. Extracting by manifest.
3246 silly tarball no local data for @eslint/plugin-kit@https://registry.npmjs.org/@eslint/plugin-kit/-/plugin-kit-0.4.1.tgz. Extracting by manifest.
3247 silly tarball no local data for @eslint/js@https://registry.npmjs.org/@eslint/js/-/js-9.39.5.tgz. Extracting by manifest.
3248 silly tarball no local data for @eslint/eslintrc@https://registry.npmjs.org/@eslint/eslintrc/-/eslintrc-3.3.7.tgz. Extracting by manifest.
3249 silly tarball no local data for @eslint/config-helpers@https://registry.npmjs.org/@eslint/config-helpers/-/config-helpers-0.4.2.tgz. Extracting by manifest.
3250 silly tarball no local data for @eslint/core@https://registry.npmjs.org/@eslint/core/-/core-0.17.0.tgz. Extracting by manifest.
3251 silly tarball no local data for @eslint/config-array@https://registry.npmjs.org/@eslint/config-array/-/config-array-0.21.2.tgz. Extracting by manifest.
3252 silly tarball no local data for @eslint-community/regexpp@https://registry.npmjs.org/@eslint-community/regexpp/-/regexpp-4.12.2.tgz. Extracting by manifest.
3253 silly tarball no local data for tapable@https://registry.npmjs.org/tapable/-/tapable-2.3.3.tgz. Extracting by manifest.
3254 silly tarball no local data for @eslint-community/eslint-utils@https://registry.npmjs.org/@eslint-community/eslint-utils/-/eslint-utils-4.10.1.tgz. Extracting by manifest.
3255 silly tarball no local data for graceful-fs@https://registry.npmjs.org/graceful-fs/-/graceful-fs-4.2.11.tgz. Extracting by manifest.
3256 silly tarball no local data for csstype@https://registry.npmjs.org/csstype/-/csstype-3.2.3.tgz. Extracting by manifest.
3257 silly tarball no local data for undici-types@https://registry.npmjs.org/undici-types/-/undici-types-6.21.0.tgz. Extracting by manifest.
3258 silly tarball no local data for @tailwindcss/oxide-darwin-arm64@https://registry.npmjs.org/@tailwindcss/oxide-darwin-arm64/-/oxide-darwin-arm64-4.3.3.tgz. Extracting by manifest.
3259 silly tarball no local data for @jridgewell/resolve-uri@https://registry.npmjs.org/@jridgewell/resolve-uri/-/resolve-uri-3.1.2.tgz. Extracting by manifest.
3260 silly tarball no local data for @jridgewell/sourcemap-codec@https://registry.npmjs.org/@jridgewell/sourcemap-codec/-/sourcemap-codec-1.6.0.tgz. Extracting by manifest.
3261 silly tarball no local data for @jridgewell/trace-mapping@https://registry.npmjs.org/@jridgewell/trace-mapping/-/trace-mapping-0.3.31.tgz. Extracting by manifest.
3262 silly tarball no local data for @jridgewell/gen-mapping@https://registry.npmjs.org/@jridgewell/gen-mapping/-/gen-mapping-0.3.13.tgz. Extracting by manifest.
3263 silly tarball no local data for source-map-js@https://registry.npmjs.org/source-map-js/-/source-map-js-1.2.1.tgz. Extracting by manifest.
3264 silly tarball no local data for magic-string@https://registry.npmjs.org/magic-string/-/magic-string-0.30.21.tgz. Extracting by manifest.
3265 silly tarball no local data for lightningcss@https://registry.npmjs.org/lightningcss/-/lightningcss-1.32.0.tgz. Extracting by manifest.
3266 silly tarball no local data for jiti@https://registry.npmjs.org/jiti/-/jiti-2.7.0.tgz. Extracting by manifest.
3267 silly tarball no local data for enhanced-resolve@https://registry.npmjs.org/enhanced-resolve/-/enhanced-resolve-5.25.1.tgz. Extracting by manifest.
3268 silly tarball no local data for @jridgewell/remapping@https://registry.npmjs.org/@jridgewell/remapping/-/remapping-2.3.5.tgz. Extracting by manifest.
3269 silly tarball no local data for postcss@https://registry.npmjs.org/postcss/-/postcss-8.5.28.tgz. Extracting by manifest.
3270 silly tarball no local data for @tailwindcss/oxide@https://registry.npmjs.org/@tailwindcss/oxide/-/oxide-4.3.3.tgz. Extracting by manifest.
3271 silly tarball no local data for @tailwindcss/node@https://registry.npmjs.org/@tailwindcss/node/-/node-4.3.3.tgz. Extracting by manifest.
3272 silly tarball no local data for @alloc/quick-lru@https://registry.npmjs.org/@alloc/quick-lru/-/quick-lru-5.3.0.tgz. Extracting by manifest.
3273 silly tarball no local data for typescript@https://registry.npmjs.org/typescript/-/typescript-5.9.3.tgz. Extracting by manifest.
3274 silly tarball no local data for tailwindcss@https://registry.npmjs.org/tailwindcss/-/tailwindcss-4.3.3.tgz. Extracting by manifest.
3275 silly tarball no local data for react-dom@https://registry.npmjs.org/react-dom/-/react-dom-19.2.8.tgz. Extracting by manifest.
3276 silly tarball no local data for react@https://registry.npmjs.org/react/-/react-19.2.8.tgz. Extracting by manifest.
3277 silly tarball no local data for next@https://registry.npmjs.org/next/-/next-16.3.6.tgz. Extracting by manifest.
3278 silly tarball no local data for eslint-config-next@https://registry.npmjs.org/eslint-config-next/-/eslint-config-next-16.3.6.tgz. Extracting by manifest.
3279 silly tarball no local data for eslint@https://registry.npmjs.org/eslint/-/eslint-9.39.5.tgz. Extracting by manifest.
3280 silly tarball no local data for @types/react-dom@https://registry.npmjs.org/@types/react-dom/-/react-dom-19.3.0.tgz. Extracting by manifest.
3281 silly tarball no local data for @types/react@https://registry.npmjs.org/@types/react/-/react-19.3.0.tgz. Extracting by manifest.
3282 silly tarball no local data for @types/node@https://registry.npmjs.org/@types/node/-/node-20.19.43.tgz. Extracting by manifest.
3283 silly tarball no local data for @tailwindcss/postcss@https://registry.npmjs.org/@tailwindcss/postcss/-/postcss-4.3.3.tgz. Extracting by manifest.
3284 silly tarball no local data for brace-expansion@https://registry.npmjs.org/brace-expansion/-/brace-expansion-5.0.12.tgz. Extracting by manifest.
3285 silly tarball no local data for minimatch@https://registry.npmjs.org/minimatch/-/minimatch-10.2.6.tgz. Extracting by manifest.
3286 silly tarball no local data for semver@https://registry.npmjs.org/semver/-/semver-7.8.5.tgz. Extracting by manifest.
3287 silly tarball no local data for balanced-match@https://registry.npmjs.org/balanced-match/-/balanced-match-4.0.4.tgz. Extracting by manifest.
3288 silly tarball no local data for eslint-visitor-keys@https://registry.npmjs.org/eslint-visitor-keys/-/eslint-visitor-keys-5.0.1.tgz. Extracting by manifest.
3289 silly tarball no local data for ignore@https://registry.npmjs.org/ignore/-/ignore-7.0.10.tgz. Extracting by manifest.
3290 silly tarball no local data for semver@https://registry.npmjs.org/semver/-/semver-7.8.5.tgz. Extracting by manifest.
3291 silly tarball no local data for json5@https://registry.npmjs.org/json5/-/json5-1.0.2.tgz. Extracting by manifest.
3292 silly tarball no local data for debug@https://registry.npmjs.org/debug/-/debug-3.2.7.tgz. Extracting by manifest.
3293 silly tarball no local data for picomatch@https://registry.npmjs.org/picomatch/-/picomatch-4.0.7.tgz. Extracting by manifest.
3294 silly tarball no local data for fdir@https://registry.npmjs.org/fdir/-/fdir-6.5.0.tgz. Extracting by manifest.
3295 silly tarball no local data for semver@https://registry.npmjs.org/semver/-/semver-7.8.5.tgz. Extracting by manifest.
3296 silly tarball no local data for glob-parent@https://registry.npmjs.org/glob-parent/-/glob-parent-5.1.2.tgz. Extracting by manifest.
3297 silly tarball no local data for debug@https://registry.npmjs.org/debug/-/debug-3.2.7.tgz. Extracting by manifest.
3298 silly tarball no local data for debug@https://registry.npmjs.org/debug/-/debug-3.2.7.tgz. Extracting by manifest.
3299 silly tarball no local data for eslint-visitor-keys@https://registry.npmjs.org/eslint-visitor-keys/-/eslint-visitor-keys-3.4.3.tgz. Extracting by manifest.
3300 silly tarball no local data for postcss@https://registry.npmjs.org/postcss/-/postcss-8.5.23.tgz. Extracting by manifest.
3301 silly tarball no local data for @eslint-community/eslint-utils@https://registry.npmjs.org/@eslint-community/eslint-utils/-/eslint-utils-4.9.1.tgz. Extracting by manifest.
3302 silly tarball no local data for eslint-visitor-keys@https://registry.npmjs.org/eslint-visitor-keys/-/eslint-visitor-keys-3.4.3.tgz. Extracting by manifest.
3303 silly tarball no local data for globals@https://registry.npmjs.org/globals/-/globals-16.4.0.tgz. Extracting by manifest.
3304 http fetch GET 200 https://registry.npmjs.org/is-async-function/-/is-async-function-2.1.1.tgz 123ms (cache miss)
3305 http fetch GET 200 https://registry.npmjs.org/is-weakmap/-/is-weakmap-2.0.2.tgz 124ms (cache miss)
3306 http fetch GET 200 https://registry.npmjs.org/punycode/-/punycode-2.3.1.tgz 123ms (cache miss)
3307 http fetch GET 200 https://registry.npmjs.org/is-bigint/-/is-bigint-1.1.0.tgz 123ms (cache miss)
3308 http fetch GET 200 https://registry.npmjs.org/is-finalizationregistry/-/is-finalizationregistry-1.1.1.tgz 124ms (cache miss)
3309 http fetch GET 200 https://registry.npmjs.org/is-map/-/is-map-2.0.3.tgz 124ms (cache miss)
3310 http fetch GET 200 https://registry.npmjs.org/is-number-object/-/is-number-object-1.1.1.tgz 123ms (cache miss)
3311 http fetch GET 200 https://registry.npmjs.org/which-collection/-/which-collection-1.0.2.tgz 124ms (cache miss)
3312 http fetch GET 200 https://registry.npmjs.org/is-boolean-object/-/is-boolean-object-1.2.2.tgz 123ms (cache miss)
3313 http fetch GET 200 https://registry.npmjs.org/is-weakset/-/is-weakset-2.0.4.tgz 125ms (cache miss)
3314 http fetch GET 200 https://registry.npmjs.org/escalade/-/escalade-3.2.0.tgz 124ms (cache miss)
3315 http fetch GET 200 https://registry.npmjs.org/async-function/-/async-function-1.0.0.tgz 125ms (cache miss)
3316 http fetch GET 200 https://registry.npmjs.org/generator-function/-/generator-function-2.0.1.tgz 125ms (cache miss)
3317 http fetch GET 200 https://registry.npmjs.org/is-generator-function/-/is-generator-function-1.1.2.tgz 124ms (cache miss)
3318 http fetch GET 200 https://registry.npmjs.org/isexe/-/isexe-2.0.0.tgz 134ms (cache miss)
3319 http fetch GET 200 https://registry.npmjs.org/has-bigints/-/has-bigints-1.1.0.tgz 140ms (cache miss)
3320 http fetch GET 200 https://registry.npmjs.org/which-boxed-primitive/-/which-boxed-primitive-1.1.1.tgz 140ms (cache miss)
3321 http fetch GET 200 https://registry.npmjs.org/@typescript-eslint/tsconfig-utils/-/tsconfig-utils-8.70.1.tgz 144ms (cache miss)
3322 http fetch GET 200 https://registry.npmjs.org/napi-postinstall/-/napi-postinstall-0.3.4.tgz 145ms (cache miss)
3323 http fetch GET 200 https://registry.npmjs.org/@typescript-eslint/project-service/-/project-service-8.70.1.tgz 147ms (cache miss)
3324 http fetch GET 200 https://registry.npmjs.org/@typescript-eslint/visitor-keys/-/visitor-keys-8.70.1.tgz 161ms (cache miss)
3325 http fetch GET 200 https://registry.npmjs.org/ts-api-utils/-/ts-api-utils-2.5.0.tgz 163ms (cache miss)
3326 http fetch GET 200 https://registry.npmjs.org/@typescript-eslint/types/-/types-8.70.1.tgz 163ms (cache miss)
3327 http fetch POST 200 https://registry.npmjs.org/-/npm/v1/security/advisories/bulk 216ms
3328 silly audit report {}
3329 http fetch GET 200 https://registry.npmjs.org/which-builtin-type/-/which-builtin-type-1.2.1.tgz 170ms (cache miss)
3330 http fetch GET 200 https://registry.npmjs.org/reflect.getprototypeof/-/reflect.getprototypeof-1.0.10.tgz 170ms (cache miss)
3331 http fetch GET 200 https://registry.npmjs.org/for-each/-/for-each-0.3.5.tgz 172ms (cache miss)
3332 http fetch GET 200 https://registry.npmjs.org/@typescript-eslint/type-utils/-/type-utils-8.70.1.tgz 174ms (cache miss)
3333 http fetch GET 200 https://registry.npmjs.org/strip-bom/-/strip-bom-3.0.0.tgz 173ms (cache miss)
3334 http fetch GET 200 https://registry.npmjs.org/@typescript-eslint/utils/-/utils-8.70.1.tgz 182ms (cache miss)
3335 http fetch GET 200 https://registry.npmjs.org/@types/json5/-/json5-0.0.29.tgz 182ms (cache miss)
3336 http fetch GET 200 https://registry.npmjs.org/minimist/-/minimist-1.2.8.tgz 185ms (cache miss)
3337 http fetch GET 200 https://registry.npmjs.org/has-flag/-/has-flag-4.0.0.tgz 186ms (cache miss)
3338 http fetch GET 200 https://registry.npmjs.org/client-only/-/client-only-0.0.1.tgz 193ms (cache miss)
3339 http fetch GET 200 https://registry.npmjs.org/is-number/-/is-number-7.0.0.tgz 193ms (cache miss)
3340 http fetch GET 200 https://registry.npmjs.org/side-channel-weakmap/-/side-channel-weakmap-1.0.2.tgz 196ms (cache miss)
3341 http fetch GET 200 https://registry.npmjs.org/side-channel-list/-/side-channel-list-1.0.1.tgz 196ms (cache miss)
3342 http fetch GET 200 https://registry.npmjs.org/side-channel-map/-/side-channel-map-1.0.1.tgz 198ms (cache miss)
3343 http fetch GET 200 https://registry.npmjs.org/shebang-regex/-/shebang-regex-3.0.0.tgz 201ms (cache miss)
3344 http fetch GET 200 https://registry.npmjs.org/isarray/-/isarray-2.0.5.tgz 209ms (cache miss)
3345 http fetch GET 200 https://registry.npmjs.org/@img/colour/-/colour-1.1.0.tgz 220ms (cache miss)
3346 http fetch GET 200 https://registry.npmjs.org/queue-microtask/-/queue-microtask-1.2.3.tgz 220ms (cache miss)
3347 http fetch GET 200 https://registry.npmjs.org/react-is/-/react-is-16.13.1.tgz 224ms (cache miss)
3348 http fetch GET 200 https://registry.npmjs.org/supports-preserve-symlinks-flag/-/supports-preserve-symlinks-flag-1.0.0.tgz 226ms (cache miss)
3349 http fetch GET 200 https://registry.npmjs.org/@typescript-eslint/typescript-estree/-/typescript-estree-8.70.1.tgz 228ms (cache miss)
3350 http fetch GET 200 https://registry.npmjs.org/scheduler/-/scheduler-0.27.0.tgz 227ms (cache miss)
3351 http fetch GET 200 https://registry.npmjs.org/object-assign/-/object-assign-4.1.1.tgz 226ms (cache miss)
3352 http fetch GET 200 https://registry.npmjs.org/node-exports-info/-/node-exports-info-1.6.2.tgz 230ms (cache miss)
3353 http fetch GET 200 https://registry.npmjs.org/loose-envify/-/loose-envify-1.4.0.tgz 232ms (cache miss)
3354 http fetch GET 200 https://registry.npmjs.org/path-parse/-/path-parse-1.0.7.tgz 236ms (cache miss)
3355 http fetch GET 200 https://registry.npmjs.org/yocto-queue/-/yocto-queue-0.1.0.tgz 241ms (cache miss)
3356 http fetch GET 200 https://registry.npmjs.org/@typescript-eslint/scope-manager/-/scope-manager-8.70.1.tgz 244ms (cache miss)
3357 http fetch GET 200 https://registry.npmjs.org/nanoid/-/nanoid-3.3.19.tgz 245ms (cache miss)
3358 http fetch GET 200 https://registry.npmjs.org/word-wrap/-/word-wrap-1.2.5.tgz 247ms (cache miss)
3359 http fetch GET 200 https://registry.npmjs.org/fast-levenshtein/-/fast-levenshtein-2.0.6.tgz 247ms (cache miss)
3360 http fetch GET 200 https://registry.npmjs.org/deep-is/-/deep-is-0.1.4.tgz 249ms (cache miss)
3361 http fetch GET 200 https://registry.npmjs.org/p-limit/-/p-limit-3.1.0.tgz 254ms (cache miss)
3362 http fetch GET 200 https://registry.npmjs.org/callsites/-/callsites-3.1.0.tgz 254ms (cache miss)
3363 http fetch GET 200 https://registry.npmjs.org/tslib/-/tslib-2.8.1.tgz 262ms (cache miss)
3364 http fetch GET 200 https://registry.npmjs.org/brace-expansion/-/brace-expansion-1.1.21.tgz 273ms (cache miss)
3365 http fetch GET 200 https://registry.npmjs.org/concat-map/-/concat-map-0.0.1.tgz 273ms (cache miss)
3366 http fetch GET 200 https://registry.npmjs.org/balanced-match/-/balanced-match-1.0.2.tgz 281ms (cache miss)
3367 http fetch GET 200 https://registry.npmjs.org/to-regex-range/-/to-regex-range-5.0.1.tgz 291ms (cache miss)
3368 http fetch GET 200 https://registry.npmjs.org/fill-range/-/fill-range-7.1.1.tgz 292ms (cache miss)
3369 http fetch GET 200 https://registry.npmjs.org/braces/-/braces-3.0.3.tgz 308ms (cache miss)
3370 http fetch GET 200 https://registry.npmjs.org/picomatch/-/picomatch-2.3.2.tgz 310ms (cache miss)
3371 http fetch GET 200 https://registry.npmjs.org/yallist/-/yallist-3.1.1.tgz 314ms (cache miss)
3372 http fetch GET 200 https://registry.npmjs.org/p-locate/-/p-locate-5.0.0.tgz 323ms (cache miss)
3373 http fetch GET 200 https://registry.npmjs.org/@typescript-eslint/parser/-/parser-8.70.1.tgz 328ms (cache miss)
3374 http fetch GET 200 https://registry.npmjs.org/sharp/-/sharp-0.35.4.tgz 324ms (cache miss)
3375 http fetch GET 200 https://registry.npmjs.org/type-check/-/type-check-0.4.0.tgz 333ms (cache miss)
3376 http fetch GET 200 https://registry.npmjs.org/@typescript-eslint/eslint-plugin/-/eslint-plugin-8.70.1.tgz 339ms (cache miss)
3377 http fetch GET 200 https://registry.npmjs.org/detect-libc/-/detect-libc-2.1.2.tgz 336ms (cache miss)
3378 http fetch GET 200 https://registry.npmjs.org/json-buffer/-/json-buffer-3.0.1.tgz 341ms (cache miss)
3379 http fetch GET 200 https://registry.npmjs.org/prelude-ls/-/prelude-ls-1.2.1.tgz 342ms (cache miss)
3380 http fetch GET 200 https://registry.npmjs.org/styled-jsx/-/styled-jsx-5.1.6.tgz 345ms (cache miss)
3381 http fetch GET 200 https://registry.npmjs.org/is-extglob/-/is-extglob-2.1.1.tgz 352ms (cache miss)
3382 http fetch GET 200 https://registry.npmjs.org/side-channel/-/side-channel-1.1.1.tgz 353ms (cache miss)
3383 http fetch GET 200 https://registry.npmjs.org/set-function-name/-/set-function-name-2.0.2.tgz 360ms (cache miss)
3384 http fetch GET 200 https://registry.npmjs.org/resolve-from/-/resolve-from-4.0.0.tgz 362ms (cache miss)
3385 http fetch GET 200 https://registry.npmjs.org/@swc/helpers/-/helpers-0.5.23.tgz 366ms (cache miss)
3386 http fetch GET 200 https://registry.npmjs.org/resolve-pkg-maps/-/resolve-pkg-maps-1.0.0.tgz 369ms (cache miss)
3387 http fetch GET 200 https://registry.npmjs.org/argparse/-/argparse-2.0.1.tgz 382ms (cache miss)
3388 http fetch GET 200 https://registry.npmjs.org/hermes-estree/-/hermes-estree-0.25.1.tgz 381ms (cache miss)
3389 http fetch GET 200 https://registry.npmjs.org/dunder-proto/-/dunder-proto-1.0.1.tgz 385ms (cache miss)
3390 http fetch GET 200 https://registry.npmjs.org/functions-have-names/-/functions-have-names-1.2.3.tgz 385ms (cache miss)
3391 http fetch GET 200 https://registry.npmjs.org/flatted/-/flatted-3.4.4.tgz 398ms (cache miss)
3392 http fetch GET 200 https://registry.npmjs.org/parent-module/-/parent-module-1.0.1.tgz 401ms (cache miss)
3393 http fetch GET 200 https://registry.npmjs.org/keyv/-/keyv-4.5.4.tgz 401ms (cache miss)
3394 http fetch GET 200 https://registry.npmjs.org/is-document.all/-/is-document.all-1.0.0.tgz 405ms (cache miss)
3395 http fetch GET 200 https://registry.npmjs.org/locate-path/-/locate-path-6.0.0.tgz 418ms (cache miss)
3396 http fetch GET 200 https://registry.npmjs.org/path-exists/-/path-exists-4.0.0.tgz 420ms (cache miss)
3397 http fetch GET 200 https://registry.npmjs.org/@img/sharp-darwin-arm64/-/sharp-darwin-arm64-0.35.4.tgz 426ms (cache miss)
3398 http fetch GET 200 https://registry.npmjs.org/run-parallel/-/run-parallel-1.2.0.tgz 427ms (cache miss)
3399 http fetch GET 200 https://registry.npmjs.org/reusify/-/reusify-1.1.0.tgz 429ms (cache miss)
3400 http fetch GET 200 https://registry.npmjs.org/@next/env/-/env-16.3.6.tgz 437ms (cache miss)
3401 http fetch GET 200 https://registry.npmjs.org/flat-cache/-/flat-cache-4.0.1.tgz 433ms (cache miss)
3402 http fetch GET 200 https://registry.npmjs.org/fastq/-/fastq-1.20.3.tgz 440ms (cache miss)
3403 http fetch GET 200 https://registry.npmjs.org/micromatch/-/micromatch-4.0.8.tgz 444ms (cache miss)
3404 http fetch GET 200 https://registry.npmjs.org/@nodelib/fs.scandir/-/fs.scandir-2.1.5.tgz 448ms (cache miss)
3405 http fetch GET 200 https://registry.npmjs.org/@nodelib/fs.walk/-/fs.walk-1.2.8.tgz 460ms (cache miss)
3406 http fetch GET 200 https://registry.npmjs.org/merge2/-/merge2-1.4.1.tgz 460ms (cache miss)
3407 http fetch GET 200 https://registry.npmjs.org/update-browserslist-db/-/update-browserslist-db-1.3.3.tgz 470ms (cache miss)
3408 http fetch GET 200 https://registry.npmjs.org/@nodelib/fs.stat/-/fs.stat-2.0.5.tgz 473ms (cache miss)
3409 http fetch GET 200 https://registry.npmjs.org/node-releases/-/node-releases-2.0.57.tgz 476ms (cache miss)
3410 http fetch GET 200 https://registry.npmjs.org/acorn-jsx/-/acorn-jsx-5.3.2.tgz 480ms (cache miss)
3411 http fetch GET 200 https://registry.npmjs.org/esrecurse/-/esrecurse-4.3.0.tgz 493ms (cache miss)
3412 http fetch GET 200 https://registry.npmjs.org/acorn/-/acorn-8.18.0.tgz 511ms (cache miss)
3413 http fetch GET 200 https://registry.npmjs.org/@babel/helper-globals/-/helper-globals-7.29.7.tgz 524ms (cache miss)
3414 http fetch GET 200 https://registry.npmjs.org/electron-to-chromium/-/electron-to-chromium-1.5.439.tgz 526ms (cache miss)
3415 http fetch GET 200 https://registry.npmjs.org/baseline-browser-mapping/-/baseline-browser-mapping-2.11.26.tgz 539ms (cache miss)
3416 http fetch GET 200 https://registry.npmjs.org/@babel/helper-string-parser/-/helper-string-parser-7.29.7.tgz 545ms (cache miss)
3417 http fetch GET 200 https://registry.npmjs.org/lru-cache/-/lru-cache-5.1.1.tgz 547ms (cache miss)
3418 http fetch GET 200 https://registry.npmjs.org/language-subtag-registry/-/language-subtag-registry-0.3.23.tgz 564ms (cache miss)
3419 http fetch GET 200 https://registry.npmjs.org/browserslist/-/browserslist-4.29.1.tgz 566ms (cache miss)
3420 http fetch GET 200 https://registry.npmjs.org/@babel/helper-module-imports/-/helper-module-imports-7.29.7.tgz 567ms (cache miss)
3421 http fetch GET 200 https://registry.npmjs.org/@babel/helper-validator-option/-/helper-validator-option-7.29.7.tgz 570ms (cache miss)
3422 http fetch GET 200 https://registry.npmjs.org/jsesc/-/jsesc-3.1.0.tgz 576ms (cache miss)
3423 http fetch GET 200 https://registry.npmjs.org/picocolors/-/picocolors-1.1.1.tgz 587ms (cache miss)
3424 http fetch GET 200 https://registry.npmjs.org/@babel/compat-data/-/compat-data-7.29.7.tgz 592ms (cache miss)
3425 http fetch GET 200 https://registry.npmjs.org/js-tokens/-/js-tokens-4.0.0.tgz 599ms (cache miss)
3426 http fetch GET 200 https://registry.npmjs.org/gensync/-/gensync-1.0.0-beta.2.tgz 606ms (cache miss)
3427 http fetch GET 200 https://registry.npmjs.org/@babel/helper-validator-identifier/-/helper-validator-identifier-7.29.7.tgz 608ms (cache miss)
3428 http fetch GET 200 https://registry.npmjs.org/convert-source-map/-/convert-source-map-2.0.0.tgz 614ms (cache miss)
3429 http fetch GET 200 https://registry.npmjs.org/caniuse-lite/-/caniuse-lite-1.0.30001812.tgz 621ms (cache miss)
3430 http fetch GET 200 https://registry.npmjs.org/@babel/template/-/template-7.29.7.tgz 631ms (cache miss)
3431 http fetch GET 200 https://registry.npmjs.org/@unrs/resolver-binding-darwin-arm64/-/resolver-binding-darwin-arm64-1.12.2.tgz 656ms (cache miss)
3432 http fetch GET 200 https://registry.npmjs.org/json5/-/json5-2.2.3.tgz 648ms (cache miss)
3433 http fetch GET 200 https://registry.npmjs.org/@babel/helper-compilation-targets/-/helper-compilation-targets-7.29.7.tgz 656ms (cache miss)
3434 http fetch GET 200 https://registry.npmjs.org/@babel/code-frame/-/code-frame-7.29.7.tgz 668ms (cache miss)
3435 http fetch GET 200 https://registry.npmjs.org/@babel/helper-module-transforms/-/helper-module-transforms-7.29.7.tgz 677ms (cache miss)
3436 http fetch GET 200 https://registry.npmjs.org/zod-validation-error/-/zod-validation-error-4.0.2.tgz 684ms (cache miss)
3437 http fetch GET 200 https://registry.npmjs.org/string.prototype.repeat/-/string.prototype.repeat-1.0.0.tgz 745ms (cache miss)
3438 http fetch GET 200 https://registry.npmjs.org/prop-types/-/prop-types-15.8.1.tgz 756ms (cache miss)
3439 http fetch GET 200 https://registry.npmjs.org/@babel/generator/-/generator-7.29.8.tgz 757ms (cache miss)
3440 http fetch GET 200 https://registry.npmjs.org/string.prototype.matchall/-/string.prototype.matchall-4.1.0.tgz 773ms (cache miss)
3441 http fetch GET 200 https://registry.npmjs.org/iterator.prototype/-/iterator.prototype-1.1.5.tgz 774ms (cache miss)
3442 http fetch GET 200 https://registry.npmjs.org/@babel/helpers/-/helpers-7.29.7.tgz 776ms (cache miss)
3443 http fetch GET 200 https://registry.npmjs.org/@babel/traverse/-/traverse-7.29.8.tgz 890ms (cache miss)
3444 http fetch GET 200 https://registry.npmjs.org/object.entries/-/object.entries-1.1.9.tgz 906ms (cache miss)
3445 http fetch GET 200 https://registry.npmjs.org/estraverse/-/estraverse-5.3.0.tgz 910ms (cache miss)
3446 http fetch GET 200 https://registry.npmjs.org/array.prototype.tosorted/-/array.prototype.tosorted-1.1.4.tgz 911ms (cache miss)
3447 http fetch GET 200 https://registry.npmjs.org/@babel/parser/-/parser-7.29.9.tgz 924ms (cache miss)
3448 http fetch GET 200 https://registry.npmjs.org/string.prototype.includes/-/string.prototype.includes-2.0.1.tgz 927ms (cache miss)
3449 http fetch GET 200 https://registry.npmjs.org/es-iterator-helpers/-/es-iterator-helpers-1.4.0.tgz 937ms (cache miss)
3450 http fetch GET 200 https://registry.npmjs.org/language-tags/-/language-tags-1.0.9.tgz 958ms (cache miss)
3451 http fetch GET 200 https://registry.npmjs.org/jsx-ast-utils/-/jsx-ast-utils-3.3.5.tgz 983ms (cache miss)
3452 http fetch GET 200 https://registry.npmjs.org/@babel/types/-/types-7.29.8.tgz 991ms (cache miss)
3453 http fetch GET 200 https://registry.npmjs.org/axobject-query/-/axobject-query-4.1.0.tgz 1001ms (cache miss)
3454 http fetch GET 200 https://registry.npmjs.org/emoji-regex/-/emoji-regex-9.2.2.tgz 1010ms (cache miss)
3455 http fetch GET 200 https://registry.npmjs.org/ast-types-flow/-/ast-types-flow-0.0.8.tgz 1026ms (cache miss)
3456 http fetch GET 200 https://registry.npmjs.org/is-symbol/-/is-symbol-1.1.1.tgz 1040ms (cache miss)
3457 http fetch GET 200 https://registry.npmjs.org/is-date-object/-/is-date-object-1.1.0.tgz 1042ms (cache miss)
3458 http fetch GET 200 https://registry.npmjs.org/es-abstract-get/-/es-abstract-get-1.0.0.tgz 1046ms (cache miss)
3459 http fetch GET 200 https://registry.npmjs.org/@babel/core/-/core-7.29.7.tgz 1048ms (cache miss)
3460 http fetch GET 200 https://registry.npmjs.org/aria-query/-/aria-query-5.3.2.tgz 1052ms (cache miss)
3461 http fetch GET 200 https://registry.npmjs.org/damerau-levenshtein/-/damerau-levenshtein-1.0.8.tgz 1059ms (cache miss)
3462 http fetch GET 200 https://registry.npmjs.org/hermes-parser/-/hermes-parser-0.25.1.tgz 1061ms (cache miss)
3463 http fetch GET 200 https://registry.npmjs.org/has-tostringtag/-/has-tostringtag-1.0.2.tgz 1077ms (cache miss)
3464 http fetch GET 200 https://registry.npmjs.org/possible-typed-array-names/-/possible-typed-array-names-1.1.0.tgz 1084ms (cache miss)
3465 http fetch GET 200 https://registry.npmjs.org/typed-array-byte-length/-/typed-array-byte-length-1.0.3.tgz 1105ms (cache miss)
3466 http fetch GET 200 https://registry.npmjs.org/which-typed-array/-/which-typed-array-1.1.24.tgz 1108ms (cache miss)
3467 http fetch GET 200 https://registry.npmjs.org/typed-array-length/-/typed-array-length-1.0.8.tgz 1108ms (cache miss)
3468 http fetch GET 200 https://registry.npmjs.org/typed-array-byte-offset/-/typed-array-byte-offset-1.0.5.tgz 1112ms (cache miss)
3469 http fetch GET 200 https://registry.npmjs.org/typed-array-buffer/-/typed-array-buffer-1.0.3.tgz 1118ms (cache miss)
3470 http fetch GET 200 https://registry.npmjs.org/unbox-primitive/-/unbox-primitive-1.1.0.tgz 1126ms (cache miss)
3471 http fetch GET 200 https://registry.npmjs.org/zod/-/zod-4.6.5.tgz 1136ms (cache miss)
3472 http fetch GET 200 https://registry.npmjs.org/stop-iteration-iterator/-/stop-iteration-iterator-1.1.0.tgz 1135ms (cache miss)
3473 http fetch GET 200 https://registry.npmjs.org/array.prototype.findlast/-/array.prototype.findlast-1.2.5.tgz 1141ms (cache miss)
3474 http fetch GET 200 https://registry.npmjs.org/set-proto/-/set-proto-1.0.0.tgz 1149ms (cache miss)
3475 http fetch GET 200 https://registry.npmjs.org/string.prototype.trim/-/string.prototype.trim-1.2.11.tgz 1149ms (cache miss)
3476 http fetch GET 200 https://registry.npmjs.org/safe-push-apply/-/safe-push-apply-1.0.0.tgz 1151ms (cache miss)
3477 http fetch GET 200 https://registry.npmjs.org/regexp.prototype.flags/-/regexp.prototype.flags-1.5.4.tgz 1163ms (cache miss)
3478 http fetch GET 200 https://registry.npmjs.org/safe-regex-test/-/safe-regex-test-1.1.0.tgz 1164ms (cache miss)
3479 http fetch GET 200 https://registry.npmjs.org/own-keys/-/own-keys-1.0.2.tgz 1165ms (cache miss)
3480 http fetch GET 200 https://registry.npmjs.org/object.assign/-/object.assign-4.1.7.tgz 1170ms (cache miss)
3481 http fetch GET 200 https://registry.npmjs.org/safe-array-concat/-/safe-array-concat-1.1.4.tgz 1170ms (cache miss)
3482 http fetch GET 200 https://registry.npmjs.org/object-inspect/-/object-inspect-1.13.4.tgz 1185ms (cache miss)
3483 http fetch GET 200 https://registry.npmjs.org/is-weakref/-/is-weakref-1.1.1.tgz 1190ms (cache miss)
3484 http fetch GET 200 https://registry.npmjs.org/is-typed-array/-/is-typed-array-1.1.15.tgz 1195ms (cache miss)
3485 http fetch GET 200 https://registry.npmjs.org/is-shared-array-buffer/-/is-shared-array-buffer-1.0.4.tgz 1200ms (cache miss)
3486 http fetch GET 200 https://registry.npmjs.org/is-set/-/is-set-2.0.3.tgz 1201ms (cache miss)
3487 http fetch GET 200 https://registry.npmjs.org/is-regex/-/is-regex-1.2.1.tgz 1203ms (cache miss)
3488 http fetch GET 200 https://registry.npmjs.org/is-data-view/-/is-data-view-1.0.2.tgz 1207ms (cache miss)
3489 http fetch GET 200 https://registry.npmjs.org/is-callable/-/is-callable-1.2.7.tgz 1212ms (cache miss)
3490 http fetch GET 200 https://registry.npmjs.org/is-negative-zero/-/is-negative-zero-2.0.3.tgz 1214ms (cache miss)
3491 http fetch GET 200 https://registry.npmjs.org/is-array-buffer/-/is-array-buffer-3.0.5.tgz 1225ms (cache miss)
3492 http fetch GET 200 https://registry.npmjs.org/internal-slot/-/internal-slot-1.1.0.tgz 1227ms (cache miss)
3493 http fetch GET 200 https://registry.npmjs.org/has-proto/-/has-proto-1.2.0.tgz 1231ms (cache miss)
3494 http fetch GET 200 https://registry.npmjs.org/globalthis/-/globalthis-1.0.4.tgz 1239ms (cache miss)
3495 http fetch GET 200 https://registry.npmjs.org/get-proto/-/get-proto-1.0.1.tgz 1240ms (cache miss)
3496 http fetch GET 200 https://registry.npmjs.org/string.prototype.trimstart/-/string.prototype.trimstart-1.0.8.tgz 1245ms (cache miss)
3497 http fetch GET 200 https://registry.npmjs.org/function.prototype.name/-/function.prototype.name-1.2.0.tgz 1248ms (cache miss)
3498 http fetch GET 200 https://registry.npmjs.org/get-symbol-description/-/get-symbol-description-1.1.0.tgz 1251ms (cache miss)
3499 http fetch GET 200 https://registry.npmjs.org/es-to-primitive/-/es-to-primitive-1.3.4.tgz 1253ms (cache miss)
3500 http fetch GET 200 https://registry.npmjs.org/axe-core/-/axe-core-4.13.0.tgz 1261ms (cache miss)
3501 http fetch GET 200 https://registry.npmjs.org/has-symbols/-/has-symbols-1.1.0.tgz 1257ms (cache miss)
3502 http fetch GET 200 https://registry.npmjs.org/es-set-tostringtag/-/es-set-tostringtag-2.1.0.tgz 1259ms (cache miss)
3503 http fetch GET 200 https://registry.npmjs.org/data-view-byte-length/-/data-view-byte-length-1.0.2.tgz 1262ms (cache miss)
3504 http fetch GET 200 https://registry.npmjs.org/data-view-buffer/-/data-view-buffer-1.0.2.tgz 1265ms (cache miss)
3505 http fetch GET 200 https://registry.npmjs.org/data-view-byte-offset/-/data-view-byte-offset-1.0.1.tgz 1265ms (cache miss)
3506 http fetch GET 200 https://registry.npmjs.org/arraybuffer.prototype.slice/-/arraybuffer.prototype.slice-1.0.4.tgz 1273ms (cache miss)
3507 http fetch GET 200 https://registry.npmjs.org/available-typed-arrays/-/available-typed-arrays-1.0.7.tgz 1275ms (cache miss)
3508 http fetch GET 200 https://registry.npmjs.org/gopd/-/gopd-1.2.0.tgz 1277ms (cache miss)
3509 http fetch GET 200 https://registry.npmjs.org/has-property-descriptors/-/has-property-descriptors-1.0.2.tgz 1280ms (cache miss)
3510 http fetch GET 200 https://registry.npmjs.org/function-bind/-/function-bind-1.1.2.tgz 1285ms (cache miss)
3511 http fetch GET 200 https://registry.npmjs.org/es-define-property/-/es-define-property-1.0.1.tgz 1289ms (cache miss)
3512 http fetch GET 200 https://registry.npmjs.org/get-intrinsic/-/get-intrinsic-1.3.0.tgz 1294ms (cache miss)
3513 http fetch GET 200 https://registry.npmjs.org/define-data-property/-/define-data-property-1.1.4.tgz 1294ms (cache miss)
3514 http fetch GET 200 https://registry.npmjs.org/object-keys/-/object-keys-1.1.1.tgz 1296ms (cache miss)
3515 http fetch GET 200 https://registry.npmjs.org/set-function-length/-/set-function-length-1.2.2.tgz 1296ms (cache miss)
3516 http fetch GET 200 https://registry.npmjs.org/call-bind-apply-helpers/-/call-bind-apply-helpers-1.0.2.tgz 1298ms (cache miss)
3517 http fetch GET 200 https://registry.npmjs.org/es-errors/-/es-errors-1.3.0.tgz 1300ms (cache miss)
3518 http fetch GET 200 https://registry.npmjs.org/math-intrinsics/-/math-intrinsics-1.1.0.tgz 1302ms (cache miss)
3519 http fetch GET 200 https://registry.npmjs.org/es-shim-unscopables/-/es-shim-unscopables-1.1.0.tgz 1307ms (cache miss)
3520 http fetch GET 200 https://registry.npmjs.org/is-string/-/is-string-1.1.1.tgz 1308ms (cache miss)
3521 http fetch GET 200 https://registry.npmjs.org/es-object-atoms/-/es-object-atoms-1.1.2.tgz 1313ms (cache miss)
3522 http fetch GET 200 https://registry.npmjs.org/call-bound/-/call-bound-1.0.4.tgz 1322ms (cache miss)
3523 http fetch GET 200 https://registry.npmjs.org/semver/-/semver-6.3.1.tgz 1329ms (cache miss)
3524 http fetch GET 200 https://registry.npmjs.org/define-properties/-/define-properties-1.2.1.tgz 1333ms (cache miss)
3525 http fetch GET 200 https://registry.npmjs.org/object.groupby/-/object.groupby-1.0.3.tgz 1337ms (cache miss)
3526 http fetch GET 200 https://registry.npmjs.org/string.prototype.trimend/-/string.prototype.trimend-1.0.10.tgz 1342ms (cache miss)
3527 http fetch GET 200 https://registry.npmjs.org/object.fromentries/-/object.fromentries-2.0.8.tgz 1346ms (cache miss)
3528 http fetch GET 200 https://registry.npmjs.org/call-bind/-/call-bind-1.0.9.tgz 1347ms (cache miss)
3529 http fetch GET 200 https://registry.npmjs.org/hasown/-/hasown-2.0.4.tgz 1348ms (cache miss)
3530 http fetch GET 200 https://registry.npmjs.org/object.values/-/object.values-1.2.1.tgz 1348ms (cache miss)
3531 http fetch GET 200 https://registry.npmjs.org/array-buffer-byte-length/-/array-buffer-byte-length-1.0.2.tgz 1370ms (cache miss)
3532 http fetch GET 200 https://registry.npmjs.org/doctrine/-/doctrine-2.1.0.tgz 1368ms (cache miss)
3533 http fetch GET 200 https://registry.npmjs.org/eslint-module-utils/-/eslint-module-utils-2.14.0.tgz 1369ms (cache miss)
3534 http fetch GET 200 https://registry.npmjs.org/array.prototype.flat/-/array.prototype.flat-1.3.3.tgz 1374ms (cache miss)
3535 http fetch GET 200 https://registry.npmjs.org/tsconfig-paths/-/tsconfig-paths-3.15.0.tgz 1377ms (cache miss)
3536 http fetch GET 200 https://registry.npmjs.org/array.prototype.flatmap/-/array.prototype.flatmap-1.3.3.tgz 1380ms (cache miss)
3537 http fetch GET 200 https://registry.npmjs.org/array-includes/-/array-includes-3.2.0.tgz 1381ms (cache miss)
3538 http fetch GET 200 https://registry.npmjs.org/array.prototype.findlastindex/-/array.prototype.findlastindex-1.2.6.tgz 1388ms (cache miss)
3539 http fetch GET 200 https://registry.npmjs.org/tinyglobby/-/tinyglobby-0.2.17.tgz 1388ms (cache miss)
3540 http fetch GET 200 https://registry.npmjs.org/@rtsao/scc/-/scc-1.1.0.tgz 1388ms (cache miss)
3541 http fetch GET 200 https://registry.npmjs.org/is-core-module/-/is-core-module-2.17.0.tgz 1400ms (cache miss)
3542 http fetch GET 200 https://registry.npmjs.org/unrs-resolver/-/unrs-resolver-1.12.2.tgz 1407ms (cache miss)
3543 http fetch GET 200 https://registry.npmjs.org/stable-hash/-/stable-hash-0.0.5.tgz 1408ms (cache miss)
3544 http fetch GET 200 https://registry.npmjs.org/get-tsconfig/-/get-tsconfig-4.14.3.tgz 1417ms (cache miss)
3545 http fetch GET 200 https://registry.npmjs.org/typescript-eslint/-/typescript-eslint-8.70.1.tgz 1430ms (cache miss)
3546 http fetch GET 200 https://registry.npmjs.org/fast-glob/-/fast-glob-3.3.1.tgz 1438ms (cache miss)
3547 http fetch GET 200 https://registry.npmjs.org/is-bun-module/-/is-bun-module-2.0.0.tgz 1462ms (cache miss)
3548 http fetch GET 200 https://registry.npmjs.org/eslint-import-resolver-typescript/-/eslint-import-resolver-typescript-3.10.1.tgz 1461ms (cache miss)
3549 http fetch GET 200 https://registry.npmjs.org/eslint-import-resolver-node/-/eslint-import-resolver-node-0.3.10.tgz 1468ms (cache miss)
3550 http fetch GET 200 https://registry.npmjs.org/resolve/-/resolve-2.0.0-next.7.tgz 1478ms (cache miss)
3551 http fetch GET 200 https://registry.npmjs.org/ms/-/ms-2.1.3.tgz 1493ms (cache miss)
3552 http fetch GET 200 https://registry.npmjs.org/which/-/which-2.0.2.tgz 1519ms (cache miss)
3553 http fetch GET 200 https://registry.npmjs.org/shebang-command/-/shebang-command-2.0.0.tgz 1523ms (cache miss)
3554 http fetch GET 200 https://registry.npmjs.org/color-name/-/color-name-1.1.4.tgz 1526ms (cache miss)
3555 http fetch GET 200 https://registry.npmjs.org/path-key/-/path-key-3.1.1.tgz 1529ms (cache miss)
3556 http fetch GET 200 https://registry.npmjs.org/@next/eslint-plugin-next/-/eslint-plugin-next-16.3.6.tgz 1530ms (cache miss)
3557 http fetch GET 200 https://registry.npmjs.org/supports-color/-/supports-color-7.2.0.tgz 1548ms (cache miss)
3558 http fetch GET 200 https://registry.npmjs.org/color-convert/-/color-convert-2.0.1.tgz 1550ms (cache miss)
3559 http fetch GET 200 https://registry.npmjs.org/ansi-styles/-/ansi-styles-4.3.0.tgz 1574ms (cache miss)
3560 http fetch GET 200 https://registry.npmjs.org/fast-json-stable-stringify/-/fast-json-stable-stringify-2.1.0.tgz 1588ms (cache miss)
3561 http fetch GET 200 https://registry.npmjs.org/@nolyfill/is-core-module/-/is-core-module-1.0.39.tgz 1594ms (cache miss)
3562 http fetch GET 200 https://registry.npmjs.org/@humanfs/core/-/core-0.19.2.tgz 1605ms (cache miss)
3563 http fetch GET 200 https://registry.npmjs.org/levn/-/levn-0.4.1.tgz 1611ms (cache miss)
3564 http fetch GET 200 https://registry.npmjs.org/eslint-plugin-import/-/eslint-plugin-import-2.32.0.tgz 1632ms (cache miss)
3565 http fetch GET 200 https://registry.npmjs.org/@humanfs/types/-/types-0.15.0.tgz 1634ms (cache miss)
3566 http fetch GET 200 https://registry.npmjs.org/json-schema-traverse/-/json-schema-traverse-0.4.1.tgz 1635ms (cache miss)
3567 http fetch GET 200 https://registry.npmjs.org/es-abstract/-/es-abstract-1.24.2.tgz 1642ms (cache miss)
3568 http fetch GET 200 https://registry.npmjs.org/strip-json-comments/-/strip-json-comments-3.1.1.tgz 1647ms (cache miss)
3569 http fetch GET 200 https://registry.npmjs.org/import-fresh/-/import-fresh-3.3.1.tgz 1658ms (cache miss)
3570 http fetch GET 200 https://registry.npmjs.org/eslint-plugin-react/-/eslint-plugin-react-7.37.5.tgz 1667ms (cache miss)
3571 http fetch GET 200 https://registry.npmjs.org/globals/-/globals-14.0.0.tgz 1668ms (cache miss)
3572 http fetch GET 200 https://registry.npmjs.org/@types/json-schema/-/json-schema-7.0.15.tgz 1672ms (cache miss)
3573 http fetch GET 200 https://registry.npmjs.org/@eslint/object-schema/-/object-schema-2.1.7.tgz 1702ms (cache miss)
3574 http fetch GET 200 https://registry.npmjs.org/minimatch/-/minimatch-3.1.5.tgz 1702ms (cache miss)
3575 http fetch GET 200 https://registry.npmjs.org/uri-js/-/uri-js-4.4.1.tgz 1707ms (cache miss)
3576 http fetch GET 200 https://registry.npmjs.org/optionator/-/optionator-0.9.4.tgz 1708ms (cache miss)
3577 http fetch GET 200 https://registry.npmjs.org/lodash.merge/-/lodash.merge-4.6.2.tgz 1710ms (cache miss)
3578 http fetch GET 200 https://registry.npmjs.org/natural-compare/-/natural-compare-1.4.0.tgz 1712ms (cache miss)
3579 http fetch GET 200 https://registry.npmjs.org/is-glob/-/is-glob-4.0.3.tgz 1720ms (cache miss)
3580 http fetch GET 200 https://registry.npmjs.org/lightningcss-darwin-arm64/-/lightningcss-darwin-arm64-1.32.0.tgz 1741ms (cache miss)
3581 http fetch GET 200 https://registry.npmjs.org/json-stable-stringify-without-jsonify/-/json-stable-stringify-without-jsonify-1.0.1.tgz 1722ms (cache miss)
3582 http fetch GET 200 https://registry.npmjs.org/js-yaml/-/js-yaml-4.3.2.tgz 1729ms (cache miss)
3583 http fetch GET 200 https://registry.npmjs.org/imurmurhash/-/imurmurhash-0.1.4.tgz 1729ms (cache miss)
3584 http fetch GET 200 https://registry.npmjs.org/glob-parent/-/glob-parent-6.0.2.tgz 1738ms (cache miss)
3585 http fetch GET 200 https://registry.npmjs.org/fast-deep-equal/-/fast-deep-equal-3.1.3.tgz 1746ms (cache miss)
3586 http fetch GET 200 https://registry.npmjs.org/ignore/-/ignore-5.3.2.tgz 1746ms (cache miss)
3587 http fetch GET 200 https://registry.npmjs.org/find-up/-/find-up-5.0.0.tgz 1747ms (cache miss)
3588 http fetch GET 200 https://registry.npmjs.org/file-entry-cache/-/file-entry-cache-8.0.0.tgz 1752ms (cache miss)
3589 http fetch GET 200 https://registry.npmjs.org/eslint-visitor-keys/-/eslint-visitor-keys-4.2.1.tgz 1754ms (cache miss)
3590 http fetch GET 200 https://registry.npmjs.org/espree/-/espree-10.4.0.tgz 1755ms (cache miss)
3591 http fetch GET 200 https://registry.npmjs.org/escape-string-regexp/-/escape-string-regexp-4.0.0.tgz 1758ms (cache miss)
3592 http fetch GET 200 https://registry.npmjs.org/eslint-scope/-/eslint-scope-8.4.0.tgz 1766ms (cache miss)
3593 http fetch GET 200 https://registry.npmjs.org/debug/-/debug-4.4.3.tgz 1768ms (cache miss)
3594 http fetch GET 200 https://registry.npmjs.org/cross-spawn/-/cross-spawn-7.0.6.tgz 1785ms (cache miss)
3595 http fetch GET 200 https://registry.npmjs.org/@types/estree/-/estree-1.0.9.tgz 1796ms (cache miss)
3596 http fetch GET 200 https://registry.npmjs.org/@humanfs/node/-/node-0.16.8.tgz 1796ms (cache miss)
3597 http fetch GET 200 https://registry.npmjs.org/chalk/-/chalk-4.1.2.tgz 1796ms (cache miss)
3598 http fetch GET 200 https://registry.npmjs.org/@humanwhocodes/module-importer/-/module-importer-1.0.1.tgz 1797ms (cache miss)
3599 http fetch GET 200 https://registry.npmjs.org/@humanwhocodes/retry/-/retry-0.4.3.tgz 1798ms (cache miss)
3600 http fetch GET 200 https://registry.npmjs.org/@eslint/js/-/js-9.39.5.tgz 1804ms (cache miss)
3601 http fetch GET 200 https://registry.npmjs.org/eslint-plugin-jsx-a11y/-/eslint-plugin-jsx-a11y-6.10.2.tgz 1809ms (cache miss)
3602 http fetch GET 200 https://registry.npmjs.org/@eslint/plugin-kit/-/plugin-kit-0.4.1.tgz 1814ms (cache miss)
3603 http fetch GET 200 https://registry.npmjs.org/esutils/-/esutils-2.0.3.tgz 1824ms (cache miss)
3604 http fetch GET 200 https://registry.npmjs.org/tapable/-/tapable-2.3.3.tgz 1829ms (cache miss)
3605 http fetch GET 200 https://registry.npmjs.org/graceful-fs/-/graceful-fs-4.2.11.tgz 1835ms (cache miss)
3606 http fetch GET 200 https://registry.npmjs.org/@eslint-community/regexpp/-/regexpp-4.12.2.tgz 1870ms (cache miss)
3607 http fetch GET 200 https://registry.npmjs.org/@eslint/config-array/-/config-array-0.21.2.tgz 1879ms (cache miss)
3608 http fetch GET 200 https://registry.npmjs.org/@eslint/core/-/core-0.17.0.tgz 1881ms (cache miss)
3609 http fetch GET 200 https://registry.npmjs.org/esquery/-/esquery-1.7.0.tgz 1887ms (cache miss)
3610 http fetch GET 200 https://registry.npmjs.org/@jridgewell/resolve-uri/-/resolve-uri-3.1.2.tgz 1891ms (cache miss)
3611 http fetch GET 200 https://registry.npmjs.org/@eslint/eslintrc/-/eslintrc-3.3.7.tgz 1910ms (cache miss)
3612 http fetch GET 200 https://registry.npmjs.org/csstype/-/csstype-3.2.3.tgz 1923ms (cache miss)
3613 http fetch GET 200 https://registry.npmjs.org/ajv/-/ajv-6.15.0.tgz 1940ms (cache miss)
3614 http fetch GET 200 https://registry.npmjs.org/@jridgewell/trace-mapping/-/trace-mapping-0.3.31.tgz 1942ms (cache miss)
3615 http fetch GET 200 https://registry.npmjs.org/source-map-js/-/source-map-js-1.2.1.tgz 1952ms (cache miss)
3616 http fetch GET 200 https://registry.npmjs.org/@jridgewell/gen-mapping/-/gen-mapping-0.3.13.tgz 1955ms (cache miss)
3617 http fetch GET 200 https://registry.npmjs.org/magic-string/-/magic-string-0.30.21.tgz 1963ms (cache miss)
3618 http fetch GET 200 https://registry.npmjs.org/@jridgewell/remapping/-/remapping-2.3.5.tgz 1994ms (cache miss)
3619 http fetch GET 200 https://registry.npmjs.org/lightningcss/-/lightningcss-1.32.0.tgz 1998ms (cache miss)
3620 http fetch GET 200 https://registry.npmjs.org/undici-types/-/undici-types-6.21.0.tgz 2004ms (cache miss)
3621 http fetch GET 200 https://registry.npmjs.org/@eslint/config-helpers/-/config-helpers-0.4.2.tgz 2016ms (cache miss)
3622 http fetch GET 200 https://registry.npmjs.org/@tailwindcss/oxide/-/oxide-4.3.3.tgz 2016ms (cache miss)
3623 http fetch GET 200 https://registry.npmjs.org/eslint-plugin-react-hooks/-/eslint-plugin-react-hooks-7.1.1.tgz 2023ms (cache miss)
3624 http fetch GET 200 https://registry.npmjs.org/postcss/-/postcss-8.5.28.tgz 2031ms (cache miss)
3625 http fetch GET 200 https://registry.npmjs.org/@eslint-community/eslint-utils/-/eslint-utils-4.10.1.tgz 2046ms (cache miss)
3626 http fetch GET 200 https://registry.npmjs.org/enhanced-resolve/-/enhanced-resolve-5.25.1.tgz 2057ms (cache miss)
3627 http fetch GET 200 https://registry.npmjs.org/eslint-config-next/-/eslint-config-next-16.3.6.tgz 2097ms (cache miss)
3628 http fetch GET 200 https://registry.npmjs.org/react/-/react-19.2.8.tgz 2098ms (cache miss)
3629 http fetch GET 200 https://registry.npmjs.org/@types/react-dom/-/react-dom-19.3.0.tgz 2123ms (cache miss)
3630 http fetch GET 200 https://registry.npmjs.org/@jridgewell/sourcemap-codec/-/sourcemap-codec-1.6.0.tgz 2177ms (cache miss)
3631 http fetch GET 200 https://registry.npmjs.org/jiti/-/jiti-2.7.0.tgz 2213ms (cache miss)
3632 http fetch GET 200 https://registry.npmjs.org/@tailwindcss/node/-/node-4.3.3.tgz 2215ms (cache miss)
3633 http fetch GET 200 https://registry.npmjs.org/@alloc/quick-lru/-/quick-lru-5.3.0.tgz 2228ms (cache miss)
3634 http fetch GET 200 https://registry.npmjs.org/@types/react/-/react-19.3.0.tgz 2227ms (cache miss)
3635 http fetch GET 200 https://registry.npmjs.org/brace-expansion/-/brace-expansion-5.0.12.tgz 2242ms (cache miss)
3636 http fetch GET 200 https://registry.npmjs.org/semver/-/semver-7.8.5.tgz 2279ms (cache miss)
3637 http fetch GET 200 https://registry.npmjs.org/balanced-match/-/balanced-match-4.0.4.tgz 2286ms (cache miss)
3638 http fetch GET 200 https://registry.npmjs.org/eslint-visitor-keys/-/eslint-visitor-keys-5.0.1.tgz 2302ms (cache miss)
3639 http fetch GET 200 https://registry.npmjs.org/ignore/-/ignore-7.0.10.tgz 2325ms (cache miss)
3640 http fetch GET 200 https://registry.npmjs.org/minimatch/-/minimatch-10.2.6.tgz 2341ms (cache miss)
3641 http fetch GET 200 https://registry.npmjs.org/semver/-/semver-7.8.5.tgz 2356ms (cache miss)
3642 http fetch GET 200 https://registry.npmjs.org/json5/-/json5-1.0.2.tgz 2361ms (cache miss)
3643 http fetch GET 200 https://registry.npmjs.org/@tailwindcss/postcss/-/postcss-4.3.3.tgz 2376ms (cache miss)
3644 http fetch GET 200 https://registry.npmjs.org/debug/-/debug-3.2.7.tgz 2391ms (cache miss)
3645 http fetch GET 200 https://registry.npmjs.org/picomatch/-/picomatch-4.0.7.tgz 2401ms (cache miss)
3646 http fetch GET 200 https://registry.npmjs.org/fdir/-/fdir-6.5.0.tgz 2409ms (cache miss)
3647 http fetch GET 200 https://registry.npmjs.org/glob-parent/-/glob-parent-5.1.2.tgz 2422ms (cache miss)
3648 http fetch GET 200 https://registry.npmjs.org/semver/-/semver-7.8.5.tgz 2425ms (cache miss)
3649 http fetch GET 200 https://registry.npmjs.org/debug/-/debug-3.2.7.tgz 2443ms (cache miss)
3650 http fetch GET 200 https://registry.npmjs.org/eslint-visitor-keys/-/eslint-visitor-keys-3.4.3.tgz 2463ms (cache miss)
3651 http fetch GET 200 https://registry.npmjs.org/debug/-/debug-3.2.7.tgz 2464ms (cache miss)
3652 http fetch GET 200 https://registry.npmjs.org/eslint-visitor-keys/-/eslint-visitor-keys-3.4.3.tgz 2484ms (cache miss)
3653 http fetch GET 200 https://registry.npmjs.org/postcss/-/postcss-8.5.23.tgz 2493ms (cache miss)
3654 http fetch GET 200 https://registry.npmjs.org/globals/-/globals-16.4.0.tgz 2528ms (cache miss)
3655 http fetch GET 200 https://registry.npmjs.org/@eslint-community/eslint-utils/-/eslint-utils-4.9.1.tgz 2528ms (cache miss)
3656 http fetch GET 200 https://registry.npmjs.org/@tailwindcss/oxide-darwin-arm64/-/oxide-darwin-arm64-4.3.3.tgz 2611ms (cache miss)
3657 http fetch GET 200 https://registry.npmjs.org/@types/node/-/node-20.19.43.tgz 2652ms (cache miss)
3658 http fetch GET 200 https://registry.npmjs.org/tailwindcss/-/tailwindcss-4.3.3.tgz 2777ms (cache miss)
3659 http fetch GET 200 https://registry.npmjs.org/eslint/-/eslint-9.39.5.tgz 3079ms (cache miss)
3660 warn deprecated eslint@9.39.5: This version is no longer supported. Please see https://eslint.org/version-support for other options.
3661 http fetch GET 200 https://registry.npmjs.org/react-dom/-/react-dom-19.2.8.tgz 3213ms (cache miss)
3662 http fetch GET 200 https://registry.npmjs.org/@img/sharp-libvips-darwin-arm64/-/sharp-libvips-darwin-arm64-1.3.3.tgz 3643ms (cache miss)
3663 http fetch GET 200 https://registry.npmjs.org/typescript/-/typescript-5.9.3.tgz 3864ms (cache miss)
3664 http fetch GET 200 https://registry.npmjs.org/@next/swc-darwin-arm64/-/swc-darwin-arm64-16.3.6.tgz 8099ms (cache miss)
3665 http fetch GET 200 https://registry.npmjs.org/next/-/next-16.3.6.tgz 9248ms (cache miss)
3666 info run unrs-resolver@1.12.2 postinstall node_modules/unrs-resolver node postinstall.js
3667 info run unrs-resolver@1.12.2 postinstall { code: 0, signal: null }
3668 silly ADD node_modules/is-weakset
3669 silly ADD node_modules/is-weakmap
3670 silly ADD node_modules/is-map
3671 silly ADD node_modules/generator-function
3672 silly ADD node_modules/async-function
3673 silly ADD node_modules/which-collection
3674 silly ADD node_modules/is-generator-function
3675 silly ADD node_modules/is-finalizationregistry
3676 silly ADD node_modules/is-async-function
3677 silly ADD node_modules/is-number-object
3678 silly ADD node_modules/is-boolean-object
3679 silly ADD node_modules/is-bigint
3680 silly ADD node_modules/isexe
3681 silly ADD node_modules/punycode
3682 silly ADD node_modules/escalade
3683 silly ADD node_modules/napi-postinstall
3684 silly ADD node_modules/@unrs/resolver-binding-darwin-arm64
3685 silly ADD node_modules/which-boxed-primitive
3686 silly ADD node_modules/has-bigints
3687 silly ADD node_modules/@typescript-eslint/tsconfig-utils
3688 silly ADD node_modules/@typescript-eslint/project-service
3689 silly ADD node_modules/@typescript-eslint/types
3690 silly ADD node_modules/ts-api-utils
3691 silly ADD node_modules/@typescript-eslint/visitor-keys
3692 silly ADD node_modules/@typescript-eslint/visitor-keys/node_modules/eslint-visitor-keys
3693 silly ADD node_modules/@typescript-eslint/type-utils
3694 silly ADD node_modules/@typescript-eslint/scope-manager
3695 silly ADD node_modules/@typescript-eslint/utils
3696 silly ADD node_modules/@typescript-eslint/typescript-estree
3697 silly ADD node_modules/@typescript-eslint/typescript-estree/node_modules/balanced-match
3698 silly ADD node_modules/@typescript-eslint/typescript-estree/node_modules/brace-expansion
3699 silly ADD node_modules/@typescript-eslint/typescript-estree/node_modules/semver
3700 silly ADD node_modules/@typescript-eslint/typescript-estree/node_modules/minimatch
3701 silly ADD node_modules/@typescript-eslint/parser
3702 silly ADD node_modules/@typescript-eslint/eslint-plugin
3703 silly ADD node_modules/@typescript-eslint/eslint-plugin/node_modules/ignore
3704 silly ADD node_modules/which-builtin-type
3705 silly ADD node_modules/reflect.getprototypeof
3706 silly ADD node_modules/for-each
3707 silly ADD node_modules/strip-bom
3708 silly ADD node_modules/minimist
3709 silly ADD node_modules/@types/json5
3710 silly ADD node_modules/is-number
3711 silly ADD node_modules/has-flag
3712 silly ADD node_modules/client-only
3713 silly ADD node_modules/side-channel-weakmap
3714 silly ADD node_modules/side-channel-map
3715 silly ADD node_modules/side-channel-list
3716 silly ADD node_modules/shebang-regex
3717 silly ADD node_modules/@img/sharp-libvips-darwin-arm64
3718 silly ADD node_modules/@img/sharp-darwin-arm64
3719 silly ADD node_modules/@img/colour
3720 silly ADD node_modules/isarray
3721 silly ADD node_modules/queue-microtask
3722 silly ADD node_modules/supports-preserve-symlinks-flag
3723 silly ADD node_modules/path-parse
3724 silly ADD node_modules/node-exports-info
3725 silly ADD node_modules/scheduler
3726 silly ADD node_modules/react-is
3727 silly ADD node_modules/object-assign
3728 silly ADD node_modules/loose-envify
3729 silly ADD node_modules/nanoid
3730 silly ADD node_modules/callsites
3731 silly ADD node_modules/yocto-queue
3732 silly ADD node_modules/p-limit
3733 silly ADD node_modules/word-wrap
3734 silly ADD node_modules/fast-levenshtein
3735 silly ADD node_modules/deep-is
3736 silly ADD node_modules/tslib
3737 silly ADD node_modules/styled-jsx
3738 silly ADD node_modules/sharp
3739 silly ADD node_modules/sharp/node_modules/semver
3740 silly ADD node_modules/@swc/helpers
3741 silly ADD node_modules/@next/swc-darwin-arm64
3742 silly ADD node_modules/@next/env
3743 silly ADD node_modules/concat-map
3744 silly ADD node_modules/balanced-match
3745 silly ADD node_modules/brace-expansion
3746 silly ADD node_modules/to-regex-range
3747 silly ADD node_modules/fill-range
3748 silly ADD node_modules/picomatch
3749 silly ADD node_modules/braces
3750 silly ADD node_modules/yallist
3751 silly ADD node_modules/p-locate
3752 silly ADD node_modules/lightningcss-darwin-arm64
3753 silly ADD node_modules/detect-libc
3754 silly ADD node_modules/type-check
3755 silly ADD node_modules/prelude-ls
3756 silly ADD node_modules/language-subtag-registry
3757 silly ADD node_modules/json-buffer
3758 silly ADD node_modules/argparse
3759 silly ADD node_modules/set-function-name
3760 silly ADD node_modules/is-extglob
3761 silly ADD node_modules/side-channel
3762 silly ADD node_modules/resolve-from
3763 silly ADD node_modules/parent-module
3764 silly ADD node_modules/hermes-estree
3765 silly ADD node_modules/resolve-pkg-maps
3766 silly ADD node_modules/dunder-proto
3767 silly ADD node_modules/is-document.all
3768 silly ADD node_modules/functions-have-names
3769 silly ADD node_modules/keyv
3770 silly ADD node_modules/flatted
3771 silly ADD node_modules/path-exists
3772 silly ADD node_modules/locate-path
3773 silly ADD node_modules/flat-cache
3774 silly ADD node_modules/reusify
3775 silly ADD node_modules/run-parallel
3776 silly ADD node_modules/fastq
3777 silly ADD node_modules/@nodelib/fs.scandir
3778 silly ADD node_modules/micromatch
3779 silly ADD node_modules/merge2
3780 silly ADD node_modules/@nodelib/fs.walk
3781 silly ADD node_modules/@nodelib/fs.stat
3782 silly ADD node_modules/acorn-jsx
3783 silly ADD node_modules/acorn
3784 silly ADD node_modules/esrecurse
3785 silly ADD node_modules/update-browserslist-db
3786 silly ADD node_modules/node-releases
3787 silly ADD node_modules/electron-to-chromium
3788 silly ADD node_modules/caniuse-lite
3789 silly ADD node_modules/baseline-browser-mapping
3790 silly ADD node_modules/@babel/helper-string-parser
3791 silly ADD node_modules/@babel/helper-globals
3792 silly ADD node_modules/@babel/helper-module-imports
3793 silly ADD node_modules/lru-cache
3794 silly ADD node_modules/browserslist
3795 silly ADD node_modules/@babel/helper-validator-option
3796 silly ADD node_modules/@babel/compat-data
3797 silly ADD node_modules/jsesc
3798 silly ADD node_modules/picocolors
3799 silly ADD node_modules/js-tokens
3800 silly ADD node_modules/@babel/helper-validator-identifier
3801 silly ADD node_modules/json5
3802 silly ADD node_modules/gensync
3803 silly ADD node_modules/convert-source-map
3804 silly ADD node_modules/@babel/types
3805 silly ADD node_modules/@babel/traverse
3806 silly ADD node_modules/@babel/template
3807 silly ADD node_modules/@babel/helpers
3808 silly ADD node_modules/@babel/helper-module-transforms
3809 silly ADD node_modules/@babel/helper-compilation-targets
3810 silly ADD node_modules/@babel/generator
3811 silly ADD node_modules/@babel/code-frame
3812 silly ADD node_modules/zod-validation-error
3813 silly ADD node_modules/zod
3814 silly ADD node_modules/hermes-parser
3815 silly ADD node_modules/@babel/parser
3816 silly ADD node_modules/@babel/core
3817 silly ADD node_modules/iterator.prototype
3818 silly ADD node_modules/string.prototype.repeat
3819 silly ADD node_modules/string.prototype.matchall
3820 silly ADD node_modules/prop-types
3821 silly ADD node_modules/object.entries
3822 silly ADD node_modules/estraverse
3823 silly ADD node_modules/es-iterator-helpers
3824 silly ADD node_modules/array.prototype.tosorted
3825 silly ADD node_modules/array.prototype.findlast
3826 silly ADD node_modules/string.prototype.includes
3827 silly ADD node_modules/language-tags
3828 silly ADD node_modules/jsx-ast-utils
3829 silly ADD node_modules/emoji-regex
3830 silly ADD node_modules/damerau-levenshtein
3831 silly ADD node_modules/axobject-query
3832 silly ADD node_modules/axe-core
3833 silly ADD node_modules/ast-types-flow
3834 silly ADD node_modules/aria-query
3835 silly ADD node_modules/is-symbol
3836 silly ADD node_modules/is-date-object
3837 silly ADD node_modules/es-abstract-get
3838 silly ADD node_modules/has-tostringtag
3839 silly ADD node_modules/possible-typed-array-names
3840 silly ADD node_modules/which-typed-array
3841 silly ADD node_modules/unbox-primitive
3842 silly ADD node_modules/typed-array-length
3843 silly ADD node_modules/typed-array-byte-offset
3844 silly ADD node_modules/typed-array-byte-length
3845 silly ADD node_modules/typed-array-buffer
3846 silly ADD node_modules/string.prototype.trimstart
3847 silly ADD node_modules/string.prototype.trim
3848 silly ADD node_modules/stop-iteration-iterator
3849 silly ADD node_modules/set-proto
3850 silly ADD node_modules/safe-regex-test
3851 silly ADD node_modules/safe-push-apply
3852 silly ADD node_modules/safe-array-concat
3853 silly ADD node_modules/regexp.prototype.flags
3854 silly ADD node_modules/own-keys
3855 silly ADD node_modules/object.assign
3856 silly ADD node_modules/object-inspect
3857 silly ADD node_modules/is-weakref
3858 silly ADD node_modules/is-typed-array
3859 silly ADD node_modules/is-shared-array-buffer
3860 silly ADD node_modules/is-set
3861 silly ADD node_modules/is-regex
3862 silly ADD node_modules/is-negative-zero
3863 silly ADD node_modules/is-data-view
3864 silly ADD node_modules/is-callable
3865 silly ADD node_modules/is-array-buffer
3866 silly ADD node_modules/internal-slot
3867 silly ADD node_modules/has-symbols
3868 silly ADD node_modules/has-proto
3869 silly ADD node_modules/globalthis
3870 silly ADD node_modules/get-symbol-description
3871 silly ADD node_modules/get-proto
3872 silly ADD node_modules/function.prototype.name
3873 silly ADD node_modules/es-to-primitive
3874 silly ADD node_modules/es-set-tostringtag
3875 silly ADD node_modules/data-view-byte-offset
3876 silly ADD node_modules/data-view-byte-length
3877 silly ADD node_modules/data-view-buffer
3878 silly ADD node_modules/available-typed-arrays
3879 silly ADD node_modules/arraybuffer.prototype.slice
3880 silly ADD node_modules/array-buffer-byte-length
3881 silly ADD node_modules/gopd
3882 silly ADD node_modules/object-keys
3883 silly ADD node_modules/has-property-descriptors
3884 silly ADD node_modules/define-data-property
3885 silly ADD node_modules/function-bind
3886 silly ADD node_modules/set-function-length
3887 silly ADD node_modules/get-intrinsic
3888 silly ADD node_modules/es-define-property
3889 silly ADD node_modules/call-bind-apply-helpers
3890 silly ADD node_modules/es-errors
3891 silly ADD node_modules/math-intrinsics
3892 silly ADD node_modules/is-string
3893 silly ADD node_modules/es-shim-unscopables
3894 silly ADD node_modules/es-object-atoms
3895 silly ADD node_modules/es-abstract
3896 silly ADD node_modules/define-properties
3897 silly ADD node_modules/call-bound
3898 silly ADD node_modules/call-bind
3899 silly ADD node_modules/tsconfig-paths
3900 silly ADD node_modules/tsconfig-paths/node_modules/json5
3901 silly ADD node_modules/string.prototype.trimend
3902 silly ADD node_modules/semver
3903 silly ADD node_modules/object.values
3904 silly ADD node_modules/object.groupby
3905 silly ADD node_modules/object.fromentries
3906 silly ADD node_modules/hasown
3907 silly ADD node_modules/eslint-module-utils
3908 silly ADD node_modules/eslint-module-utils/node_modules/debug
3909 silly ADD node_modules/doctrine
3910 silly ADD node_modules/array.prototype.flatmap
3911 silly ADD node_modules/array.prototype.flat
3912 silly ADD node_modules/array.prototype.findlastindex
3913 silly ADD node_modules/array-includes
3914 silly ADD node_modules/@rtsao/scc
3915 silly ADD node_modules/unrs-resolver
3916 silly ADD node_modules/tinyglobby
3917 silly ADD node_modules/tinyglobby/node_modules/picomatch
3918 silly ADD node_modules/tinyglobby/node_modules/fdir
3919 silly ADD node_modules/stable-hash
3920 silly ADD node_modules/is-bun-module
3921 silly ADD node_modules/is-bun-module/node_modules/semver
3922 silly ADD node_modules/get-tsconfig
3923 silly ADD node_modules/@nolyfill/is-core-module
3924 silly ADD node_modules/resolve
3925 silly ADD node_modules/is-core-module
3926 silly ADD node_modules/fast-glob
3927 silly ADD node_modules/fast-glob/node_modules/glob-parent
3928 silly ADD node_modules/typescript-eslint
3929 silly ADD node_modules/eslint-plugin-react-hooks
3930 silly ADD node_modules/eslint-plugin-react
3931 silly ADD node_modules/eslint-plugin-jsx-a11y
3932 silly ADD node_modules/eslint-plugin-import
3933 silly ADD node_modules/eslint-plugin-import/node_modules/debug
3934 silly ADD node_modules/eslint-import-resolver-typescript
3935 silly ADD node_modules/eslint-import-resolver-node
3936 silly ADD node_modules/eslint-import-resolver-node/node_modules/debug
3937 silly ADD node_modules/@next/eslint-plugin-next
3938 silly ADD node_modules/@next/eslint-plugin-next/node_modules/eslint-visitor-keys
3939 silly ADD node_modules/@next/eslint-plugin-next/node_modules/@eslint-community/eslint-utils
3940 silly ADD node_modules/ms
3941 silly ADD node_modules/which
3942 silly ADD node_modules/shebang-command
3943 silly ADD node_modules/path-key
3944 silly ADD node_modules/color-name
3945 silly ADD node_modules/color-convert
3946 silly ADD node_modules/supports-color
3947 silly ADD node_modules/ansi-styles
3948 silly ADD node_modules/uri-js
3949 silly ADD node_modules/json-schema-traverse
3950 silly ADD node_modules/fast-json-stable-stringify
3951 silly ADD node_modules/@humanfs/types
3952 silly ADD node_modules/@humanfs/core
3953 silly ADD node_modules/levn
3954 silly ADD node_modules/strip-json-comments
3955 silly ADD node_modules/js-yaml
3956 silly ADD node_modules/import-fresh
3957 silly ADD node_modules/globals
3958 silly ADD node_modules/@types/json-schema
3959 silly ADD node_modules/@eslint/object-schema
3960 silly ADD node_modules/optionator
3961 silly ADD node_modules/natural-compare
3962 silly ADD node_modules/minimatch
3963 silly ADD node_modules/lodash.merge
3964 silly ADD node_modules/json-stable-stringify-without-jsonify
3965 silly ADD node_modules/is-glob
3966 silly ADD node_modules/imurmurhash
3967 silly ADD node_modules/ignore
3968 silly ADD node_modules/glob-parent
3969 silly ADD node_modules/find-up
3970 silly ADD node_modules/file-entry-cache
3971 silly ADD node_modules/fast-deep-equal
3972 silly ADD node_modules/esutils
3973 silly ADD node_modules/esquery
3974 silly ADD node_modules/espree
3975 silly ADD node_modules/eslint-visitor-keys
3976 silly ADD node_modules/eslint-scope
3977 silly ADD node_modules/escape-string-regexp
3978 silly ADD node_modules/debug
3979 silly ADD node_modules/cross-spawn
3980 silly ADD node_modules/chalk
3981 silly ADD node_modules/ajv
3982 silly ADD node_modules/@types/estree
3983 silly ADD node_modules/@humanwhocodes/retry
3984 silly ADD node_modules/@humanwhocodes/module-importer
3985 silly ADD node_modules/@humanfs/node
3986 silly ADD node_modules/@eslint/plugin-kit
3987 silly ADD node_modules/@eslint/js
3988 silly ADD node_modules/@eslint/eslintrc
3989 silly ADD node_modules/@eslint/core
3990 silly ADD node_modules/@eslint/config-helpers
3991 silly ADD node_modules/@eslint/config-array
3992 silly ADD node_modules/@eslint-community/regexpp
3993 silly ADD node_modules/@eslint-community/eslint-utils
3994 silly ADD node_modules/@eslint-community/eslint-utils/node_modules/eslint-visitor-keys
3995 silly ADD node_modules/tapable
3996 silly ADD node_modules/graceful-fs
3997 silly ADD node_modules/csstype
3998 silly ADD node_modules/undici-types
3999 silly ADD node_modules/@tailwindcss/oxide-darwin-arm64
4000 silly ADD node_modules/@jridgewell/resolve-uri
4001 silly ADD node_modules/@jridgewell/sourcemap-codec
4002 silly ADD node_modules/@jridgewell/trace-mapping
4003 silly ADD node_modules/@jridgewell/gen-mapping
4004 silly ADD node_modules/source-map-js
4005 silly ADD node_modules/magic-string
4006 silly ADD node_modules/lightningcss
4007 silly ADD node_modules/jiti
4008 silly ADD node_modules/enhanced-resolve
4009 silly ADD node_modules/@jridgewell/remapping
4010 silly ADD node_modules/postcss
4011 silly ADD node_modules/@tailwindcss/oxide
4012 silly ADD node_modules/@tailwindcss/node
4013 silly ADD node_modules/@alloc/quick-lru
4014 silly ADD node_modules/typescript
4015 silly ADD node_modules/tailwindcss
4016 silly ADD node_modules/react-dom
4017 silly ADD node_modules/react
4018 silly ADD node_modules/next
4019 silly ADD node_modules/next/node_modules/postcss
4020 silly ADD node_modules/eslint-config-next
4021 silly ADD node_modules/eslint-config-next/node_modules/globals
4022 silly ADD node_modules/eslint
4023 silly ADD node_modules/@types/react-dom
4024 silly ADD node_modules/@types/react
4025 silly ADD node_modules/@types/node
4026 silly ADD node_modules/@tailwindcss/postcss
4027 warn allow-scripts 1 package has install scripts not yet covered by allowScripts:
4027 warn allow-scripts   unrs-resolver@1.12.2 (postinstall: node postinstall.js)
4027 warn allow-scripts
4027 warn allow-scripts Run `npm approve-scripts --allow-scripts-pending` to review, or `npm approve-scripts <pkg>` to allow.
4028 verbose cwd /Users/schayan/Documents/Codex/2026-09-27/familaire-yourself-with-and-and-then/cardfolio
4029 verbose os Darwin 25.6.0
4030 verbose node v24.19.0
4031 verbose npm  v11.17.0
4032 notice
4032 notice New major version of npm available! 11.17.0 -> 12.1.0
4032 notice Changelog: https://github.com/npm/cli/releases/tag/v12.1.0
4032 notice To update run: npm install -g npm@12.1.0
4032 notice  { force: true, Symbol(proc-log.meta): true }
4033 verbose exit 0
4034 info ok
